0,TEXT_LOTTERYEXCHANGESHOPEUREKA1CRYSTAL_UI_TITLE,水晶分解
1,TEXT_LOTTERYEXCHANGESHOPEUREKA1CRYSTAL_UI_SUBTITLE,
2,TEXT_LOTTERYEXCHANGESHOPEUREKA1CRYSTAL_UI_NOITEM,沒有能夠分解的水晶。
3,TEXT_LOTTERYEXCHANGESHOPEUREKA1CRYSTAL_RESULT_UI_TITLE,水晶分解結果
4,TEXT_LOTTERYEXCHANGESHOPEUREKA1CRYSTAL_RESULT_UI_SUBTITLE,
5,TEXT_LOTTERYEXCHANGESHOPEUREKA1CRYSTAL_RESULT_UI_NEXT,繼續分解
6,TEXT_LOTTERYEXCHANGESHOPEUREKA1CRYSTAL_CONFIRM_SINGLE,"確定要分解嗎？

還可以分解UNKNOWN次。（持有數量：UNKNOWN）"
7,TEXT_LOTTERYEXCHANGESHOPEUREKA1CRYSTAL_CONFIRM_MULTI,"確定要分解×UNKNOWN嗎？

還可以分解UNKNOWN次。（持有數量：UNKNOWN）"
