#,Unknown0
0,
1,收回物品
2,+ 貼上 刪除 虛擬鍵盤
3,改變隊員排列順序  次要指令
4,開始搜尋
5,次要指令 購買 選擇要出售的道具
6,次要指令  文本指令一覽
7,次要指令  寫新郵件
8,次要指令
9,次要指令  返回
10,選擇附件道具
11,在任務清單中優先顯示或隱藏  捲動查看詳細情報
12,次要指令  返回
13,
14,
15,設置快速鍵  發動
16,裝備欄次要指令
17,捲動  切換地圖類型  + 縮放  切換地圖
18,捲動  切換地圖類型  + 切換  + 縮放  切換地圖
19,次要指令
20,次要指令
21,次要指令
22,次要指令
23,次要指令  選擇交易道具
24,出售  次要指令
25,次要指令  選擇出售商品
26,次要指令
27,次要指令
28,次要指令  返回
29,次要指令  返回
30,確認接受  查看日誌  捲動查看詳細情報
31,搜尋
32,次要指令  查看市場情況  返回
33,次要指令  查看市場情況  返回  翻頁
34,次要指令
35,重新讀取隊員招募清單　次要指令　查看詳情
36,開始搜尋
37,在各個職能間依次切換　指定具體職業
38,次要指令  交換
39,次要指令
40,次要指令  確定  關閉
41,
42,
43,捲動  切換地圖類型  + 縮放  傳送
44,次要指令
45, 次要指令
46,次要指令  編輯巨集指令  捲動查看詳細情報
47,選擇  返回列表
48,解除選擇  切換到物品視窗
49,切換到物品視窗
50,次要指令  搜尋道具
51,移動  旋轉  + 縮放
52,切換列表
53,捲動查看詳細情報
54,取消選擇
55,移動到個人房間  查看個人房間資料
56,訓練  次要指令
57,訓練  次要指令
58,顯示探索記錄 次要指令
59,顯示風景印象 次要指令
60,設置快速鍵  召喚
61,次要指令
62,切換表示方式  次要指令
63,次要指令
64,確定
65,次要指令  選擇
66,次要指令
67,次要指令  選擇消息視窗  放大消息視窗
68,選擇消息視窗  放大消息視窗
69,設置到擴展技能欄中
70,次要指令  選擇
71,更換裝備  次要指令  切換部位
72,次要指令  選擇消息視窗  切換所選分欄  放大消息視窗
73,次要指令  返回聊天操作  放大消息視窗
74,次要指令  返回聊天操作  將消息視窗恢復原尺寸
75,履歷 + 貼上 刪除 指定文字 虛擬鍵盤
76,返回  前進  指定文字
77,次要指令  應用
78,應用  刪除設定　
79,跳過劇情  取消
80,選擇職業分類
81,次要指令  設定搜尋條件
82,順序移動  確定  取消
83,移動  確定  取消
84,編輯公會公告
85,次要指令
86,讀取線上狀態  次要指令
87,應用
88,應用
89,次要指令  應用
90,次要指令  返回
91,次要指令  返回
92,次要指令  返回
93,放入兵裝庫  次要指令
94,次要指令  切換部位
95,從物品欄中取出  切換部位
96,次要指令  切換部位  返回
97,次要指令  切換部位  返回
98,次要指令  切換部位  返回
99,次要指令  切換部位  返回
100,次要指令  切換部位  返回
101,次要指令  切換部位  返回
102,裝備欄次要指令
103,選擇分類
104,次要指令  翻頁
105,讀取線上狀態  次要指令  翻頁
106,捲動查看詳細情報
107,使用  次要指令
108,設置快速鍵
109,選擇  確定參加並關閉視窗  捲動查看詳細情報
110,返回附件道具
111,選擇交易道具
112,捲動
113,次要指令  選擇要放入的道具
114,移動  確定  取消
115,取出  選擇要放入的道具
116,次要指令  返回
117,次要指令  切換部位  返回
118,設置快速鍵
119,次要指令
120,穿脫裝備
121,隨機選擇
122,選擇用色  隨機選擇
123,選擇  隨機選擇
124,捲動查看詳細情報
125,移動  確定
126,應用
127,選擇要放入的道具
128,次要指令  選擇消息視窗  將消息視窗恢復原尺寸
129,縮放視窗  切換顯示內容
130,次要指令  查看內容
131,顯示典型釣場
132,捲動查看地圖
133,捲動查看地圖  打開魚類圖鑑
134,選擇消息視窗  切換所選分欄  放大消息視窗
135,選擇消息視窗  將消息視窗恢復原尺寸
136,選擇要放入的道具
137,撤銷變更部分
138,次要指令  傢俱清單
139,次要指令 物品 切換已佈置/倉庫
140,移動
141,移動  轉向  + 縮放
142,裝備欄次要指令  移動  轉向  + 縮放
143,設置快速鍵
144,次要指令  選擇消息視窗  切換所選分欄
145,次要指令  返回
146,選擇消息視窗  切換所選分欄
147,切換消息欄
148,返回聊天操作  放大消息視窗
149,返回聊天操作  將消息視窗恢復原尺寸
150,捲動  切換地圖類型  + 縮放
151,次要指令
152,返回
153,選擇消息視窗  切換所選分欄
154,選擇職業
155,選擇分類  次要指令  開始製作
156,次要指令  開始製作
157,選擇關閉按鈕
158,選擇關閉按鈕
159,次要指令
160,次要指令
161,次要指令
162,裝備欄次要指令  移動  轉向  + 縮放
163,捲動  切換地圖類型  + 縮放  + 地圖連結
164,捲動  切換地圖類型  ＋ 切換  + 縮放  + 地圖連結
165,隨機選擇號碼
166,次要指令
167,次要指令
168,隨機選詞
169,次要指令
170,規則
171,次要指令  選擇道具
172,選擇關閉按鈕
173,"------------------------
lua 5.1.4 / MIT License
------------------------
Copyright (C) 1994-2008 Lua.org, PUC-Rio.

Permission is hereby granted, free of charge, to any person obtaining a copy of this software and associated documentation files (the ""Software""), to deal in the Software without restriction, including without limitation the rights to use, copy, modify, merge, publish, distribute, sublicense, and/or sell copies of the Software, and to permit persons to whom the Software is furnished to do so, subject to the following conditions: 

The above copyright notice and this permission notice shall be included in all copies or substantial portions of the Software.

THE SOFTWARE IS PROVIDED ""AS IS"", WITHOUT WARRANTY OF ANY KIND, EXPRESS OR IMPLIED, INCLUDING BUT NOT LIMITED TO THE WARRANTIES OF MERCHANTABILITY, FITNESS FOR A PARTICULAR PURPOSE AND NONINFRINGEMENT. IN NO EVENT SHALL THE AUTHORS OR COPYRIGHT HOLDERS BE LIABLE FOR ANY CLAIM, DAMAGES OR OTHER LIABILITY, WHETHER IN AN ACTION OF CONTRACT, TORT OR OTHERWISE, ARISING FROM, OUT OF OR IN CONNECTION WITH THE SOFTWARE OR THE USE OR OTHER DEALINGS IN THE SOFTWARE.


------------------------
rsa-md5 / RSA Data Security License
------------------------
Copyright (C) 1991-2, RSA Data Security, Inc. Created 1991. All rights reserved.

License to copy and use this software is granted provided that it is identified as the ""RSA Data Security, Inc. MD5 Message-Digest Algorithm"" in all material mentioning or referencing this software or this function.

License is also granted to make and use derivative works provided that such works are identified as ""derived from the RSA Data Security, Inc. MD5 Message-Digest Algorithm"" in all material mentioning or referencing the derived work.

RSA Data Security, Inc. makes no representations concerning either the merchantability of this software or the suitability of this software for any particular purpose. It is provided ""as is"" without express or implied warranty of any kind.

These notices must be retained in any copies of any part of this documentation and/or software. 


------------------------
SHA-1 (Internet Society)
------------------------
Copyright (C) The Internet Society (2001). All Rights Reserved.

This document and translations of it may be copied and furnished to others, and derivative works that comment on or otherwise explain it or assist in its implementation may be prepared, copied, published and distributed, in whole or in part, without restriction of any kind, provided that the above copyright notice and this paragraph are included on all such copies and derivative works. However, this document itself may not be modified in any way, such as by removing the copyright notice or references to the Internet Society or other Internet organizations, except as needed for the purpose of developing Internet standards in which case the procedures for copyrights defined in the Internet Standards process must be followed, or as required to translate it into languages other than English.

The limited permissions granted above are perpetual and will not be revoked by the Internet Society or its successors or assigns.

This document and the information contained herein is provided on an ""AS IS"" basis and THE INTERNET SOCIETY AND THE INTERNET ENGINEERING TASK FORCE DISCLAIMS ALL WARRANTIES, EXPRESS OR IMPLIED, INCLUDING BUT NOT LIMITED TO ANY WARRANTY THAT THE USE OF THE INFORMATION HEREIN WILL NOT INFRINGE ANY RIGHTS OR ANY IMPLIED WARRANTIES OF MERCHANTABILITY OR FITNESS FOR A PARTICULAR PURPOSE.

Acknowledgement

Funding for the RFC Editor function is currently provided by the Internet Society.


----------------
zstream.h (zlib)
----------------
Copyright (c) 1997
Christian Michelsen Research AS
Advanced Computing
Fantoftvegen 38, 5036 BERGEN, Norway
http://www.cmr.no

Permission to use, copy, modify, distribute and sell this software and its documentation for any purpose is hereby granted without fee, provided that the above copyright notice appear in all copies and that both that copyright notice and this permission notice appear in supporting documentation. Christian Michelsen Research AS makes no representations about the suitability of this software for any purpose. It is provided ""as is"" without express or implied warranty.


------
LIBRARY FOR DUALSHOCK®4 & DualSense™ WIRELESS CONTROLLER
------
""DUALSHOCK"" and ""DualSense"" are registered trademarks or trademarks of Sony Interactive Entertainment Inc.
Library programs for DUALSHOCK®4 and DualSense™ wireless controllers © 2021 Sony Interactive Entertainment Inc."
174,選擇分類
175,切換工程  次要指令
176,切換工程  次要指令
177,取消  出發
178,次要指令
179,選擇 關閉 確定並關閉
180,履歷 + 貼上 刪除 虛擬鍵盤
181,次要指令 保存更改並關閉
182,保存更改並關閉
183,次要指令  打開寵物一覽
184,召喚
185,捲動查看説明資訊
186,設置快速鍵  編輯寵物快速鍵  召喚
187,"**掌握住各種設施的功能**
**　＜奧秘核石＞**
　　我方與敵方分別設有三個核石，
　　將敵方的核石全部破壞便可以取得勝利。
**　＜萌寵之門＞**
　　召喚寵物時可以選擇使用哪個門來召喚。
　　我方的寵物進入我方的萌寵之門時會恢復HP。
　　即使門被破壞了也能召喚寵物，不過這樣一來寵物就無法移動到門外了。
　　而且門外的寵物也無法移動到門內了。
**　＜探索眼＞**
　　可以顯示出敵方寵物情況的設施。
　　如果遭到破壞，便無法觀察到遠離我方的敵方寵物。
**　＜防禦盾＞**
　　保護奧秘核石的設施。
　　遭到破壞之後，核石所受到的傷害會增加。

**關於設施的破壞與重啟**
　奧秘核石之外的設施在遭到攻擊時會暫時停止功能的運作。
　經過一段時間之後會通過重啟來恢復原本的功能。
　※重啟過程中將我方的寵物放到設施附近能夠縮短重啟的時間。

**靈活運用設施特效**
　在對設施發起攻擊時，有特定的寵物會對特定的設施有更好的效果。
　為了應對各種設施，準備好相應的寵物才是上策。

**使用特殊技來瞬間逆轉**
　滿足下列兩個條件時可以發動特殊技。
　　·附近聚集了4隻或更多的同一種寵物
　　·聚集的4隻寵物都累積了特殊技點數
　　（「特殊技點數」會隨時間經過而增加）
　滿足條件之後選中某一隻寵物，
　可以在功能表裡選擇「發動特殊技」來發動。

**靈活使用陷阱**
　有部分寵物的特殊技是在場地上設下「陷阱」。
　設好的陷阱在10秒後會開始起效。
　此時在功能表中選擇「發動陷阱」來發動。
　※每次只能設置一個陷阱。

**控制器操作模式**
**　＜選擇寵物＞**
　　·選擇單個寵物
　　　+ 　：選擇寵物小隊列表中的寵物
　　·選擇多個寵物
　　　　　　：打開選擇圈並選中圈內的寵物
**　＜特殊功能＞**
　　·整體操作
　　　　　　：切換萌寵之門
　　　　　　：切換顯示寵物小隊清單
　　　　　　：選擇召喚預約列表
　　　+ 　：發動特殊技
　　　+ 　：移動地圖上的指標指標
　　　+   ：重置指標指針的位置
　　　　：顯示遊戲內説明
　　·選擇寵物的操作
　　　+ 　：選擇目前選中寵物附近的同種類寵物
　　　+ 　：選擇目前選中寵物附近的所有我方寵物
　　　+ 　：選擇與目前選中寵物同種類的所有我方寵物
　　·小地圖操作
　　　按住　：記憶地圖跳躍點（鬆開後會移動到該地點）
　　　+ 　：移動地圖跳躍點
　　　+ 　：重置地圖跳躍點

**滑鼠操作模式**
**　＜選擇寵物＞**
　　左鍵按一下：選擇單個寵物
　　　　　　　　 ※左鍵按一下已選中的寵物時
　　　　　　　　　 會選中附近的同種類寵物。
　　左鍵拖曳：選擇範圍內的所有寵物

**鍵盤快捷鍵**
　在萌寵之王中可以對以下功能進行鍵位設置。
　　打開選擇圈　　：跳躍
　　切換萌寵之門　：拔出/收回武器
　　萌寵之王列表　：寵物一覽"
188,選擇  出港探索  捲動查看詳細情報
189,改變指令排列順序或層級 顯示/不顯示 應用
190,次要指令
191,改變排列順序 改變層級 確定 顯示/不顯示 應用
192,選擇分類 試聽 設為房屋背景樂曲 次要指令
193,選擇分類 設為房屋背景樂曲 停止試聽 次要指令
194,選擇分類 不再設為房屋背景樂曲 次要指令
195,選擇分類 設為房屋背景樂曲 次要指令
196,購回
197,裝備欄次要指令
198,移動 旋轉 + 縮放
199,裝備欄次要指令 移動 旋轉 + 縮放
200,選擇 開始 捲動查看詳細情報
201,選擇分類
202,次要指令 切換選擇列表
203,改變職能排列順序  應用
204,順序移動 確定 應用
205,選擇 確定參加並關閉視窗 捲動查看詳細情報
206,次要指令 查看內容
207,關閉 捲動
208,關閉 捲動查看詳細情報
209,次要指令 確定 取消
210,次要指令 確定 取消
211,試聽 設為房屋背景樂曲 次要指令
212,設為房屋背景樂曲 停止試聽 次要指令
213,不再設為房屋背景樂曲 次要指令
214,組編分隊
215,確定  關閉
216,次要指令
217,次要指令
218,次要指令
219,定点カメラの切り替え メニュー表示
220,移動到公寓房間  查看公寓房間資料
221,次要指令
222,次要指令
223,捲動  + 縮放  切換固定視角
224,次要指令
225,次要指令 環境切換
226,關閉 捲動
227,選擇分類 添加 次要指令
228,次要指令
229,次要指令
230,裝備欄次要指令
231,裝備欄次要指令 移動 旋轉 + 縮放
232,次要指令
233,次要指令
234,次要指令
235,設置快速鍵  發動
236,設置PvP額外技能
237,次要指令 選擇
238,移動 確定
239,捲動 切換地圖類型 + 切換 + 縮放
240,設置PvP特性
241,次要指令
242,選擇放棄按鈕
243,選擇關閉按鈕
244,捲動 關閉
245,組編分隊
246,讀取線上狀態  次要指令
247,"禁止通過樂器演奏功能侵犯協力廠商的權利。

玩家可在«FINAL FANTASY XIV»版權與使用者協議的允許範圍內上傳自己的演奏作品，
但無權阻止他人散播或使用自己的作品。

"
248,次要指令
249,開始遊戲/結束遊戲
250,開始遊戲/再次挑戰 關閉
251,次要指令  選擇要放入的道具
252,移動  決定  取消
253,次要指令  返回
254,次要指令  返回
255,次要指令  切換部位  返回
256,應用
257,增加該屬性的魔素石　減少該屬性的魔素石
258, 切換焦點   次要指令
259, 切換焦點   次要指令
260, 次要指令
261, 返回投影範本
262,次要指令　返回投影範本
263, 次要指令 移動 轉向 + 縮放
264, 次要指令
265,次要指令
266,次要指令
267,關閉
268,次要指令
269,全部勾選/全部解除
270,次要指令
271,取消　選擇道具
272,次要指令  返回
273,捲動查看詳細情報
274,次要指令
275,次要指令 移動常用清單中情感動作的位置
276,選擇出讓的道具
277,召喚/收回 次要指令 編輯寵物快速鍵
278,召喚/收回 次要指令 移動常用清單中寵物的位置
279,移動 確定 取消
280,履歷 + 貼上 虛擬鍵盤
281,移動 召喚/收回 次要指令
282,召喚 次要指令
283,召喚 次要指令 移動常用清單中坐騎的位置
284,移動 確定 取消
285,履歷 + 貼上 虛擬鍵盤
286,移動 召喚 次要指令
287,移動 確定 取消
288,召喚/收回 次要指令
289,寫新郵件
290,次要指令  領取
291,設置有效技能
292,次要指令  改變位置
293,移動  確定  取消
294,關閉
295,次要指令  放入  融合器  文理技能
296,使用  關閉
297,選擇文理碎晶  次要指令
298,次要指令
299,次要指令  融合器
300,選擇文理碎晶  關閉
301,次要指令
302,次要指令
303,查看個人房間資料
304,查看公寓房間資料
305,刪除 虛擬鍵盤
306,次要指令
307,召喚 設置快速鍵 編輯寵物快速鍵
308,召喚 設置快速鍵
309,召喚 設置快速鍵
310,切換關卡信息
311,確定 捲動查看詳細情報
312,確定
313,鳴牌設定切換 協助工具
314,讀取線上狀態  次要指令  返回
315,切換關卡資訊　確認有效的異常狀態
316,選擇  次要指令
317,選擇 次要指令
318,捲動
319,選擇交易道具
320,隊員選定或解除
321,次要指令  隊員選定或解除
322,選中/解除  選中/解除組內其他項  確定
323,關閉 捲動查看詳細情報
324,選擇 關閉 確定並關閉 捲動查看詳細情報
325,移動到詳細情報  捲動查看詳細情報  次要指令
326,次要指令
327,次要指令 簡易採集 開啟/關閉
328,顯示詳細情報  捲動查看詳細情報  次要指令
329,次要指令
330,次要指令
331,次要指令 換頁
332,次要指令
333,設置快速鍵 執行
334,捲動查看詳細情報
335,次要指令
336,次要指令 返回製作介面 關閉
337,次要指令
338,次要指令  選擇
339,應用
340,次要指令 翻頁
341,次要指令
342,返回玩具箱
343,選擇關閉按鈕
344,次要指令 返回
345,次要指令 執行
346,使用  返回戰果情報
347,移動  翻開拼圖
348,放入失傳技能庫  次要指令  編輯失傳技能庫
349,使用  次要指令 返回戰果情報
350,放回失傳技能保管箱  次要指令 編輯失傳技能保管箱
351,返回戰果情報
352,編輯失傳技能保管箱
353,推薦
354,關閉
355,捲動查看詳細情報
356,次要指令
357,次要指令  交換
358,次要指令
359,地圖
360,
361,
362,
363,
364,
365,
366,
367,
368,
369,
370,
371,
372,
373,
374,
375,
376,
377,
378,
379,
380,
381,
382,
383,
384,
385,快速捲動 次要指令
386,履歷 + 貼上 刪除 虛擬鍵盤
387,領取獎勵  次要指令
388,次要指令
389,次要指令
390,選擇職業分類 次要指令
391,選擇職業分類  打開地圖
392,選擇目的地 傳送 轉為控制地圖
393,捲動 轉為控制列表
394,捲動 傳送 轉為控制列表
395,在各個職能間依次切換  指定具體職業  開始搜尋
396,全選/反選  開始搜尋
397,切換職能/單一職業
398,切換該區域全選/單一地點
399,確定並關閉
400,捲動 切換地圖類型 + 切換 + 縮放 傳送
401,次要指令 確定參加並關閉視窗 捲動查看詳細情報
402,返回列表 捲動查看詳細情報
403,次要指令 捲動查看詳細情報
404,捲動查看詳細情報
405, 次要指令 移動 轉向 + 縮放
406,確定進入並關閉視窗 編成小隊
407,隊員選定或解除 結束編成
408,親信戰友
409,"主線任務中需要前往的71級以上的迷宮
都可選擇與NPC同伴角色的**幻體**一同前往。
幻體可透過攻略迷宮而獲得經驗、升級。

**※使用「親信戰友」系統挑戰迷宮時部分寶箱中的內容會減少，
另外擊敗部分怪物時將無法獲得獎勵。**"
410,投影
411,"等級達到80級的幻體會開放**投影**功能。
可以在同伴選擇畫面上通過次要指令中的投影選項
對幻體的外觀進行修改。
投影開放後，同伴的詳細情報處的投影按鍵就會生效。"
412,幻體的限制
413,有些幻體無法前往全部的迷宮。
414,進入迷宮的兩種方法
415,"進入迷宮有兩種方法，
第一種是**和輔助隊員組成小隊單獨進入**，
第二種是**利用匹配功能與其他玩家組成小隊進入**。

當然，玩家也可以在進入迷宮前，事先與其他玩家組成小隊共同參與迷宮挑戰。
**不管以上述何種方式進入迷宮，均可參與迷宮挑戰**。

**※和輔助隊員挑戰迷宮時，為了平衡報酬獲得量，部分寶箱中的內容會減少。
另外擊敗部分怪物時將無法獲得獎勵。**"
416,劇情輔助器
417,"作為玩家，你可以憑藉**輔助隊員**的協助，**獨自挑戰迷宮**。
我們將這個系統稱呼為**劇情輔助器**。

可以使用劇情輔助器的迷宮，在入口處會設有**進入點和劇情輔助器可用的圖示**。
訪問進入點，選擇**和輔助隊員進入**後，
將會打開**劇情輔助器視窗**。

**輔助隊員的職業或特職**會根據你當前的職業或特職**自動調整**為最佳組合。
**按下進入按鈕後**就可以與NPC角色一同挑戰迷宮了！"
418,出發確認視窗
419,"**做好出發準備**後會有**聲音提示，並彈出視窗**。
**按下出發按鈕**就可以進行挑戰了！

**若沒有在限制時間內出發，將會取消參加，需要重新進行選擇。**"
420,可以挑戰的任務
421,"隨著你的冒險不斷推進，可以挑戰的迷宮、討伐殲滅戰的數量也會不斷增加。
**當前不可使用劇情輔助器的迷宮及任務**請多**利用任務搜尋器**參與挑戰！

此外成功挑戰過的迷宮、討伐殲滅戰也可以重複進行挑戰。
可以從**設定選單**的**任務情報**功能表選擇**任務搜尋器**
或**劇情輔助器**再次進行挑戰。"
422,編成小隊
423,"主線任務中需要前往的**71級以上**的迷宮、討伐殲滅戰
都可在**輔助隊員**一覽中**編成小隊**並出發挑戰。

可以通過點擊小隊成員來打開該任務**可同行的輔助隊員**視窗。"
424,次要指令
425,次要指令
426,
427,
428,任務搜尋器
429,"**任務搜尋器**是供**不同玩家**組成小隊
一起挑戰迷宮等任務的**便利功能**。
訪問進入點，選擇**與其他玩家一同進入**後，
將會打開**任務搜尋器視窗**。"
430,申請參加任務
431,"**勾選想要挑戰的迷宮名稱**，然後**按下參加按鈕**，
系統就會自動地將參加相同任務的玩家組成小隊。
這個過程被稱為**匹配**。

**※最多只能同時申請參加5個任務。

※帶有鎖頭圖案的任務表示當前狀態沒有完全符合參加條件，無法申請參加。**"
432,申請的預約狀況
433,"開始申請之後，目的清單中會出現搜尋器的圖示，可以隨時查看**預約狀況**。

預約狀況視窗中會顯示當前的隊伍情況和伺服器預約情況。"
434,出發確認視窗
435,"**匹配完成**時會有**聲音提示，並彈出視窗**。
**按下出發按鈕**就可以進行挑戰了！

**若沒有在限制時間內出發，將會取消參加，需要重新進行選擇。**"
436,可以挑戰的迷宮
437,"隨著你的冒險不斷推進，可以挑戰的迷宮數量也會不斷增加。
**當前不可使用劇情輔助器的迷宮及任務**請多**利用任務搜尋器**參與挑戰！

此外成功挑戰過的迷宮也可以重複進行挑戰。
可以從**設定選單**的**任務情報**功能表選擇**任務搜尋器**
或**劇情輔助器**再次進行挑戰。"
438,移動 旋轉 + 縮放
439,次要指令
440, 次要指令
441,任務回顧中的基本操作
442,"※鍵盤滑鼠模式顯示的是初始預設鍵位。
  
 **調整視角**
 [W,A,S,D]鍵（移動）／ 控制器
 
 **重置視角**
 [Z]鍵（拔出/收回武器）／ 鍵
 
 **切換注視目標**
 [tab,shift+tab]鍵／ 方向鍵上下左右
 
 **暫停／繼續**
 [space]鍵（跳躍）／ 鍵
 
 **開啟關閉操作功能表**
 [R]鍵、鍵（自動前進）／ 鍵"
443,任務記錄方法
444,"想要將攻略任務的過程記錄下來，需要滿足以下條件。
　1.任務記錄設定設為開啟
　2.進入的任務適用任務回顧功能
　3.以規定人數進入任務
　4.進行記錄準備確認

**1.任務記錄設定設為開啟**
設定是否對任務過程進行記錄。
將本設定設為開啟後，滿足其他條件時即會對任務過程進行記錄。
將本設定設為關閉後，滿足其他條件時自身角色不會對任務過程進行記錄。

**2.進入的任務適用任務回顧功能**
任務回顧功能僅對部分任務適用。
因此需要進入適用的任務才可進行記錄。

**3.以規定人數進入任務**
只有以規定人數進入任務時才能對任務進行記錄。
※規定人數以下組隊匹配進任務時無法進行記錄。
※解除限制後，即便以規定人數進入任務也不會進行記錄。
**4.進行記錄準備確認**
開始記錄任務前需要通過記錄準備確認來確認隊友們是否同意進行記錄。
只有全員同意時才能開始記錄。
※記錄準備確認需要在進入任務後5分鐘內發起。

滿足上述條件後即會對任務過程進行記錄。
記錄已滿時，新的記錄會覆蓋最老的記錄。
※可鎖定最多2條記錄禁止覆蓋。
"
445,回顧記錄的方法
446,"回顧記錄需要滿足以下條件。
　1.在旅店中
　2.任務記錄為最新版本

**1.在旅店中**
只有在旅店中能回顧記錄好的任務。

**2.任務記錄為最新版本**
任務回顧僅能回顧最新版本的記錄。
不只大版本更新，小版本或更新也會導致從前的記錄失效，敬請注意。"
447,任務回顧中的基本操作
448,"※鍵盤滑鼠模式顯示的是初始預設鍵位。
  
 **調整視角**
 [W,A,S,D]鍵（移動）／ 控制器
 
 **重置視角**
 [Z]鍵（拔出/收回武器）／ 鍵
 
 **切換注視目標**
 [tab,shift+tab]鍵／ 方向鍵上下左右
 
 **暫停／繼續**
 [space]鍵（跳躍）／ 鍵
 
 **開啟關閉操作功能表**
 [R]鍵、鍵（自動前進）／ 鍵"
449,操作功能表上的機能
450,"**暫停／繼續**
暫停或繼續進行回顧。

**章節選擇**
顯示記錄時設定的章節列表，選擇其中任意章節後可跳至該章節進行回顧。
※跳轉所需時間根據所選章節不同會有所差距。

**上一個章節**
跳到先前的章節。

**下一個章節**
跳到之後的章節。

**顯示／隱藏介面**
將各種介面在顯示與隱藏間切換。
※選為隱藏後在下次回顧時會自動隱藏介面開始回顧。

**設定／解除焦點目標**
將注視目標設為焦點目標。

**結束回顧**
結束回顧退出。"
451, 次要指令
452,捲動
453,打開  捲動
454,捲動
455, 次要指令
456,放養寵物  次要指令 變更寵物
457, 次要指令
458, 次要指令
459, 次要指令
460,次要指令  捲動
461,移動 放養寵物 次要指令
462,放養寵物 次要指令
463, 次要指令
464,
465,
466,
467,選擇最優隊員
468,捲動查看詳細情報
469,領取獎勵 捲動查看詳細情報
470,次要指令 捲動查看詳細情報
471,領取獎勵 次要指令 捲動查看詳細情報
472,次要指令
473,子選單
474,確定探索目的地
475,設置快速鍵 翻頁
476,翻頁
477,顯示典型漁場
478,次要指令
479,次要指令
480,子選單
481,無人島庭具投影佈置完成
482,＋移動 轉向 次要指令 開啟網格移動調整功能
483,次要指令  無人島庭具列表
484,次要指令 物品  切換已收錄/已佈置投影
485,應用
486,次要指令 開啟網格移動調整功能
487,次要指令
488,退出染色
489,庭具佈置完成
490,＋移動 轉向 開啟網格移動調整功能
491,開啟網格移動調整功能
492,選擇
493,次要指令 裝備
494,
495,
496,
497,
498,
499,
500,
501,
502,
503,
504,
505,
506,
507,
508,
509,
510,
511,
512,
513,
514,
515,
516,
517,
518,
519,
520,
521,
522,
523,
524,
525,
526,
527,
528,
529,
530,
531,
532,
533,
534,
535,
536,
537,
538,
539,
540,
541,
542,
543,
544,
545,
546,
547,
548,
549,
550,
551,
552,
553,
554,
555,
556,
557,
558,
559,
560,
561,
562,
563,
564,
565,
566,
567,
568,
569,
570,
571,
572,
573,
574,
575,
576,
577,
578,
579,
580,
581,
582,
583,
584,
585,
586,
587,
588,
589,
590,
591,
592,
593,
594,
595,
596,
597,
598,
599,
600,
1000,"報告發送失敗。
請重新發送。"
1001,
1002,
1003,關於同好會
1004,"同好會是擁有相同興趣的玩家組建的團體。
每個同好會最多可容納1000名成員。

玩家可選擇自己創建同好會，
也可通過邀請或同好招募召集同好或加入別人創建的同好會。
同好會可跨服，每個角色最多可同時隸屬於10個同好會。
在設定選單的社交中可以看到同好招募選項。

同好會成員分為會長（創建同好會的玩家或被移交了會長許可權的玩家），
會長任命的管理員，
還有除此之外的一般成員。

加入同好會後，即可使用同好會相關的各項機能。"
1005,關於「一覽」
1006,"■公告板
會長或管理員可將想要通知同好會成員的內容寫在此處。

■投票問卷
會長或管理員可以設定投票問卷。
同好會內所有成員均可對問捲進行投票。
每人對每份問卷僅有一次投票權利。

■備忘
會長或管理員可以編輯備忘資訊。
備忘最多同時能記錄5條。"
1007,關於「留言板」
1008,"隸屬於同好會的所有成員皆可在留言板上留言。
留言會保留最新的100條，超過後老的留言會被自動刪除。
會長和管理員擁有刪除留言的許可權。

※免費試用期的玩家加入同好會14天以上才可進行留言。"
1009,關於「成員」
1010,"此為加入了當前同好會的成員一覽。

通過子選單可以對成員進行各種設定。
會長可以任命管理員，也可以移交會長許可權。

遭遇騷擾時會長可以將玩家加入同好會黑名單。
被加入同好會黑名單後，該玩家將會被踢出對應同好會，並無法重新加入。"
1011,其他補充
1012,"■同好會設定修改
只有會長能進行操作。
可以修改同好會名稱、設定同好會的主要活動、
查看同好會黑名單、解散同好會。
解散後同好會會完全消失。

■同好招募
可以募集同好加入自己的同好會。
募集開啟後，會在招到指定人數或經過1周時間後自動關閉。

■其他
會長可以將成員任命為管理員協助自己管理同好會。

會長無法退出同好會，只有將會長許可權轉移給管理員後才可退出。"
1013,關於同好招募
1014,"在同好招募中可以看到當前正在招募成員的各同好會資訊。

可以通過搜尋功能對同好會的主要活動等條件進行篩選查看。"
1015,樂器演奏的注意事項
1016,"**■樂器演奏的注意事項
禁止通過樂器演奏功能侵犯協力廠商的權利。
玩家可在«FINAL FANTASY XIV»版權與使用者協議的允許範圍內上傳自己的演奏作品，但無權阻止他人散播或使用自己的作品。"
1017,合奏助手
1018,"**■什麼是合奏助手？
合奏助手是將隊內的演奏音整合起來播放給周圍玩家的功能。

**■合奏助手與通常演奏的不同
由於合奏助手啟動中會將隊內的演奏音在伺服器上經過整合後再播放給周圍的玩家，所以聲音相比於通常演奏會有一定的延遲。
因此，玩家可選擇收聽自己演奏音的模式。
※該選項不會影響周圍玩家的收聽模式。

只聽自己：
　遮罩隊員的演奏音，只能聽見自己的演奏音。

隊伍整體：
　將隊內的演奏音在伺服器上同步後再進行播放，
　聽到自己的演奏音時會有延遲。

**■合奏助手的使用方法
合奏助手的使用方法如下：
 1.點擊節拍器的「合奏準備確認」，打開設定介面
 2.勾選「使用合奏助手」後開始合奏準備確認
 3.合奏準備確認結束時合奏模式即會開啟

**■合奏助手的使用條件
使用合奏助手時有以下限制：
 1.小隊隊長處於演奏模式
 2.處於可演奏區域（不包括旅店、軍營）
 3.當前區域內使用合奏的隊伍數未達到上限
    ※每個區域都設有一個上限"
1019,演奏助手
1020,"**■什麼是演奏助手？
演奏助手是根據提示操作即可完成演奏的輔助機能。

**■演奏助手的使用方法
演奏助手的使用方法如下：
 1.點擊琴鍵邊的「演奏助手」
 2.選擇演奏的樂曲
 3.設定樂曲倍速與是否使用節拍器

**■演奏助手中的注意事項
使用演奏助手時會自動拒絕合奏準備確認。
隊內準備進行合奏時需要注意。"
1021,"**南方博茲雅戰線是採用多個特殊規則和專用系統的任務！
請充分理解該任務的特徵，戰勝加雷馬帝國第四軍團吧！**

**※下一頁將介紹南方博茲雅戰線的特殊規則。
請務必仔細閱讀，以便充分體驗該任務。"
1022,"**■參加本任務時的職業等級將被同步到80級！**

南方博茲雅戰線任務中，只要任意職業達到71級即可參加。
在參加任務時，當前職業等級將被同步到80級。
此外，不論現有裝備如何，都將被自動調整至最合適的品級，
因此無需提前準備裝備。

**※參加任務的職業可以使用當前職業80級以內（包含80級）的全部技能。"
1023,"**■獲得戰果提升義軍等級！**

南方博茲雅戰線任務中專門設置了一種義軍等級。
戰果可以通過參加「衝突戰」、「緊急遭遇戰」等大規模作戰行動，
並取得一定的評價後得到提升。

**※僅打倒魔獸或帝國兵無法獲得戰果。
戰果將在作戰行動完成時獲得，敬請注意！"
1024,"戰果累積到一定程度時，
可以向據點內的義軍司令部軍官（義軍等級）報告。
當戰果達到一定程度，義軍等級將會提升。

隨著義軍等級的提升，行動的範圍會越來越廣，任務也會繼續推進。
為了今後更為有利地展開作戰活動，請積極地提升義軍等級。

**※義軍等級必須經過戰果報告才能提升。
當戰果累積到一定程度時，請不要忘記向軍官報告！"
1025,"**■善用職業的等級同步規則！**

在完成大規模作戰行動的「衝突戰」以及「緊急遭遇戰」時
可以獲得提升職業等級的經驗值。

獲得的經驗值與戰果不同，無需經過報告即可像通常一樣，
在累積到規定的數值時將自動提升職業等級。

如果目前還有未滿80級的職業，請務必積極地善用等級同步規則！"
1026,"**■不知道該怎麼辦了！　這種時候……**

甘戈斯的謝羅斯以及任務內的其他NPC角色
將會為你解說規則及系統等事項。
如有不清楚之處，請積極地向NPC角色詢問！"
1027,收藏品
1028,"收藏品就是擁有特殊收藏價值的道具。

收藏價值用於表示每個收藏品的價值。

有時NPC角色會要求玩家交納收藏品，
同時也會標明需求的收藏品需要具備的收藏價值。

請努力採集滿足指定收藏價值的收藏品。"
1029,如何獲得收藏品
1030,"採掘師以及園藝師獲得收藏品的方式不同於通常的採集，
需要通過收藏品採集視窗進行採集。

通過收藏品採集視窗
可以提升收藏品的價值並採集到具有該收藏價值的收藏品。"
1031,如何提高收藏價值
1032,"提升收藏價值時需要使用提煉技能。

通過收藏品採集視窗使用提煉技能，
可以除去收藏品的雜質，從而提升收藏價值。

不過作為代價，將會消耗本次採集的耐久，
請留意剩餘的耐久。

除了提煉技能以外，採集收藏品時也會消耗耐久，
是優先提高收藏品價值還是專注於採集收藏品，
需要玩家慎重考慮。"
1033,提煉技能
1034,"提煉技能有三種，
分別是提煉、大膽提煉、慎重提煉。
不論使用其中哪種技能，都會消耗1點耐久。

▼提煉
能夠穩定地提升收藏價值，是最基本的提煉技能。

▼大膽提煉
該技能會在一定範圍內提升收藏品價值，
運氣好的話收藏品價值將得到大幅提升。
如果能夠採集到目標收藏品的地點較多，
可以試著使用該技能，也許能夠更高效地獲得收藏品。

▼慎重提煉
雖然比提煉提升的收藏價值要低，
不過運氣好的話，有可能不會消耗耐久。
如果使用慎重提煉即可提升到目標的收藏價值，
則可以積極地使用該技能。

※提煉技能的效果
會隨著玩家獲得力的提高而上升，
請通過裝備提升自己的獲得力。"
1035,獲得收藏品
1036,"將收藏價值提升到目標數值後，可以通過使用收藏品採集技能，
採集到1個擁有該收藏價值的收藏品。

此時將會消耗1點耐久。
當耐久變為0時，將無法繼續進行採集。

在提升收藏價值時，耐久剩餘的越多，
採集收藏品的次數也就越多。

請時刻注意耐久的剩餘。

※此外，收藏品的採集會受到獲得率的影響，
如果獲得率沒有達到100%的話，則有可能無法獲得收藏品。"
1037,增幅技能
1038,"技能中除了提升收藏價值的提煉技能以外，
還有提供輔助效果的增幅技能。

通過使用集中檢查，
可以進一步增強提煉技能提升收藏價值的效果。

雖然使用增幅技能不會消耗耐久，
但會消耗GP，因此需要注意剩餘的GP。

※集中檢查的效果
會隨著玩家鑑別力的提高而上升，
請透過裝備提升自己的鑑別力。"
1039,價值提升
1040,"使用提煉技能時，
有可能會出現價值提升的效果。

價值提升代表採集時有了良好的手感，
此時使用提煉技能，將會比通常提升更多收藏價值。

※價值提升的發生率
會隨著玩家鑑別力的提高而上升，
請透過裝備提升自己的鑑別力。

※增幅技能「價值矚目」也能提高價值提升的發生率。"
1041,洞察
1042,"使用提煉技能後，
有時會對玩家賦予洞察的效果。

在洞察效果中，
能夠準確地捕捉到收藏品的雜質，
從而大幅增強慎重提煉以及大膽提煉提升收藏價值的效果。

洞察效果中，
請積極使用慎重提煉或大膽提煉。"
1043,其他技能
1044,"採集收藏品時，
除了提煉技能、增幅技能，
還可以使用以下的大地使者技能。

·影響獲得率的技能
採掘師（敏銳視野）、園藝師（環境探知）等

·影響耐久/採集次數的技能
採掘師（石工之理）、園藝師（農夫之智）

這些技能均可透過快速鍵使用，
請運用這些技能，高效地採集收藏品。"
1045,不定性道具與昇華
1046,"具有不定性性質的收藏品在收藏價值達到最大值的狀態下
通過精選可以有一定機率獲得稀有的道具。

此外在收藏價值達到最大值的狀態下，
採集具有不定性性質的收藏品時
有可能會引發昇華現象。

對昇華後的收藏品進行精選後
必定會獲得稀有道具。

收藏品昇華的機率與玩家的獲得力有關，
獲得力越高昇華的機率也會隨之提升。"
1047,收藏價值
1048,"收藏價值是一個體現收藏品所具價值的數值。

採集收藏品時顯示的「所需收藏價值」正是交貨時需要的收藏價值基準，
請以此數值為目標，提升收藏價值後進行採集。

※對於能夠進行精選的收藏品，
只有達到「所需收藏價值」後，精選時才能獲取到水晶以外的道具。"
1049,
1050,探索特殊迷宮的方法
1051,"和專用的NPC角色對話，或者選擇設定選單「任務情報」內的
「**特殊迷宮探索器**」打開專用的視窗，
進入特殊迷宮探索任務。

進入任務時所需的情報都會顯示在專用視窗內，
同時也可以進行各種設定。"
1052,多變迷宮
1053,"特殊迷宮探索之一的**多變迷宮**
可以以1～4人的任意人數進行探索，
難度將會根據探索人數進行**自動調整**。
單人進行探索時，難度可能會相對難一些。

想要自己進行探索，或是僅與小隊同伴進行探索時，
需要關閉**隊伍不滿4人時進行匹配**的選項。
（初期狀態為關閉）

想要自動匹配為4人小隊再進行探索時，
需要打開**隊伍不滿4人時進行匹配**的選項。"
1054,多變技能
1055,"在多變迷宮內可以使用「**多變技能**」，
以方便冒險者透過任意職業構成探索迷宮。

無論是防護職業還是進攻職業，
都可以使用**特殊的療傷和復活來擔任治療職業的職責，
當然，其他的職業同樣也準備了不同的**特殊技能。

探索時可以使用2種不同的多變技能。
在專用的視窗選擇**設置多變技能**，
就可以隨時從顯示的多變技能一覽中挑選、設置多變技能了。"
1056,找出迷宮內的故事
1057,"多變迷宮需要和相關人物一起探索
迷宮內的**分歧路線**，
找出藏在迷宮內的**故事**。

找到的故事會一個一個
記載到多變迷宮專用的筆記或記錄冊上。

點擊視窗內的人物，可以打開專用的人物視窗，
在人物視窗內可以閱讀已發現的故事。"
1058,挑戰異聞迷宮
1059,"開放了特殊迷宮探索的高難度任務——**異聞迷宮**。

通過點擊視窗上方的**異聞迷宮**，
可以將視窗內的資訊改為異聞迷宮的資訊。

異聞迷宮中沒有同行的NPC角色和分歧路線，
也沒有發現故事等要素。
異聞迷宮視窗內會顯示**異聞迷宮清單**，
以及在挑戰迷宮時可以獲得的**專用貨幣**。"
1060,異聞迷宮的限制
1061,"異聞迷宮與多變迷宮不同，
任務中無法進行**特職轉換**。
同時，復活等普通技能無法解除無法戰鬥狀態，
只有專用的多變復活技能可以解除無法戰鬥狀態。

此外，**零式**異聞迷宮中，
將**無法使用**多變技能。

零式異聞迷宮只有組滿4人且全員滿足條件後才可進入。"
1062,強制請離房屋
1063,"利用「強制請離房屋」功能，
可以將特定玩家從室內或庭院中強制請離，
或者使其一段時間內無法進入。

通過設定選單→社交→房屋→住房設定→強制請離房屋許可權設定，可以從顯示視窗中進行各種設定。"
1064,功能的使用權限
1065,"能夠使用「強制請離房屋」功能的，
只有在該房屋中擁有許可權的角色。
主許可權人會根據房屋類型自動設定。
另外可以根據房屋類型追加副許可權人。

公會房屋的話，公會長擁有主許可權，
可以從公會成員中最多追加4人。

個人房屋的話，房主擁有主許可權，
可以從正在進行房屋共用的角色中追加。

公寓和個人房間的話，房間主人擁有主許可權，無法追加。"
1066,禁止進入名單
1067,"禁止進入名單指的是被列為強制請離房屋對象的角色名單。
擁有主許可權或副許可權的角色
均可以通過「強制請離房屋許可權設定」視窗打開名單。
被列入禁止進入名單的角色10天之內都會被記錄在名單中，
期間角色禁止進入室內，會從庭院強制請離。

如果想加入禁止進入名單，
需各許可權人在擁有許可權的土地範圍內，
打開登記目標角色的子選單→房屋與庭院入侵者管理→加入禁止進入名單，從顯示的確認畫面進行登記。

另外主許可權人也有權從禁止進入名單中解除角色的登記。"
1068,參照許可權人的黑名單
1069,"黑名單參照功能指的是
限制登記在各許可權人黑名單中的玩家進入房屋的功能。

無論是主許可權還是副許可權，
開啟了黑名單參照功能的許可權人在房屋內時，
登記在該許可權人黑名單中的玩家將被禁止進入室內，
如果試圖強制入室的話，
就會被自動加入禁止進入名單。

主許可權人可通過各許可權人名左邊的勾選來切換有效或無效。"
1070,非強制請離房屋目標
1071,"每個房屋都會有無法登記的角色。
另外即使被登記了，也不會成為強制請離目標。

【非強制請離目標】
·主許可權人
·公會房屋所屬成員
·個人房屋中處於房屋共用狀態的角色"
1072,內部改建是什麽
1073,"「內部改建」是一個用來修改房屋室內設計風格的功能。

通過設定選單→社交→房屋→內部改建可以打開對應視窗，
打開視窗後可以在其中選擇想要的裝修風格。

內部改建所更改的，
是除了內部裝潢配件（內牆、地板、屋頂照明）外，
室內整體的裝修風格。
樓梯的位置或地面的形狀等都可能在修改範圍內。
"
1074,內部改建的使用條件
1075,"大、中、小號的房屋都可以使用「內部改建」功能。
個人房間和公寓則無法使用此功能。

此外，由於內部改建會大幅變更室內布局，
所以已布置的家具會被全部收入倉庫。
因此，當倉庫容量不足時，會無法使用內部改建功能。

另外，當房屋距離被自動拆除剩餘不到15天時，
也無法使用內部改建功能。
"
1076,內部改建的必要權限
1077,"執行內部改建需要對應的房屋權限。

公會房屋的執行人需要有「更改內外裝潢」、
「可以追加、收回或布置家具庭具」兩項權限。

個人房屋的執行人如果不是房主，則需要
「內外裝潢、家具、庭具的追加、收回、布置、染色」權限。
"
1078,
1079,
1080,
1081,
1082,
1083,
1084,
1085,
1086,
1087,
1088,
1089,
1090,
1091,
1092,
1093,
1094,
1095,
1096,
1097,
1098,
1099,
2000,
