#,Name,Background,Frame,Decoration,SortKey
0,自訂,0,0,0,0
1,基礎,1,1,1,2
2,簡約,2,3,1,3
3,古典,10,10,1,4
4,華美,7,10,1,5
5,豪華,3,11,8,6
6,乙太空間,8,1,1,1
7,日誌,7,7,1,7
8,職能：防護職業,4,9,5,8
9,職能：治療職業,6,9,7,9
10,職能：進攻職業,5,9,6,10
11,騎士（簡易）,52,12,12,2050
12,戰士（簡易）,53,13,13,2051
13,暗黑騎士（簡易）,54,14,14,2052
14,絕槍戰士（簡易）,55,15,15,2053
15,白魔道士（簡易）,56,16,16,2054
16,學者（簡易）,57,17,17,2055
17,占星術師（簡易）,58,18,18,2056
18,賢者（簡易）,59,19,19,2057
19,武僧（簡易）,60,20,20,2058
20,龍騎士（簡易）,61,21,21,2059
21,忍者（簡易）,62,22,22,2060
22,武士（簡易）,63,23,23,2061
23,奪魂者（簡易）,64,24,24,2062
24,吟遊詩人（簡易）,65,25,25,2064
25,機工士（簡易）,66,26,26,2065
26,舞者（簡易）,67,27,27,2066
27,黑魔道士（簡易）,68,28,28,2067
28,召喚士（簡易）,69,29,29,2068
29,赤魔道士（簡易）,70,30,30,2069
30,騎士（華麗）,11,12,12,2150
31,戰士（華麗）,12,13,13,2151
32,暗黑騎士（華麗）,13,14,14,2152
33,絕槍戰士（華麗）,14,15,15,2153
34,白魔道士（華麗）,15,16,16,2154
35,學者（華麗）,16,17,17,2155
36,占星術師（華麗）,17,18,18,2156
37,賢者（華麗）,18,19,19,2157
38,武僧（華麗）,19,20,20,2158
39,龍騎士（華麗）,20,21,21,2159
40,忍者（華麗）,21,22,22,2160
41,武士（華麗）,22,23,23,2161
42,奪魂者（華麗）,23,24,24,2162
43,吟遊詩人（華麗）,24,25,25,2164
44,機工士（華麗）,25,26,26,2165
45,舞者（華麗）,26,27,27,2166
46,黑魔道士（華麗）,27,28,28,2167
47,召喚士（華麗）,28,29,29,2168
48,赤魔道士（華麗）,29,30,30,2169
49,星極隊,30,31,31,3000
50,靈極隊,31,32,32,3001
51,隨身神典石1,41,42,42,4000
52,隨身神典石2,42,43,43,4001
53,絕 巴哈姆特殲滅戰,86,44,44,2500
54,絕 究極武器破壞作戰,87,45,45,2501
55,絕 亞歷山大殲滅戰,88,46,46,2502
56,絕 龍詩戰爭,89,47,47,2503
57,第1賽季水晶衝突：王者,32,33,33,3200
58,第1賽季水晶衝突：勇者,33,34,34,3201
59,第1賽季水晶衝突：獲獎者,34,35,35,3202
60,第1賽季水晶衝突：青銅,35,36,36,3208
61,第1賽季水晶衝突：白銀,36,37,37,3207
62,第1賽季水晶衝突：黃金,37,38,38,3206
63,第1賽季水晶衝突：白金,38,39,39,3205
64,第1賽季水晶衝突：鑽石,39,40,40,3204
65,第1賽季水晶衝突：水晶,40,41,41,3203
66,第2賽季水晶衝突：王者,90,48,48,3209
67,第2賽季水晶衝突：勇者,91,49,49,3210
68,第2賽季水晶衝突：獲獎者,92,50,50,3211
69,第2賽季水晶衝突：青銅,93,51,51,3217
70,第2賽季水晶衝突：白銀,94,52,52,3216
71,第2賽季水晶衝突：黃金,95,53,53,3215
72,第2賽季水晶衝突：白金,96,54,54,3214
73,第2賽季水晶衝突：鑽石,97,55,55,3213
74,第2賽季水晶衝突：水晶,98,56,56,3212
75,第3賽季水晶衝突：王者,99,57,57,3218
76,第3賽季水晶衝突：勇者,100,58,58,3219
77,第3賽季水晶衝突：獲獎者,101,59,59,3220
78,第3賽季水晶衝突：青銅,102,60,60,3226
79,第3賽季水晶衝突：白銀,103,61,61,3225
80,第3賽季水晶衝突：黃金,104,62,62,3224
81,第3賽季水晶衝突：白金,105,63,63,3223
82,第3賽季水晶衝突：鑽石,106,64,64,3222
83,第3賽季水晶衝突：水晶,107,65,65,3221
84,水晶衝突：藍色,108,66,66,3002
85,水晶衝突：紅色,109,67,67,3003
86,多變迷宮：希拉狄哈水道,110,68,68,2402
87,友好部族任務：奧密克戎族,111,1,69,2315
88,幾何圖形：圓形,119,70,75,11
89,漫畫,116,69,74,12
90,稀有度1（普通品質）,125,76,1,13
91,稀有度2（普通品質）,126,76,1,14
92,稀有度3（普通品質）,127,76,1,15
93,稀有度4（普通品質）,128,76,1,16
94,稀有度5（普通品質）,129,76,1,17
95,稀有度1（優質）,125,77,1,18
96,稀有度2（優質）,126,77,1,19
97,稀有度3（優質）,127,77,1,20
98,稀有度4（優質）,128,77,1,21
99,稀有度5（優質）,129,77,1,22
100,音樂,123,1,76,23
101,咖啡廳,115,1,73,24
102,第4賽季水晶衝突：王者,133,78,81,3227
103,第4賽季水晶衝突：勇者,134,79,82,3228
104,第4賽季水晶衝突：獲獎者,135,80,83,3229
105,第4賽季水晶衝突：水晶,136,81,84,3230
106,第4賽季水晶衝突：鑽石,137,82,85,3231
107,第4賽季水晶衝突：白金,138,83,86,3232
108,第4賽季水晶衝突：黃金,139,84,87,3233
109,第4賽季水晶衝突：白銀,140,85,88,3234
110,第4賽季水晶衝突：青銅,141,86,89,3235
111,第5賽季水晶衝突：王者,142,87,90,3236
112,第5賽季水晶衝突：勇者,143,88,91,3237
113,第5賽季水晶衝突：獲獎者,144,89,92,3238
114,第5賽季水晶衝突：水晶,145,90,93,3239
115,第5賽季水晶衝突：鑽石,146,91,94,3240
116,第5賽季水晶衝突：白金,147,92,95,3241
117,第5賽季水晶衝突：黃金,148,93,96,3242
118,第5賽季水晶衝突：白銀,149,94,97,3243
119,第5賽季水晶衝突：青銅,150,95,98,3244
120,獵隼陣營,151,96,99,3004
121,渡鴉陣營,152,97,100,3005
122,友好部族任務：仙子族,153,1,101,2311
123,友好部族任務：奇塔利族,154,1,102,2312
124,友好部族任務：矮人族,155,1,103,2313
125,友好部族任務：悌陽象族,156,1,104,2314
126,友好部族任務：兔兔族,157,1,105,2316
127,絕 歐米茄驗證戰,158,98,106,2504
128,深層迷宮：正統優雷卡1,159,1,107,2358
129,深層迷宮：正統優雷卡2,160,1,108,2359
130,第七星曆編年史：四聖獸奇譚,161,99,1,2251
131,開拓無人島1,162,100,109,2340
132,開拓無人島2,163,101,110,2341
133,第6賽季水晶衝突：王者,164,102,111,3245
134,第6賽季水晶衝突：勇者,165,103,112,3246
135,第6賽季水晶衝突：獲獎者,166,104,113,3247
136,第6賽季水晶衝突：水晶,167,105,114,3248
137,第6賽季水晶衝突：鑽石,168,106,115,3249
138,第6賽季水晶衝突：白金,169,107,116,3250
139,第6賽季水晶衝突：黃金,170,108,117,3251
140,第6賽季水晶衝突：白銀,171,109,118,3252
141,第6賽季水晶衝突：青銅,172,110,119,3253
142,第7賽季水晶衝突：王者,173,111,120,3254
143,第7賽季水晶衝突：勇者,174,112,121,3255
144,第7賽季水晶衝突：獲獎者,175,113,122,3256
145,第7賽季水晶衝突：水晶,176,114,123,3257
146,第7賽季水晶衝突：鑽石,177,115,124,3258
147,第7賽季水晶衝突：白金,178,116,125,3259
148,第7賽季水晶衝突：黃金,179,117,126,3260
149,第7賽季水晶衝突：白銀,180,118,127,3261
150,第7賽季水晶衝突：青銅,181,119,128,3262
151,東方荒魂,182,120,129,3006
152,東方和魂,183,121,130,3007
153,友好部族任務：甲人族,184,1,131,2308
154,友好部族任務：阿難陀族,185,1,132,2309
155,友好部族任務：鯰魚精族,186,1,133,2310
156,青魔道士（簡易）,71,122,134,2071
157,青魔道士（華麗）,187,122,134,2171
158,時代的終結,188,128,1,2250
159,10周年紀念,189,123,135,3950
160,多變迷宮：六根山,190,124,136,2403
161,海釣愛好者,191,125,137,2345
162,願者上鉤,192,126,138,2346
163,運籌帷幄,193,127,139,2350
164,角力學校,194,129,140,3008
165,九霄雲上,195,130,141,3009
166,第8賽季水晶衝突：王者,196,131,142,3263
167,第8賽季水晶衝突：勇者,197,132,143,3264
168,第8賽季水晶衝突：獲獎者,198,133,144,3265
169,第8賽季水晶衝突：水晶,199,134,145,3266
170,第8賽季水晶衝突：鑽石,200,135,146,3267
171,第8賽季水晶衝突：白金,201,136,147,3268
172,第8賽季水晶衝突：黃金,202,137,148,3269
173,第8賽季水晶衝突：白銀,203,138,149,3270
174,第8賽季水晶衝突：青銅,204,139,150,3271
175,第9賽季水晶衝突：王者,205,140,151,3272
176,第9賽季水晶衝突：勇者,206,141,152,3273
177,第9賽季水晶衝突：獲獎者,207,142,153,3274
178,第9賽季水晶衝突：水晶,208,143,154,3275
179,第9賽季水晶衝突：鑽石,209,144,155,3276
180,第9賽季水晶衝突：白金,210,145,156,3277
181,第9賽季水晶衝突：黃金,211,146,157,3278
182,第9賽季水晶衝突：白銀,212,147,158,3279
183,第9賽季水晶衝突：青銅,213,148,159,3280
184,第10賽季水晶衝突：王者,214,149,160,3281
185,第10賽季水晶衝突：勇者,215,150,161,3282
186,第10賽季水晶衝突：獲獎者,216,151,162,3283
187,第10賽季水晶衝突：水晶,217,152,163,3284
188,第10賽季水晶衝突：鑽石,218,153,164,3285
189,第10賽季水晶衝突：白金,219,154,165,3286
190,第10賽季水晶衝突：黃金,220,155,166,3287
191,第10賽季水晶衝突：白銀,221,156,167,3288
192,第10賽季水晶衝突：青銅,222,157,168,3289
193,友好部族任務：瓦努族,223,1,169,2305
194,友好部族任務：骨頜族,224,1,170,2306
195,友好部族任務：莫古利族,225,1,171,2307
196,艾奧傑亞神話：哈羅妮,226,158,172,2252
197,艾奧傑亞神話：梅茵菲娜,226,158,173,2253
198,艾奧傑亞神話：沙利亞克,226,158,174,2254
199,艾奧傑亞神話：妮美雅,226,158,175,2255
200,艾奧傑亞神話：利姆萊茵,226,158,176,2256
201,艾奧傑亞神話：奧修昂,226,158,177,2257
202,艾奧傑亞神話：比爾格,226,158,178,2258
203,艾奧傑亞神話：拉爾戈,226,158,179,2259
204,艾奧傑亞神話：阿澤瑪,226,158,180,2260
205,艾奧傑亞神話：納爾札爾,226,158,181,2261
206,艾奧傑亞神話：諾菲卡,226,158,182,2262
207,艾奧傑亞神話：阿爾基克,226,158,183,2263
208,多變迷宮：阿羅阿羅島,227,159,184,2404
209,天書奇談,228,160,185,2351
210,幻巧拼圖,229,161,186,2352
211,金碟巨豆中心1,230,162,187,3951
212,金碟巨豆中心2,231,163,188,3952
213,金碟巨豆中心3,232,164,189,3953
214,妖怪手錶,233,165,190,3954
215,毒蛇劍士（簡易）,234,166,191,2063
216,毒蛇劍士（華麗）,235,166,191,2163
217,繪靈法師（簡易）,236,167,192,2070
218,繪靈法師（華麗）,237,167,192,2170
219,火山之心,238,168,193,3010
220,機關大殿,239,169,194,3011
221,第11賽季水晶衝突：王者,240,170,195,3290
222,第11賽季水晶衝突：勇者,241,171,196,3291
223,第11賽季水晶衝突：獲獎者,242,172,197,3292
224,第11賽季水晶衝突：水晶,243,173,198,3293
225,第11賽季水晶衝突：鑽石,244,174,199,3294
226,第11賽季水晶衝突：白金,245,175,200,3295
227,第11賽季水晶衝突：黃金,246,176,201,3296
228,第11賽季水晶衝突：白銀,247,177,202,3297
229,第11賽季水晶衝突：青銅,248,178,203,3298
230,友好部族任務：地靈族,249,1,204,2302
231,友好部族任務：風精靈族,250,1,205,2301
232,友好部族任務：蜥蜴人族,251,1,206,2300
233,友好部族任務：魚人族,252,1,207,2303
234,友好部族任務：鳥人族,253,1,208,2304
235,圖萊尤拉1,254,179,209,1036
236,圖萊尤拉2,255,180,210,1037
237,九號解決方案1,256,181,211,1038
238,九號解決方案2,257,182,212,1039
239,塵封秘岩,258,183,213,3013
240,赤土紅沙,259,184,214,3012
241,第12賽季水晶衝突：王者,260,185,215,3299
242,第12賽季水晶衝突：勇者,261,186,216,3300
243,第12賽季水晶衝突：獲獎者,262,187,217,3301
244,第12賽季水晶衝突：水晶,263,188,218,3302
245,第12賽季水晶衝突：鑽石,264,189,219,3303
246,第12賽季水晶衝突：白金,265,190,220,3304
247,第12賽季水晶衝突：黃金,266,191,221,3305
248,第12賽季水晶衝突：白銀,267,192,222,3306
249,第12賽季水晶衝突：青銅,268,193,223,3307
250,友好部族任務：佩魯佩魯族,269,1,224,2317
251,伊修加爾德1,270,194,225,1020
252,伊修加爾德2,271,195,226,1021
253,田園郡1,272,196,227,1022
254,田園郡2,273,197,228,1023
255,黃金港1,274,198,229,1024
256,黃金港2,275,199,230,1025
257,神拳痕1,276,200,231,1026
258,神拳痕2,277,201,232,1027
259,水晶都1,278,202,233,1028
260,水晶都2,279,203,234,1029
261,遊末邦1,280,204,235,1030
262,遊末邦2,281,205,236,1031
263,舊薩雷安1,282,206,237,1032
264,舊薩雷安2,283,207,238,1033
265,拉札漢1,284,208,239,1034
266,拉札漢2,285,209,240,1035
267,榮譽野,286,210,241,3014
268,昂薩哈凱爾,287,211,242,3015
269,第13賽季水晶衝突：王者,288,212,243,3308
270,第13賽季水晶衝突：勇者,289,213,244,3309
271,第13賽季水晶衝突：獲獎者,290,214,245,3310
272,第13賽季水晶衝突：水晶,291,215,246,3311
273,第13賽季水晶衝突：鑽石,292,216,247,3312
274,第13賽季水晶衝突：白金,293,217,248,3313
275,第13賽季水晶衝突：黃金,294,218,249,3314
276,第13賽季水晶衝突：白銀,295,219,250,3315
277,第13賽季水晶衝突：青銅,296,220,251,3316
278,第14賽季水晶衝突：王者,297,221,252,3317
279,第14賽季水晶衝突：勇者,298,222,253,3318
280,第14賽季水晶衝突：獲獎者,299,223,254,3319
281,第14賽季水晶衝突：水晶,300,224,255,3320
282,第14賽季水晶衝突：鑽石,301,225,256,3321
283,第14賽季水晶衝突：白金,302,226,257,3322
284,第14賽季水晶衝突：黃金,303,227,258,3323
285,第14賽季水晶衝突：白銀,304,228,259,3324
286,第14賽季水晶衝突：青銅,305,229,260,3325
287,絕 光暗未來殲滅戰,306,230,261,2505
288,,0,0,0,0
289,深層迷宮：死者宮殿1,308,1,263,2354
290,深層迷宮：死者宮殿2,309,1,264,2355
291,深層迷宮：天之御柱1,310,1,265,2356
292,深層迷宮：天之御柱2,311,1,266,2357
293,,0,0,0,0
294,宇宙探索 1,313,232,268,2343
295,,0,0,0,0
296,,0,0,0,0
297,,0,0,0,0
298,,0,0,0,0
299,,0,0,0,0
300,,0,0,0,0
301,,0,0,0,0
302,,0,0,0,0
303,,0,0,0,0
304,,0,0,0,0
305,,0,0,0,0
306,,0,0,0,0
307,,0,0,0,0
308,,0,0,0,0
309,,0,0,0,0
310,,0,0,0,0
311,,0,0,0,0
312,,0,0,0,0
313,,0,0,0,0
314,,0,0,0,0
315,,0,0,0,0
316,,0,0,0,0
317,,0,0,0,0
318,,0,0,0,0
319,,0,0,0,0
320,,0,0,0,0
321,,0,0,0,0
322,,0,0,0,0
323,,0,0,0,0
324,,0,0,0,0
325,,0,0,0,0
326,,0,0,0,0
327,,0,0,0,0
328,,0,0,0,0
329,,0,0,0,0
330,,0,0,0,0
331,,0,0,0,0
332,,0,0,0,0
333,,0,0,0,0
334,,0,0,0,0
335,,0,0,0,0
336,,0,0,0,0
337,,0,0,0,0
338,,0,0,0,0
339,,0,0,0,0
340,,0,0,0,0
