#,Text,Label,Unknown0,Param,Platform,Category,BacklightColor,Required
0,,,0,255,255,0,0,False
11,控制移動,MOVE_AND_STEER,1,255,255,1,0,False
12,前進 / 向前移動,MOVE_FORE,2,255,255,1,3,False
13,後退 / 向後移動,MOVE_BACK,3,255,255,1,3,False
14,左轉 / 向左移動,MOVE_LEFT,4,255,255,1,3,False
15,右轉 / 向右移動,MOVE_RIGHT,5,255,255,1,3,False
16,向左平移,MOVE_STRIFE_L,6,255,255,1,3,False
17,向右平移,MOVE_STRIFE_R,7,255,255,1,3,False
18,跳躍,JUMP,8,255,255,1,3,False
19,切換奔跑與行走,WALK,9,255,255,1,3,False
20,開啟/關閉自動前進,AUTORUN_KEY,10,255,255,1,3,False
21,拔出/收回武器,SWARD,11,255,255,1,3,False
22,鎖定所選目標,CAMERA_FOCUS,12,255,255,1,6,False
23,飛行/潛水：下降,MOVE_DESCENT,13,255,255,1,3,False
24,飛行/潛水：維持高度,MOVE_RETENTION,14,255,255,1,3,False
25,飛行/潛水：盤旋上升,MOVE_ANGLE_RISING,15,255,255,1,3,False
26,飛行/潛水：盤旋下降,MOVE_ANGLE_DESCENT,16,255,255,1,3,False
51,向上移動視角,CAMERA_UP,17,255,255,1,6,False
52,向下移動視角,CAMERA_DOWN,18,255,255,1,6,False
53,向左移動視角,CAMERA_LEFT,19,255,255,1,6,False
54,向右移動視角,CAMERA_RIGHT,20,255,255,1,6,False
55,切換第一人稱視角與第三人稱視角,CAMERA_MODE,21,255,255,1,6,False
56,翻轉視角,CAMERA_BACKWARD,22,255,255,1,6,False
57,拉進視角 / 上一頁,CAMERA_ZOOMIN,23,255,255,1,6,False
58,拉遠視角 / 下一頁,CAMERA_ZOOMOUT,24,255,255,1,6,False
59,將視角恢復預設設定,CAMERA_LOAD,25,255,255,1,6,False
60,記錄當前視角設定,CAMERA_SAVE,26,255,255,1,6,False
61,重置視角設定,CAMERA_RESET,27,255,255,1,6,False
62,提高視角俯視角度,CAM_TILT_UP,28,255,255,1,6,False
63,降低視角俯視角度,CAM_TILT_DOWN,29,255,255,1,6,False
64,視線面向當前鏡頭,CAMERA_LOOKING,30,255,255,1,6,False
65,集體動作（拍照模式）,GROUP_POSE,32,255,255,1,1,False
66,觀景視角,IDLING_CAMERA,31,255,255,1,1,False
103,從最近的敵人開始從左至右切換所選目標,TARGET_NEXT,1,255,255,2,2,False
104,從最近的敵人開始從右至左切換所選目標,TARGET_PREV,2,255,255,2,2,False
105,選中隊員列表第1位隊員（自己）,TARGET_P1,3,255,255,2,2,False
106,選中隊員列表第2位隊員,TARGET_P2,4,255,255,2,2,False
107,選中隊員列表第3位隊員,TARGET_P3,5,255,255,2,2,False
108,選中隊員列表第4位隊員,TARGET_P4,6,255,255,2,2,False
109,選中隊員列表第5位隊員,TARGET_P5,7,255,255,2,2,False
110,選中隊員列表第6位隊員,TARGET_P6,8,255,255,2,2,False
111,選中隊員列表第7位隊員,TARGET_P7,9,255,255,2,2,False
112,選中隊員列表第8位隊員,TARGET_P8,10,255,255,2,2,False
113,選中自己的召喚獸,TARGET_PET,11,255,255,2,2,False
114,選中目標的目標（輔助目標）,TARGET_TTOT,13,255,255,2,2,False
115,選中前一次選中的目標,TARGET_LASTTARGET,14,255,255,2,2,False
116,選中前一次選中的敵人,TARGET_LASTENEMY,15,255,255,2,2,False
117,選中對自己發動攻擊的敵人,TARGET_LASTATTACKER,16,255,255,2,2,False
118,選中距離最近的敵人,TARGET_CLOSEST_ENEMY,17,255,255,2,2,False
119,選中距離最近的玩家角色,TARGET_CLOSEST_PC,18,255,255,2,2,False
120,選中距離最近的NPC角色或場景物體,TARGET_CLOSEST_NPC,19,255,255,2,2,False
121,焦點目標,TARGET_FOCUS,20,255,255,2,2,False
122,選中焦點目標,TARGET_SELECT,21,255,255,2,2,False
123,轉向面向目標的方向,FACE,22,255,255,2,2,False
124,分類選擇：＋,CIRCLE_ALL,23,255,255,2,2,False
125,分類選擇：＋,CIRCLE_ENEMY,24,255,255,2,2,False
126,分類選擇：＋,CIRCLE_PARTY,25,255,255,2,2,False
127,分類選擇：＋,CIRCLE_PC,26,255,255,2,2,False
136,敵對列表中向上切換,TARGET_ENEMY_LIST_UP_KEY,27,255,255,2,2,False
137,敵對列表中向下切換,TARGET_ENEMY_LIST_DOWN_KEY,28,255,255,2,2,False
138,團隊清單中順序切換,TARGET_ALLIANCE_NEXT_KEY,29,255,255,2,2,False
139,團隊列表中逆序切換,TARGET_ALLIANCE_PREV_KEY,30,255,255,2,2,False
140,團隊清單1中順序切換,TARGET_ALLIANCE1_NEXT,31,255,255,2,2,False
141,團隊列表1中逆序切換,TARGET_ALLIANCE1_PREV,32,255,255,2,2,False
142,團隊清單2中順序切換,TARGET_ALLIANCE2_NEXT,33,255,255,2,2,False
143,團隊列表2中逆序切換,TARGET_ALLIANCE2_PREV,34,255,255,2,2,False
144,選中團隊1的1號隊員,TARGET_ALLIANCE1_1,35,255,255,2,2,False
145,選中團隊1的2號隊員,TARGET_ALLIANCE1_2,36,255,255,2,2,False
146,選中團隊1的3號隊員,TARGET_ALLIANCE1_3,37,255,255,2,2,False
147,選中團隊1的4號隊員,TARGET_ALLIANCE1_4,38,255,255,2,2,False
148,選中團隊1的5號隊員,TARGET_ALLIANCE1_5,39,255,255,2,2,False
149,選中團隊1的6號隊員,TARGET_ALLIANCE1_6,40,255,255,2,2,False
150,選中團隊1的7號隊員,TARGET_ALLIANCE1_7,41,255,255,2,2,False
151,選中團隊1的8號隊員,TARGET_ALLIANCE1_8,42,255,255,2,2,False
152,選中團隊2的1號隊員,TARGET_ALLIANCE2_1,43,255,255,2,2,False
153,選中團隊2的2號隊員,TARGET_ALLIANCE2_2,44,255,255,2,2,False
154,選中團隊2的3號隊員,TARGET_ALLIANCE2_3,45,255,255,2,2,False
155,選中團隊2的4號隊員,TARGET_ALLIANCE2_4,46,255,255,2,2,False
156,選中團隊2的5號隊員,TARGET_ALLIANCE2_5,47,255,255,2,2,False
157,選中團隊2的6號隊員,TARGET_ALLIANCE2_6,48,255,255,2,2,False
158,選中團隊2的7號隊員,TARGET_ALLIANCE2_7,49,255,255,2,2,False
159,選中團隊2的8號隊員,TARGET_ALLIANCE2_8,50,255,255,2,2,False
160,選中自己的搭檔,BUDDY_TARGET,12,255,255,2,2,False
161,水晶衝突：選中敵方的1號隊員,TARGET_PVP_OPP_P1,51,255,255,2,2,False
162,水晶衝突：選中敵方的2號隊員,TARGET_PVP_OPP_P2,52,255,255,2,2,False
163,水晶衝突：選中敵方的3號隊員,TARGET_PVP_OPP_P3,53,255,255,2,2,False
164,水晶衝突：選中敵方的4號隊員,TARGET_PVP_OPP_P4,54,255,255,2,2,False
165,水晶衝突：選中敵方的5號隊員,TARGET_PVP_OPP_P5,55,255,255,2,2,False
171,開始輸入聊天內容,CMD_CHAT,1,255,255,4,5,False
172,開始輸入文本指令,CMD_COMMAND,2,255,255,4,5,False
173,臨時回覆（順序）,CMD_REPLY,3,255,255,4,5,False
174,臨時回覆（逆序）,CMD_REPLY_REV,4,255,255,4,5,False
175,臨時切換到說話頻道,CMD_SAY,5,255,255,4,5,False
176,臨時切換到呼喊頻道,CMD_YELL,6,255,255,4,5,False
177,臨時切換到喊話頻道,CMD_SHOUT,7,255,255,4,5,False
178,臨時切換到小隊頻道,CMD_PARTY,8,255,255,4,5,False
179,臨時切換到團隊頻道,CMD_ALLIANCE,9,255,255,4,5,False
180,臨時切換到公會頻道,CMD_FREECOM,10,255,255,4,5,False
181,臨時切換到通訊貝頻道（順序）,CMD_LINKSHELL,22,255,255,4,5,False
182,臨時切換到通訊貝頻道（逆序）,CMD_LINKSHELL_REV,23,255,255,4,5,False
183,臨時切換到通訊貝1頻道,CMD_LINKSHELL_1,24,255,255,4,5,False
184,臨時切換到通訊貝2頻道,CMD_LINKSHELL_2,25,255,255,4,5,False
185,臨時切換到通訊貝3頻道,CMD_LINKSHELL_3,26,255,255,4,5,False
186,臨時切換到通訊貝4頻道,CMD_LINKSHELL_4,27,255,255,4,5,False
187,臨時切換到通訊貝5頻道,CMD_LINKSHELL_5,28,255,255,4,5,False
188,臨時切換到通訊貝6頻道,CMD_LINKSHELL_6,29,255,255,4,5,False
189,臨時切換到通訊貝7頻道,CMD_LINKSHELL_7,30,255,255,4,5,False
190,臨時切換到通訊貝8頻道,CMD_LINKSHELL_8,31,255,255,4,5,False
191,回覆（順序）,CMD_REPLY_ALWAYS,103,255,255,4,5,False
192,回覆（逆序）,CMD_REPLY_REV_ALWAYS,104,255,255,4,5,False
193,切換到說話頻道,CMD_SAY_ALWAYS,105,255,255,4,5,False
194,切換到呼喊頻道,CMD_YELL_ALWAYS,106,255,255,4,5,False
196,切換到小隊頻道,CMD_PARTY_ALWAYS,108,255,255,4,5,False
197,切換到團隊頻道,CMD_ALLIANCE_ALWAYS,109,255,255,4,5,False
198,切換到公會頻道,CMD_FREECOM_ALWAYS,110,255,255,4,5,False
199,切換到通訊貝頻道（順序）,CMD_LINKSHELL_ALWAYS,122,255,255,4,5,False
200,切換到通訊貝頻道（逆序）,CMD_LINKSHELL_REV_ALWAYS,123,255,255,4,5,False
201,切換到通訊貝1頻道,CMD_LINKSHELL_1_ALWAYS,124,255,255,4,5,False
202,切換到通訊貝2頻道,CMD_LINKSHELL_2_ALWAYS,125,255,255,4,5,False
203,切換到通訊貝3頻道,CMD_LINKSHELL_3_ALWAYS,126,255,255,4,5,False
204,切換到通訊貝4頻道,CMD_LINKSHELL_4_ALWAYS,127,255,255,4,5,False
205,切換到通訊貝5頻道,CMD_LINKSHELL_5_ALWAYS,128,255,255,4,5,False
206,切換到通訊貝6頻道,CMD_LINKSHELL_6_ALWAYS,129,255,255,4,5,False
207,切換到通訊貝7頻道,CMD_LINKSHELL_7_ALWAYS,130,255,255,4,5,False
208,切換到通訊貝8頻道,CMD_LINKSHELL_8_ALWAYS,131,255,255,4,5,False
211,確定操作,OK,1,255,255,5,1,True
212,取消操作,CANCEL,2,255,255,5,1,True
213,關閉所有視窗,ESC,3,255,255,5,1,True
214,設定選單,PAD_MAINMENUFOCUS,4,255,255,5,1,True
215,子選單,MENU,5,255,255,5,1,False
216,向上移動指標/小隊列表中向上切換,UP,6,255,255,5,1,False
217,向下移動指標/小隊列表中向下切換,DOWN,7,255,255,5,1,False
218,向左移動指標/分類選擇向左切換,LEFT,8,255,255,5,1,False
219,向右移動指標/分類選擇向右切換,RIGHT,9,255,255,5,1,False
220,順序選擇介面標籤,TAB_NEXT,10,255,255,5,1,False
221,逆序選擇介面標籤,TAB_PREV,11,255,255,5,1,False
222,快速鍵向上切換,HOTBAR_UP,12,255,253,5,1,False
223,快速鍵向下切換,HOTBAR_DOWN,13,255,253,5,1,False
224,螢幕截圖,KEY_SCREENSHOT,14,255,243,5,1,False
225,隱藏所有視窗,HIDE,15,255,255,5,1,False
226,介面設定模式,MENU_LAYOUT,16,255,255,5,1,False
227,順序選擇各項介面要素,PAD_HUDFOCUS,21,255,255,5,1,False
228,逆序選擇各項介面要素,PAD_HUDFOCUS_PREV,22,255,255,5,1,False
229,目標過濾,TARGET_CLICK_FILTER,23,255,255,5,1,False
230,縮放視窗,MENU_SCALE,24,255,255,5,1,False
231,切換到快速鍵1,HOTBAR_SET_1,33,255,253,5,1,False
232,切換到快速鍵2,HOTBAR_SET_2,34,255,253,5,1,False
233,切換到快速鍵3,HOTBAR_SET_3,35,255,253,5,1,False
234,切換到快速鍵4,HOTBAR_SET_4,36,255,253,5,1,False
235,切換到快速鍵5,HOTBAR_SET_5,37,255,253,5,1,False
236,切換到快速鍵6,HOTBAR_SET_6,38,255,253,5,1,False
237,切換到快速鍵7,HOTBAR_SET_7,39,255,253,5,1,False
238,切換到快速鍵8,HOTBAR_SET_8,40,255,253,5,1,False
239,切換到快速鍵9,HOTBAR_SET_9,41,255,253,5,1,False
240,切換到快速鍵10,HOTBAR_SET_10,42,255,253,5,1,False
241,停止巨集指令,MACRO_FORCED_OUTAGE,26,255,255,5,1,False
242,切換到特殊快速鍵,HOTBAR_SET_EX,43,255,253,5,1,False
243,滑鼠位置,MOUSE_CURSOR_SONAR,27,255,253,5,1,False
244,整體靜音,MASTER_VOLUME_MUTE,28,255,255,5,1,False
245,任務通用鍵,MENU_CONTENTS_GENERAL,30,255,255,5,1,False
246,切換到介面設定1,HUDLAYOUT_SET1,17,255,255,5,1,False
247,切換到介面設定2,HUDLAYOUT_SET2,18,255,255,5,1,False
248,切換到介面設定3,HUDLAYOUT_SET3,19,255,255,5,1,False
249,切換到介面設定4,HUDLAYOUT_SET4,20,255,255,5,1,False
251,角色,MENU_STATUS,1,255,255,3,0,False
252,物品,MENU_BAG,6,255,255,3,0,False
253,兵裝庫,MENU_ARMORY,7,255,255,3,0,False
254,任務道具,MENU_EVENT_BAG,9,255,255,3,0,False
255,地圖,MENU_MAP,11,255,255,3,0,False
256,技能選單,MENU_ACTION,12,255,255,3,0,False
257,情感動作,MENU_EMOTE,13,255,255,3,0,False
258,坐騎一覽,MENU_MOUNT_NOTEBOOK,14,255,255,3,0,False
259,寵物一覽,MENU_MINION_NOTEBOOK,15,255,255,3,0,False
260,PvP資料,MENU_PVP_PROFILE,19,255,255,3,0,False
261,社交,MENU_SOCIAL,21,255,255,3,0,False
262,小隊,MENU_PARTY_MEMBER,22,255,255,3,0,False
263,好友名單,MENU_FRIEND_LIST,24,255,255,3,0,False
264,黑名單,MENU_BLACK_LIST,26,255,255,3,0,False
265,玩家搜尋,MENU_PC_SEARCH,30,255,255,3,0,False
266,隊員招募,MENU_LFG,32,255,255,3,0,False
267,準備確認,MENU_READY_CHECK,33,255,255,3,0,False
268,公會,MENU_FREECOM,36,255,255,3,0,False
269,房屋,MENU_HOUSING,37,255,255,3,0,False
270,通訊貝,MENU_LINKSHELL,39,255,255,3,0,False
271,任務搜尋器,MENU_CONTENT,41,255,255,3,0,False
272,任務情報,MENU_CONTENT_INFO,46,255,255,3,0,False
273,日誌,MENU_JOURNAL,47,255,255,3,0,False
274,製作筆記,MENU_CRAFT,51,255,255,3,0,False
275,採集筆記,MENU_GATHER,52,255,255,3,0,False
276,討伐筆記,MENU_MONSTER,53,255,255,3,0,False
277,釣魚筆記,MENU_FISH,54,255,255,3,0,False
278,魚類圖鑑,MENU_FISH_GUIDE,55,255,255,3,0,False
279,挑戰筆記,MENU_CONTENTS_NOTEBOOK,57,255,255,3,0,False
280,探索筆記,MENU_ADVENTURE_NOTEBOOK,56,255,255,3,0,False
281,目標標記,MENU_MARK,59,255,255,3,0,False
282,場地標記,MENU_FIELD_MARK,60,255,255,3,0,False
283,搭檔,MENU_BUDDY,62,255,255,3,0,False
284,返回,MENU_RETURN,61,255,255,3,0,False
285,傳送,MENU_TELEPO,63,255,255,3,0,False
286,成就,MENU_ACHIVE,64,255,255,3,0,False
287,系統,MENU_SYSTEM,65,255,253,3,0,False
288,新手指南,MENU_HOWTO,69,255,255,3,0,False
289,推薦任務,MENU_RECOMMEND_LIST,70,255,255,3,0,False
290,使用者巨集,MENU_MACRO,71,255,255,3,0,False
291,情報服務台,MENU_SUPPORT,72,255,255,3,0,False
292,角色設定,MENU_CONFIG,75,255,255,3,0,False
293,系統設定,MENU_SYSCONFIG,76,255,255,3,0,False
294,消息顏色,MENU_LOGCOLOR,77,255,255,3,0,False
295,自訂按鍵,MENU_PADCUSTOMIZE,78,255,255,3,0,False
296,金碟遊樂園,MENU_GOLD_SAUCER,20,255,255,3,0,False
297,風脈泉,MENU_AETHER_CURRENT,66,255,255,3,0,False
298,貨幣一覽,MENU_CURRENCY,3,255,255,3,0,False
299,套裝,MENU_GEAR_SET,2,255,255,3,0,False
301,快速鍵1 - 第1格,HOTBAR_1_1,1,255,253,6,4,False
302,快速鍵1 - 第2格,HOTBAR_1_2,2,255,253,6,4,False
303,快速鍵1 - 第3格,HOTBAR_1_3,3,255,253,6,4,False
304,快速鍵1 - 第4格,HOTBAR_1_4,4,255,253,6,4,False
305,快速鍵1 - 第5格,HOTBAR_1_5,5,255,253,6,4,False
306,快速鍵1 - 第6格,HOTBAR_1_6,6,255,253,6,4,False
307,快速鍵1 - 第7格,HOTBAR_1_7,7,255,253,6,4,False
308,快速鍵1 - 第8格,HOTBAR_1_8,8,255,253,6,4,False
309,快速鍵1 - 第9格,HOTBAR_1_9,9,255,253,6,4,False
310,快速鍵1 - 第10格,HOTBAR_1_0,10,255,253,6,4,False
311,快速鍵1 - 第11格,HOTBAR_1_A,11,255,253,6,4,False
312,快速鍵1 - 第12格,HOTBAR_1_B,12,255,253,6,4,False
313,快速鍵2 - 第1格,HOTBAR_2_1,13,255,253,6,4,False
314,快速鍵2 - 第2格,HOTBAR_2_2,14,255,253,6,4,False
315,快速鍵2 - 第3格,HOTBAR_2_3,15,255,253,6,4,False
316,快速鍵2 - 第4格,HOTBAR_2_4,16,255,253,6,4,False
317,快速鍵2 - 第5格,HOTBAR_2_5,17,255,253,6,4,False
318,快速鍵2 - 第6格,HOTBAR_2_6,18,255,253,6,4,False
319,快速鍵2 - 第7格,HOTBAR_2_7,19,255,253,6,4,False
320,快速鍵2 - 第8格,HOTBAR_2_8,20,255,253,6,4,False
321,快速鍵2 - 第9格,HOTBAR_2_9,21,255,253,6,4,False
322,快速鍵2 - 第10格,HOTBAR_2_0,22,255,253,6,4,False
323,快速鍵2 - 第11格,HOTBAR_2_A,23,255,253,6,4,False
324,快速鍵2 - 第12格,HOTBAR_2_B,24,255,253,6,4,False
325,快速鍵3 - 第1格,HOTBAR_3_1,25,255,253,6,4,False
326,快速鍵3 - 第2格,HOTBAR_3_2,26,255,253,6,4,False
327,快速鍵3 - 第3格,HOTBAR_3_3,27,255,253,6,4,False
328,快速鍵3 - 第4格,HOTBAR_3_4,28,255,253,6,4,False
329,快速鍵3 - 第5格,HOTBAR_3_5,29,255,253,6,4,False
330,快速鍵3 - 第6格,HOTBAR_3_6,30,255,253,6,4,False
331,快速鍵3 - 第7格,HOTBAR_3_7,31,255,253,6,4,False
332,快速鍵3 - 第8格,HOTBAR_3_8,32,255,253,6,4,False
333,快速鍵3 - 第9格,HOTBAR_3_9,33,255,253,6,4,False
334,快速鍵3 - 第10格,HOTBAR_3_0,34,255,253,6,4,False
335,快速鍵3 - 第11格,HOTBAR_3_A,35,255,253,6,4,False
336,快速鍵3 - 第12格,HOTBAR_3_B,36,255,253,6,4,False
337,快速鍵4 - 第1格,HOTBAR_4_1,37,255,253,6,4,False
338,快速鍵4 - 第2格,HOTBAR_4_2,38,255,253,6,4,False
339,快速鍵4 - 第3格,HOTBAR_4_3,39,255,253,6,4,False
340,快速鍵4 - 第4格,HOTBAR_4_4,40,255,253,6,4,False
341,快速鍵4 - 第5格,HOTBAR_4_5,41,255,253,6,4,False
342,快速鍵4 - 第6格,HOTBAR_4_6,42,255,253,6,4,False
343,快速鍵4 - 第7格,HOTBAR_4_7,43,255,253,6,4,False
344,快速鍵4 - 第8格,HOTBAR_4_8,44,255,253,6,4,False
345,快速鍵4 - 第9格,HOTBAR_4_9,45,255,253,6,4,False
346,快速鍵4 - 第10格,HOTBAR_4_0,46,255,253,6,4,False
347,快速鍵4 - 第11格,HOTBAR_4_A,47,255,253,6,4,False
348,快速鍵4 - 第12格,HOTBAR_4_B,48,255,253,6,4,False
349,快速鍵5 - 第1格,HOTBAR_5_1,49,255,253,6,4,False
350,快速鍵5 - 第2格,HOTBAR_5_2,50,255,253,6,4,False
351,快速鍵5 - 第3格,HOTBAR_5_3,51,255,253,6,4,False
352,快速鍵5 - 第4格,HOTBAR_5_4,52,255,253,6,4,False
353,快速鍵5 - 第5格,HOTBAR_5_5,53,255,253,6,4,False
354,快速鍵5 - 第6格,HOTBAR_5_6,54,255,253,6,4,False
355,快速鍵5 - 第7格,HOTBAR_5_7,55,255,253,6,4,False
356,快速鍵5 - 第8格,HOTBAR_5_8,56,255,253,6,4,False
357,快速鍵5 - 第9格,HOTBAR_5_9,57,255,253,6,4,False
358,快速鍵5 - 第10格,HOTBAR_5_0,58,255,253,6,4,False
359,快速鍵5 - 第11格,HOTBAR_5_A,59,255,253,6,4,False
360,快速鍵5 - 第12格,HOTBAR_5_B,60,255,253,6,4,False
361,快速鍵6 - 第1格,HOTBAR_6_1,61,255,253,6,4,False
362,快速鍵6 - 第2格,HOTBAR_6_2,62,255,253,6,4,False
363,快速鍵6 - 第3格,HOTBAR_6_3,63,255,253,6,4,False
364,快速鍵6 - 第4格,HOTBAR_6_4,64,255,253,6,4,False
365,快速鍵6 - 第5格,HOTBAR_6_5,65,255,253,6,4,False
366,快速鍵6 - 第6格,HOTBAR_6_6,66,255,253,6,4,False
367,快速鍵6 - 第7格,HOTBAR_6_7,67,255,253,6,4,False
368,快速鍵6 - 第8格,HOTBAR_6_8,68,255,253,6,4,False
369,快速鍵6 - 第9格,HOTBAR_6_9,69,255,253,6,4,False
370,快速鍵6 - 第10格,HOTBAR_6_0,70,255,253,6,4,False
371,快速鍵6 - 第11格,HOTBAR_6_A,71,255,253,6,4,False
372,快速鍵6 - 第12格,HOTBAR_6_B,72,255,253,6,4,False
373,快速鍵7 - 第1格,HOTBAR_7_1,73,255,253,6,4,False
374,快速鍵7 - 第2格,HOTBAR_7_2,74,255,253,6,4,False
375,快速鍵7 - 第3格,HOTBAR_7_3,75,255,253,6,4,False
376,快速鍵7 - 第4格,HOTBAR_7_4,76,255,253,6,4,False
377,快速鍵7 - 第5格,HOTBAR_7_5,77,255,253,6,4,False
378,快速鍵7 - 第6格,HOTBAR_7_6,78,255,253,6,4,False
379,快速鍵7 - 第7格,HOTBAR_7_7,79,255,253,6,4,False
380,快速鍵7 - 第8格,HOTBAR_7_8,80,255,253,6,4,False
381,快速鍵7 - 第9格,HOTBAR_7_9,81,255,253,6,4,False
382,快速鍵7 - 第10格,HOTBAR_7_0,82,255,253,6,4,False
383,快速鍵7 - 第11格,HOTBAR_7_A,83,255,253,6,4,False
384,快速鍵7 - 第12格,HOTBAR_7_B,84,255,253,6,4,False
385,快速鍵8 - 第1格,HOTBAR_8_1,85,255,253,6,4,False
386,快速鍵8 - 第2格,HOTBAR_8_2,86,255,253,6,4,False
387,快速鍵8 - 第3格,HOTBAR_8_3,87,255,253,6,4,False
388,快速鍵8 - 第4格,HOTBAR_8_4,88,255,253,6,4,False
389,快速鍵8 - 第5格,HOTBAR_8_5,89,255,253,6,4,False
390,快速鍵8 - 第6格,HOTBAR_8_6,90,255,253,6,4,False
391,快速鍵8 - 第7格,HOTBAR_8_7,91,255,253,6,4,False
392,快速鍵8 - 第8格,HOTBAR_8_8,92,255,253,6,4,False
393,快速鍵8 - 第9格,HOTBAR_8_9,93,255,253,6,4,False
394,快速鍵8 - 第10格,HOTBAR_8_0,94,255,253,6,4,False
395,快速鍵8 - 第11格,HOTBAR_8_A,95,255,253,6,4,False
396,快速鍵8 - 第12格,HOTBAR_8_B,96,255,253,6,4,False
397,快速鍵9 - 第1格,HOTBAR_9_1,97,255,253,6,4,False
398,快速鍵9 - 第2格,HOTBAR_9_2,98,255,253,6,4,False
399,快速鍵9 - 第3格,HOTBAR_9_3,99,255,253,6,4,False
400,快速鍵9 - 第4格,HOTBAR_9_4,100,255,253,6,4,False
401,快速鍵9 - 第5格,HOTBAR_9_5,101,255,253,6,4,False
402,快速鍵9 - 第6格,HOTBAR_9_6,102,255,253,6,4,False
403,快速鍵9 - 第7格,HOTBAR_9_7,103,255,253,6,4,False
404,快速鍵9 - 第8格,HOTBAR_9_8,104,255,253,6,4,False
405,快速鍵9 - 第9格,HOTBAR_9_9,105,255,253,6,4,False
406,快速鍵9 - 第10格,HOTBAR_9_0,106,255,253,6,4,False
407,快速鍵9 - 第11格,HOTBAR_9_A,107,255,253,6,4,False
408,快速鍵9 - 第12格,HOTBAR_9_B,108,255,253,6,4,False
409,快速鍵10 - 第1格,HOTBAR_10_1,109,255,253,6,4,False
410,快速鍵10 - 第2格,HOTBAR_10_2,110,255,253,6,4,False
411,快速鍵10 - 第3格,HOTBAR_10_3,111,255,253,6,4,False
412,快速鍵10 - 第4格,HOTBAR_10_4,112,255,253,6,4,False
413,快速鍵10 - 第5格,HOTBAR_10_5,113,255,253,6,4,False
414,快速鍵10 - 第6格,HOTBAR_10_6,114,255,253,6,4,False
415,快速鍵10 - 第7格,HOTBAR_10_7,115,255,253,6,4,False
416,快速鍵10 - 第8格,HOTBAR_10_8,116,255,253,6,4,False
417,快速鍵10 - 第9格,HOTBAR_10_9,117,255,253,6,4,False
418,快速鍵10 - 第10格,HOTBAR_10_0,118,255,253,6,4,False
419,快速鍵10 - 第11格,HOTBAR_10_A,119,255,253,6,4,False
420,快速鍵10 - 第12格,HOTBAR_10_B,120,255,253,6,4,False
421,特殊快速鍵 - 第1格,HOTBAR_EX_1,121,255,253,6,4,False
422,特殊快速鍵 - 第2格,HOTBAR_EX_2,122,255,253,6,4,False
423,特殊快速鍵 - 第3格,HOTBAR_EX_3,123,255,253,6,4,False
424,特殊快速鍵 - 第4格,HOTBAR_EX_4,124,255,253,6,4,False
425,特殊快速鍵 - 第5格,HOTBAR_EX_5,125,255,253,6,4,False
426,特殊快速鍵 - 第6格,HOTBAR_EX_6,126,255,253,6,4,False
427,特殊快速鍵 - 第7格,HOTBAR_EX_7,127,255,253,6,4,False
428,特殊快速鍵 - 第8格,HOTBAR_EX_8,128,255,253,6,4,False
429,特殊快速鍵 - 第9格,HOTBAR_EX_9,129,255,253,6,4,False
430,特殊快速鍵 - 第10格,HOTBAR_EX_0,130,255,253,6,4,False
431,特殊快速鍵 - 第11格,HOTBAR_EX_A,131,255,253,6,4,False
432,特殊快速鍵 - 第12格,HOTBAR_EX_B,132,255,253,6,4,False
433,任務指令2,HOTBAR_CONTENTS_ACT_L,134,255,253,6,4,False
434,任務指令1,HOTBAR_CONTENTS_ACT_R,133,255,253,6,4,False
451, 上方向鍵,VIRTUAL_PAD_UP,1,255,255,7,0,False
452, 下方向鍵,VIRTUAL_PAD_DOWN,2,255,255,7,0,False
453, 左方向鍵,VIRTUAL_PAD_LEFT,3,255,255,7,0,False
454, 右方向鍵,VIRTUAL_PAD_RIGHT,4,255,255,7,0,False
455, Y鍵,VIRTUAL_PAD_TRIANGLE,5,255,255,7,0,False
456, B鍵,VIRTUAL_PAD_CIRCLE,6,255,255,7,0,False
457, A鍵,VIRTUAL_PAD_CROSS,7,255,255,7,0,False
458, X鍵,VIRTUAL_PAD_SQUARE,8,255,255,7,0,False
459, START鍵,VIRTUAL_PAD_START,9,255,255,7,0,False
460, BACK鍵,VIRTUAL_PAD_SELECT,10,255,255,7,0,False
461, LB鍵,VIRTUAL_PAD_L1,11,255,255,7,0,False
462, LT鍵,VIRTUAL_PAD_L2,12,255,255,7,0,False
463, RB鍵,VIRTUAL_PAD_R1,13,255,255,7,0,False
464, RT鍵,VIRTUAL_PAD_R2,14,255,255,7,0,False
465, 左搖杆按鍵,VIRTUAL_PAD_L3,15,255,255,7,0,False
466, 右搖杆按鍵,VIRTUAL_PAD_R3,16,255,255,7,0,False
467, 左搖杆上方向,VIRTUAL_PAD_LSTICK_UP,17,255,255,7,0,False
468, 左搖杆下方向,VIRTUAL_PAD_LSTICK_DOWN,18,255,255,7,0,False
469, 左搖杆左方向,VIRTUAL_PAD_LSTICK_LEFT,19,255,255,7,0,False
470, 左搖杆右方向,VIRTUAL_PAD_LSTICK_RIGHT,20,255,255,7,0,False
471, 右搖杆上方向,VIRTUAL_PAD_RSTICK_UP,21,255,255,7,0,False
472, 右搖杆下方向,VIRTUAL_PAD_RSTICK_DOWN,22,255,255,7,0,False
473, 右搖杆左方向,VIRTUAL_PAD_RSTICK_LEFT,23,255,255,7,0,False
474, 右搖杆右方向,VIRTUAL_PAD_RSTICK_RIGHT,24,255,255,7,0,False
490,資訊中心,MENU_PLAY_GUIDE,74,255,255,3,0,False
491,自訂功能表指令,MENU_SUBCOMMAND_CUSTOMIZE,79,255,255,3,0,False
492,新人頻道參加名單,MENU_BEGINNER_CHANNEL_LIST,29,255,255,3,0,False
493,初學者學堂,MENU_BEGINNERS_MANSION,50,255,255,3,0,False
494,管弦樂琴樂譜集,MENU_ORCHESTRION,58,255,255,3,0,False
495,大型任務搜尋器,MENU_RAID_FINDER,42,255,255,3,0,False
496,戰鬥開始倒數,MENU_COUNTDOWN,35,255,255,3,0,False
497,戰友列表,MENU_CONTACTLIST,25,255,255,3,0,False
498,坐騎速度,MENU_GROUND_MOUNT_SPEED,67,255,255,3,0,False
499,陸行鳥鞍囊,MENU_BUDDY_BAG,10,255,255,3,0,False
500,任務回顧,MENU_CONTENTS_REPLAY,48,255,255,3,0,False
501,記錄準備確認,MENU_REPLAY_READY_CHECK,34,255,255,3,0,False
502,戰隊,MENU_PVPTEAM_UI,38,255,255,3,0,False
503,跨界通訊貝,MENU_CWLINKSHELL,40,255,255,3,0,False
504,鬧鐘,MENU_ALERM,80,255,255,3,0,False
505,青魔法書,MENU_AOZ,18,255,255,3,0,False
506,親信戰友,MENU_FAITH,45,255,255,3,0,False
507,F.A.T.E.事件完成度,MENU_FATE_PROGRESS,68,255,255,3,0,False
508,同好會,MENU_CIRCLE_LIST,23,255,255,3,0,False
509,同好招募,MENU_CIRCLE_RECRUIT,31,255,255,3,0,False
510,重要物品,MENU_MCGUFFIN,8,255,255,3,0,False
511,昔日重現模式,MENU_QUEST_REPLAY,49,255,255,3,0,False
512,時尚配件,MENU_ORNAMENT_NOTEBOOK,17,255,255,3,0,False
513,官方網站,WEBLINK,73,255,255,3,0,False
514,肖像列表,MENU_BANNER_LIST,5,255,255,3,0,False
515,劇情輔助器,MENU_SDS,44,255,255,3,0,False
516,冒險者銘牌,MENU_CHARA_CARD,4,255,255,3,0,False
517,特殊迷宮探索器,MENU_VVD,43,255,255,3,0,False
518,臉部配件,MENU_FACE_ACCESSORY,16,255,255,3,0,False
519,禁音名單,MENU_MUTE_LIST,27,255,255,3,0,False
520,過濾詞,TERM_FILTER,28,255,255,3,0,False
550,臨時切換到新人頻道,CMD_BEGINNER,32,255,255,4,5,False
551,切換到新人頻道,CMD_BEGINNER_ALWAYS,132,255,255,4,5,False
552,臨時切換到戰隊頻道,PVPTEAM_CHAT,11,255,255,4,5,False
553,切換到戰隊頻道,PVPTEAM_CHAT_ALWAYS,111,255,255,4,5,False
554,臨時切換到跨界通訊貝頻道（順序）,CMD_CWLINKSHELL,12,255,255,4,5,False
555,切換到跨界通訊貝頻道（順序）,CMD_CWLINKSHELL_ALWAYS,112,255,255,4,5,False
556,臨時切換到跨界通訊貝頻道（逆序）,CMD_CWLINKSHELL_REV,13,255,255,4,5,False
557,臨時切換到跨界通訊貝1頻道,CMD_CWLINKSHELL_1,14,255,255,4,5,False
558,臨時切換到跨界通訊貝2頻道,CMD_CWLINKSHELL_2,15,255,255,4,5,False
559,臨時切換到跨界通訊貝3頻道,CMD_CWLINKSHELL_3,16,255,255,4,5,False
560,臨時切換到跨界通訊貝4頻道,CMD_CWLINKSHELL_4,17,255,255,4,5,False
561,臨時切換到跨界通訊貝5頻道,CMD_CWLINKSHELL_5,18,255,255,4,5,False
562,臨時切換到跨界通訊貝6頻道,CMD_CWLINKSHELL_6,19,255,255,4,5,False
563,臨時切換到跨界通訊貝7頻道,CMD_CWLINKSHELL_7,20,255,255,4,5,False
564,臨時切換到跨界通訊貝8頻道,CMD_CWLINKSHELL_8,21,255,255,4,5,False
565,切換到跨界通訊貝頻道（逆序）,CMD_CWLINKSHELL_ALWAYS_REV,113,255,255,4,5,False
566,切換到跨界通訊貝1頻道,CMD_CWLINKSHELL_1_ALWAYS,114,255,255,4,5,False
567,切換到跨界通訊貝2頻道,CMD_CWLINKSHELL_2_ALWAYS,115,255,255,4,5,False
568,切換到跨界通訊貝3頻道,CMD_CWLINKSHELL_3_ALWAYS,116,255,255,4,5,False
569,切換到跨界通訊貝4頻道,CMD_CWLINKSHELL_4_ALWAYS,117,255,255,4,5,False
570,切換到跨界通訊貝5頻道,CMD_CWLINKSHELL_5_ALWAYS,118,255,255,4,5,False
571,切換到跨界通訊貝6頻道,CMD_CWLINKSHELL_6_ALWAYS,119,255,255,4,5,False
572,切換到跨界通訊貝7頻道,CMD_CWLINKSHELL_7_ALWAYS,120,255,255,4,5,False
573,切換到跨界通訊貝8頻道,CMD_CWLINKSHELL_8_ALWAYS,121,255,255,4,5,False
591,擴大消息欄,CHATLOG_VIEWERMODE,25,255,255,5,1,False
592,顯示主線導覽員的主線任務項目,MENU_SCENARIO_TREE,31,255,255,5,1,False
593,顯示主線導覽員的支線任務項目,MENU_SCENARIO_TREE_SUB,32,255,255,5,1,False
594,色覺多樣性設定：切換顏色輔助,ACCESSIBILITY_COLORBLIND,29,255,225,5,1,False
