#,Unknown0,Unknown1,Text,Unknown3,Unknown4
0.0,0,0,0,0,0
1.0,73259,8205207,38903,5,0
1.1,73259,8205208,38904,5,0
1.2,73265,8205049,38905,5,0
1.3,73259,8205209,38906,5,0
1.4,73265,8205050,38907,5,0
1.5,73260,8205220,38908,5,0
1.6,73260,8205221,38909,5,0
1.7,73265,8205052,38910,5,0
1.8,73259,8205210,38911,5,0
1.9,73260,8205222,38912,5,0
1.10,73261,8205211,38913,5,0
1.11,73259,8205212,38914,5,0
1.12,73260,8205224,38915,5,0
1.13,73265,8205054,38916,5,0
1.14,73260,8205226,38917,5,0
1.15,73259,8205213,38918,5,0
1.16,73259,8205214,38919,5,0
1.17,73265,8205056,38920,6,0
1.18,73265,8205057,38921,6,0
1.19,73259,8205215,38922,5,0
1.20,73262,8205241,38923,5,0
1.21,73259,8205216,38924,5,0
1.22,73260,8205227,38925,5,0
1.23,73263,8205242,38926,5,0
1.24,73265,8205058,38927,5,0
1.25,73265,8205059,38928,5,0
1.26,73264,8205244,38929,5,0
2.0,0,8205361,39100,5,6
2.1,0,8205362,39101,5,6
2.2,0,8205363,39102,5,6
2.3,0,8205364,39103,5,6
2.4,0,8205365,39104,5,6
2.5,0,8205366,39105,5,6
2.6,0,8205367,39106,5,6
2.7,0,8205368,39107,5,6
2.8,0,8205404,39108,5,0
2.9,0,8205405,39109,5,0
2.10,0,8205406,39110,5,0
2.11,0,8205407,39111,5,0
2.12,0,8205408,39112,5,0
2.13,0,8205409,39113,5,0
2.14,0,8205410,39114,5,0
2.15,0,8205411,39115,5,0
2.16,0,8205412,39116,5,0
2.17,0,8205413,39117,5,0
2.18,0,8205414,39118,5,0
2.19,0,8205415,39119,5,0
2.20,0,8205416,39120,5,0
2.21,0,8205417,39121,5,0
2.22,0,8205418,39122,5,0
2.23,0,8205419,39123,5,0
2.24,0,8205420,39124,5,0
2.25,0,8205421,39125,5,0
2.26,0,8205422,39126,5,0
2.27,0,8205423,39127,5,0
2.28,0,8205424,39128,5,0
3.0,0,8205279,38710,4,6
3.1,0,8205337,38711,4,0
3.2,0,8205312,38712,4,11
3.3,0,8205338,38713,4,0
3.4,0,8205280,38714,5,0
3.5,0,8205314,38716,6,11
3.6,0,8205313,38717,4,11
3.7,0,8205281,38718,4,6
3.8,0,8205282,38719,5,6
3.9,0,8205262,38720,4,0
3.10,0,8205312,38721,4,11
3.11,0,8205263,38722,4,0
3.12,0,8205283,38723,4,0
3.13,0,8205284,38725,4,0
3.14,0,8205285,38726,4,0
3.15,0,8205336,38727,4,0
3.16,0,8205315,38728,6,11
3.17,0,8205286,38730,4,6
3.18,0,8205287,38731,5,6
3.19,0,8205316,38732,4,11
3.20,0,8205339,38733,5,0
3.21,0,8205340,38734,5,0
3.22,0,8205317,38735,5,11
3.23,0,8205319,38740,5,11
3.24,0,8205320,38741,5,11
3.25,0,8205321,38742,5,11
3.26,0,0,0,0,0
3.27,0,8205323,38744,5,11
3.28,0,8205324,38745,5,11
3.29,0,8205325,38746,5,11
3.30,0,8205326,38747,5,11
3.31,0,8205327,38748,5,11
3.32,0,8205328,38749,5,11
3.33,0,8205329,38750,5,11
3.34,0,8205330,38751,5,11
3.35,0,8205331,38752,5,11
3.36,0,8205332,38753,5,11
3.37,0,0,0,0,0
3.38,0,8205334,38755,5,11
3.39,0,8205335,38756,5,11
4.0,73258,8205158,38501,5,0
4.1,73258,8205159,38502,5,0
4.2,73258,8205160,38503,5,0
4.3,73258,8205161,38504,5,0
4.4,73258,8205162,38505,5,0
4.5,73258,8205163,38506,5,0
4.6,73258,8205164,38507,5,0
4.7,73258,8205165,38508,5,0
4.8,0,0,38509,5,0
4.9,0,0,38510,4,0
4.10,0,0,0,0,0
4.11,73258,8205169,38512,5,0
4.12,73258,8205170,38513,5,0
4.13,73258,8205171,38514,5,0
4.14,73258,8205172,38515,5,0
4.15,73258,8205173,38516,5,0
4.16,73258,8205174,38517,5,0
4.17,73258,8205175,38518,5,0
4.18,73258,8205181,38519,5,0
5.0,73268,8205182,39201,4,0
5.1,73265,8205062,39202,5,0
5.2,0,0,39203,5,0
5.3,73266,8205099,39204,5,0
5.4,73269,8205196,39205,5,0
5.5,73269,8205202,39206,5,0
5.6,73268,8205183,39207,5,0
5.7,73266,8205101,39209,5,0
5.8,73268,8205184,39210,5,0
5.9,73265,8205064,39211,5,0
5.10,73268,8205186,39212,4,0
5.11,73265,8205065,39213,5,0
5.12,73265,8205066,39214,5,0
5.13,73268,8205187,39215,5,0
5.14,73266,8205102,39216,7,0
5.15,73268,8205189,39219,5,0
5.16,73269,8205201,39220,5,0
5.17,73268,8205185,39221,5,0
5.18,73265,0,39222,5,0
5.19,73269,8205195,39223,4,0
5.20,73269,8205197,39224,5,0
5.21,0,0,39225,1,7
5.22,0,0,39226,1,7
5.23,0,0,39227,1,7
5.24,0,0,39228,1,7
5.25,0,0,39229,1,7
5.26,73269,8205205,39230,4,0
6.0,0,0,39001,5,0
6.1,0,0,39002,6,0
6.2,0,0,39003,6,0
6.3,0,0,39004,5,0
6.4,0,0,39005,5,0
6.5,0,0,39006,7,0
6.6,0,0,39008,7,0
6.7,0,0,39009,5,0
6.8,0,0,39010,6,0
6.9,0,0,39011,6,0
6.10,0,0,39012,7,0
6.11,0,0,39013,5,0
6.12,0,0,39014,5,0
6.13,0,0,39015,5,0
6.14,0,0,39016,5,0
6.15,0,0,39017,6,0
6.16,0,0,39018,6,0
6.17,0,0,39019,5,7
6.18,0,0,39020,1,7
6.19,0,0,39021,1,7
6.20,0,0,39022,1,7
6.21,0,0,39023,1,7
6.22,0,0,39024,1,7
6.23,0,0,39026,6,0
6.24,0,0,39027,7,0
6.25,0,0,39028,5,0
6.26,0,0,39031,7,0
6.27,0,0,39032,5,0
7.0,0,0,38210,6,6
7.1,0,0,38211,6,0
7.2,0,0,38212,6,6
7.3,0,0,38213,5,0
7.4,0,0,38214,6,6
7.5,0,0,38215,4,0
7.6,0,0,38216,5,0
7.7,0,0,38217,4,0
7.8,0,0,38218,6,11
7.9,0,0,38219,6,6
7.10,0,0,38220,6,6
7.11,0,0,38221,6,6
7.12,0,0,38222,6,6
7.13,0,0,38223,4,0
7.14,0,0,38224,5,0
7.15,0,0,38225,6,11
7.16,0,0,38226,4,11
7.17,0,0,38227,5,11
7.18,0,0,38228,5,11
7.19,0,0,38229,5,11
7.20,0,0,38230,4,11
7.21,0,0,38231,4,11
7.22,0,0,38232,6,11
7.23,0,0,38234,6,0
7.24,0,0,38235,4,0
7.25,0,0,38236,4,0
7.26,0,0,38237,5,0
7.27,0,0,38238,6,0
7.28,0,0,38239,4,0
7.29,0,0,38240,5,0
7.30,0,0,38241,5,0
8.0,0,0,39301,5,0
8.1,0,0,39302,5,0
8.2,0,0,39303,5,0
8.3,0,0,39304,7,0
8.4,0,0,39305,5,0
8.5,0,0,39306,6,0
8.6,0,0,39307,5,0
8.7,0,0,39308,6,0
8.8,0,0,39309,7,0
8.9,0,0,39310,7,0
8.10,0,0,39311,7,0
8.11,0,0,39312,5,0
8.12,0,0,39313,7,0
8.13,0,0,39314,6,0
8.14,0,0,39315,5,0
8.15,0,0,39316,6,0
8.16,0,0,39317,5,0
8.17,0,0,39318,5,0
8.18,0,0,39319,7,0
8.19,0,0,39320,7,0
8.20,0,0,39321,5,0
8.21,0,0,39322,6,0
8.22,0,0,39323,7,0
8.23,0,0,39324,7,0
8.24,0,0,39325,7,0
8.25,0,0,39326,7,0
8.26,0,0,39327,7,0
8.27,0,0,39328,7,0
8.28,0,0,39329,7,0
8.29,0,0,39330,6,0
8.30,0,0,39331,7,0
8.31,0,0,39332,7,0
8.32,0,0,39333,6,0
8.33,0,0,39334,5,0
8.34,0,0,39335,6,0
9.0,0,0,39512,7,1
9.1,0,0,39513,6,1
9.2,0,0,39514,7,1
9.3,0,0,39515,7,1
9.4,0,0,39516,7,1
9.5,0,0,39517,7,1
9.6,0,0,39518,7,1
9.7,0,0,39519,7,1
9.8,0,0,39520,7,1
9.9,0,0,39521,6,1
9.10,0,0,39522,7,1
9.11,0,0,39523,7,1
9.12,0,0,39524,7,1
9.13,0,0,39525,7,1
9.14,0,0,39526,6,1
9.15,0,0,39527,7,1
9.16,0,0,39528,6,1
9.17,0,0,39529,7,1
9.18,0,0,39530,7,1
9.19,0,0,39531,7,1
9.20,0,0,39532,7,1
9.21,0,0,39533,7,1
10.0,0,0,38106,4,1
10.1,0,0,38107,6,1
10.2,0,0,38108,4,1
10.3,0,0,38109,6,1
10.4,0,8205150,38111,6,1
10.5,0,8205151,38112,6,1
10.6,0,8205152,38113,6,1
10.7,0,8205153,38114,6,1
10.8,0,8205154,38115,6,1
10.9,0,8205155,38116,6,1
10.10,0,8205156,38117,6,1
10.11,0,8205157,38118,6,1
10.12,0,0,38119,6,1
11.0,73270,8205264,39712,5,0
11.1,73270,0,39713,5,0
11.2,73270,0,39714,5,0
11.3,73265,8205067,39715,5,0
11.4,0,0,0,0,0
11.5,73011,8205002,39717,5,0
11.6,73270,0,39718,5,0
11.7,73270,0,39719,5,0
11.8,73011,8205003,39720,5,0
11.9,73265,8205069,39721,5,0
11.10,73270,8205269,39722,5,0
11.11,73270,0,39723,5,0
11.12,0,0,0,0,0
11.13,73271,8205245,39725,5,0
11.14,73265,8205070,39726,5,0
11.15,73271,8205246,39727,5,0
11.16,73011,8205004,39728,5,0
11.17,73271,8205247,39729,5,0
11.18,73270,8205272,39730,5,0
11.19,73271,8205248,39731,5,0
11.20,73265,8205071,39732,5,0
11.21,73270,8205273,39733,5,0
11.22,73265,8205072,39734,5,0
11.23,73270,8205274,39735,5,0
11.24,0,0,0,0,0
11.25,73271,8205249,39737,5,0
11.26,73272,8205250,39738,5,0
11.27,73270,8205276,39739,5,0
11.28,0,0,0,0,0
11.29,73272,8205253,39741,5,0
11.30,73011,8205005,39742,5,0
11.31,73265,8205073,39743,5,0
11.32,73011,8205006,39744,5,0
11.33,73272,8205254,39745,5,0
11.34,73272,8205256,39746,5,0
11.35,73272,8205257,39747,5,0
11.36,73011,8205007,39748,5,0
11.37,73272,8205258,39749,5,0
11.38,73272,8205259,39750,5,0
11.39,73270,8205277,39751,5,0
11.40,73272,8205260,39752,5,0
11.41,73270,8205278,39753,5,0
11.42,73272,8205261,39754,5,0
11.43,73272,8205255,39755,5,0
12.0,0,0,40003,7,0
12.1,0,0,40004,7,0
12.2,0,0,40005,7,0
12.3,0,0,40007,6,0
12.4,0,0,40008,6,0
12.5,0,0,40009,7,0
12.6,0,0,40010,5,0
12.7,0,0,40011,5,0
12.8,0,0,40012,6,0
12.9,0,0,0,0,0
12.10,0,0,40013,5,0
13.0,0,0,40102,5,0
13.1,0,0,40103,5,0
13.2,0,0,40104,5,0
13.3,0,0,40105,5,0
13.4,0,0,40106,7,0
13.5,0,0,40107,7,0
13.6,0,0,40108,7,0
13.7,0,0,40109,6,0
13.8,0,0,40110,7,0
13.9,0,0,40111,5,0
13.10,0,0,40112,5,0
13.11,0,0,40113,7,0
13.12,0,0,40114,5,0
13.13,0,0,40115,5,0
13.14,0,0,40116,7,0
13.15,0,0,40117,7,0
13.16,0,0,40118,7,0
13.17,0,0,40119,5,0
13.18,0,0,40120,6,0
13.19,0,0,40121,7,0
13.20,0,0,40122,7,0
13.21,0,0,40123,5,0
13.22,0,0,40124,5,0
13.23,0,0,40125,7,0
13.24,0,0,40126,7,0
13.25,0,0,40127,5,0
13.26,0,0,40128,6,0
13.27,0,0,40129,6,0
13.28,0,0,40130,7,0
13.29,0,0,40131,7,0
13.30,0,0,40132,7,0
13.31,0,0,40133,7,0
13.32,0,0,40134,7,0
13.33,0,0,40135,7,0
13.34,0,0,40136,6,0
13.35,0,0,40137,6,0
13.36,0,0,0,0,0
14.0,0,0,38806,6,0
14.1,0,0,38807,6,0
14.2,0,0,38808,6,0
14.3,0,0,38809,6,0
14.4,0,0,38810,6,0
14.5,0,0,38833,5,11
14.6,0,0,38837,5,11
14.7,0,0,38835,5,11
15.0,0,0,39601,6,0
15.1,0,0,39602,7,0
15.2,0,0,39608,7,0
15.3,0,0,39609,5,0
15.4,0,0,39603,7,0
15.5,0,0,39604,6,0
15.6,0,0,39605,7,0
15.7,0,0,39606,6,0
15.8,0,0,39607,7,0
15.9,0,0,39610,7,0
15.10,0,0,39611,7,0
15.11,0,0,39612,7,0
15.12,0,0,39613,5,0
15.13,0,0,39614,7,0
15.14,0,0,39615,7,0
15.15,0,0,39616,6,0
15.16,0,0,39621,6,0
15.17,0,0,39617,6,0
15.18,0,0,39618,7,0
15.19,0,0,39619,5,0
15.20,0,0,39620,7,0
15.21,0,0,39622,7,0
15.22,0,0,39623,5,0
15.23,0,0,39624,6,0
16.0,73273,8205289,39800,4,11
16.1,73273,8205290,39801,4,11
16.2,73273,8205291,39802,4,11
16.3,73273,8205292,39803,4,11
16.4,73273,8205293,39804,4,11
16.5,73273,8205294,39805,5,11
16.6,73273,8205295,39806,4,11
16.7,73273,8205296,39807,4,11
16.8,73273,8205297,39808,6,11
16.9,73273,8205298,39809,6,11
16.10,73273,8205299,39810,6,11
16.11,73273,8205300,39811,4,11
16.12,73273,8205301,39812,5,11
16.13,73273,8205302,39813,5,11
16.14,73273,8205303,39814,5,11
16.15,73270,8205308,39825,4,0
16.16,73265,8205081,39826,4,0
16.17,73265,8205082,39827,5,0
16.18,73270,8205309,39828,4,0
16.19,73265,8205083,39829,8,0
16.20,73270,8205310,39830,4,0
16.21,73270,8205311,39831,5,0
16.22,73265,8205084,39832,4,0
16.23,73265,8205085,39833,5,0
16.24,0,0,39834,1,7
16.25,0,0,39835,1,7
16.26,0,0,39836,1,7
16.27,0,0,39837,1,7
16.28,0,0,39838,1,7
17.0,0,8205116,40400,6,0
17.1,0,8205117,40401,4,0
17.2,0,8205118,40402,4,0
17.3,0,8205119,40403,5,0
17.4,0,8205120,40404,4,0
17.5,0,8205121,40405,4,0
17.6,0,8205122,40406,5,0
17.7,0,8205123,40407,4,0
17.8,0,8205124,40408,5,0
17.9,0,8205125,40409,4,0
17.10,0,8205126,40410,4,0
17.11,0,8205127,40411,4,0
17.12,0,8205128,40412,4,0
17.13,0,8205129,40413,4,0
17.14,0,8205130,40414,4,0
17.15,0,8205132,40416,4,0
17.16,0,8205134,40418,4,0
17.17,0,8205135,40419,5,0
17.18,0,8205136,40420,5,0
17.19,0,8205137,40421,5,0
17.20,0,8205138,40422,5,0
17.21,0,8205139,40423,5,0
18.0,0,0,40050,7,0
18.1,0,0,40051,7,0
18.2,0,0,40058,5,0
18.3,0,0,40059,7,0
18.4,0,0,40061,7,0
18.5,0,0,40063,7,0
18.6,0,0,40064,7,0
18.7,0,0,40065,6,0
18.8,0,0,40067,7,0
18.9,0,0,40068,7,0
18.10,0,0,40069,7,0
18.11,0,0,40070,7,0
18.12,0,0,40078,7,0
18.13,0,0,40079,7,0
18.14,0,0,40080,7,0
18.15,0,0,40081,7,0
18.16,0,0,40082,7,0
18.17,0,0,40083,7,0
18.18,0,0,40087,7,0
18.19,0,0,40088,7,0
18.20,0,0,40089,7,0
18.21,0,0,40090,6,0
18.22,0,0,40092,7,0
18.23,0,0,40052,7,0
18.24,0,0,40053,7,0
18.25,0,0,40054,7,0
18.26,0,0,40055,7,0
19.0,0,8205341,40700,4,6
19.1,0,8205342,40701,4,6
19.2,0,8205343,40702,4,6
19.3,0,8205344,40703,4,6
19.4,0,8205345,40704,4,6
19.5,0,8205346,40705,4,6
19.6,0,8205347,40706,4,6
19.7,0,8205348,40707,4,6
19.8,0,8205349,40708,4,6
19.9,0,8205350,40709,4,6
19.10,0,8205351,40710,4,6
19.11,0,8205352,40711,4,6
19.12,0,8205388,40712,4,6
19.13,0,0,0,0,0
19.14,0,0,0,0,0
19.15,0,0,0,0,0
19.16,0,0,0,0,0
19.17,0,0,0,0,0
19.18,0,0,0,0,0
19.19,0,0,0,0,0
19.20,0,0,0,0,0
19.21,0,0,0,0,0
19.22,0,0,0,0,0
19.23,0,0,0,0,0
19.24,0,0,0,0,0
19.25,0,0,0,0,0
20.0,0,8205441,40300,4,0
20.1,0,8205442,40301,4,0
20.2,0,8205443,40302,5,0
20.3,0,8205444,40303,4,0
20.4,0,8205445,40304,4,0
20.5,0,8205446,40305,4,0
20.6,0,8205447,40306,4,0
20.7,0,8205448,40307,4,0
20.8,0,8205449,40308,4,0
20.9,0,8205379,40309,4,6
20.10,0,8205380,40310,5,6
20.11,0,8205381,40311,4,6
20.12,0,8205450,40312,4,0
20.13,0,8205451,40313,4,0
20.14,0,8205452,40314,4,0
20.15,0,8205453,40315,4,0
20.16,0,8205454,40316,4,0
20.17,0,8205455,40317,4,0
20.18,0,8205456,40318,4,0
20.19,0,8205457,40319,4,0
20.20,0,8205458,40320,4,0
20.21,0,8205459,40321,4,0
20.22,0,8205382,40322,5,6
20.23,0,8205383,40323,4,6
20.24,0,8205384,40324,6,6
20.25,0,8205460,40325,4,0
20.26,0,8205461,40326,4,0
20.27,0,8205462,40327,4,0
20.28,0,8205463,40328,4,0
20.29,0,8205464,40329,5,0
20.30,0,8205465,40330,4,0
20.31,0,8205466,40331,4,0
20.32,0,8205467,40332,4,0
20.33,0,8205468,40333,4,0
20.34,0,8205385,40334,4,6
20.35,0,8205386,40335,4,6
20.36,0,8205387,40336,4,6
21.0,0,0,39901,5,0
21.1,0,0,39902,6,0
21.2,0,0,39903,6,0
21.3,0,0,39904,6,0
21.4,0,0,39905,7,0
21.5,0,0,39906,5,0
21.6,0,0,39907,5,0
21.7,0,0,39908,7,0
21.8,0,0,39909,7,0
21.9,0,0,39910,7,0
21.10,0,0,39911,5,0
21.11,0,0,39912,6,0
21.12,0,0,39913,7,0
21.13,0,0,39914,6,0
21.14,0,0,39915,6,0
21.15,0,0,39916,5,0
21.16,0,0,39917,5,0
21.17,0,0,39918,7,0
21.18,0,0,39919,6,0
21.19,0,0,39920,6,0
21.20,0,0,39921,7,0
21.21,0,0,39922,6,0
21.22,0,0,39923,6,0
21.23,0,0,39924,6,0
21.24,0,0,39925,6,0
21.25,0,0,39926,7,0
21.26,0,0,39927,5,0
21.27,0,0,39928,7,0
21.28,0,0,39929,5,0
21.29,0,0,39935,6,0
21.30,0,0,39936,7,0
21.31,0,0,39937,7,0
21.32,0,0,39938,6,0
21.33,0,0,39939,6,0
22.0,0,0,38307,6,0
22.1,0,0,38308,7,0
22.2,0,0,38309,6,0
22.3,0,0,38310,7,0
22.4,0,0,38311,7,0
22.5,0,0,38312,7,0
22.6,0,0,38313,6,0
22.7,0,0,38314,7,0
22.8,0,0,38315,6,0
22.9,0,0,38316,7,0
22.10,0,0,38317,7,0
22.11,0,0,38318,7,0
22.12,0,0,38319,7,0
22.13,0,0,38320,7,0
22.14,0,0,38321,7,0
22.15,0,0,38322,7,0
22.16,0,0,38323,8,0
22.17,0,0,38324,8,0
22.18,0,0,38325,7,0
22.19,0,0,38337,7,0
22.20,0,0,38349,6,11
22.21,0,0,38350,6,11
22.22,0,0,38351,6,11
22.23,0,0,38352,6,11
22.24,0,0,38353,6,11
22.25,0,0,38354,6,11
22.26,0,0,38355,6,11
22.27,0,0,38356,6,11
22.28,0,0,38357,6,11
22.29,0,0,38345,6,11
22.30,0,0,38348,6,11
23.0,0,0,40906,4,0
23.1,0,0,40907,4,0
23.2,0,0,40908,4,0
23.3,0,0,40909,4,0
23.4,0,0,40910,4,0
23.5,0,0,40911,4,0
23.6,0,0,40912,4,0
23.7,0,0,40913,4,0
23.8,0,0,40918,5,0
23.9,0,0,40920,5,0
23.10,0,0,40921,6,0
23.11,0,0,40914,5,0
23.12,0,0,40915,4,0
23.13,0,0,40916,4,0
23.14,0,0,40917,4,0
23.15,0,0,40919,5,0
23.16,0,0,40922,6,0
24.0,0,0,0,0,0
25.0,0,0,0,0,0
26.0,0,0,40504,5,0
26.1,0,0,40505,5,0
26.2,0,0,40506,5,0
26.3,0,0,40507,5,0
26.4,0,0,40508,5,0
26.5,0,0,40509,5,0
26.6,0,0,40510,5,0
26.7,0,0,40511,5,0
26.8,0,0,40512,5,0
26.9,0,0,40513,5,0
26.10,0,0,40514,5,0
26.11,0,0,40515,5,0
26.12,0,0,40516,5,0
26.13,0,0,40517,5,0
26.14,0,0,40518,5,0
26.15,0,0,40522,5,0
26.16,0,0,40523,5,0
26.17,0,0,40524,5,0
26.18,0,0,40525,5,0
26.19,0,0,40526,5,0
26.20,0,0,40527,5,0
26.21,0,0,40528,5,0
26.22,0,0,40529,5,0
26.23,0,0,40530,5,0
26.24,0,0,40531,5,0
26.25,0,0,40532,5,0
26.26,0,0,40533,5,0
26.27,0,0,40534,5,0
26.28,0,0,40535,5,0
26.29,0,0,40536,5,0
26.30,0,0,40537,5,0
26.31,0,0,40538,5,0
26.32,0,0,40539,5,0
26.33,0,0,40540,5,0
26.34,0,0,40541,5,0
26.35,0,0,40542,5,0
26.36,0,0,40519,5,0
26.37,0,0,40520,5,0
26.38,0,0,40521,5,0
26.39,0,0,40543,5,0
26.40,0,0,40544,5,0
27.0,0,8205353,40601,4,6
27.1,0,8205354,40602,5,6
27.2,0,8205355,40604,4,6
27.3,0,8205356,40605,4,6
27.4,0,8205357,40606,5,6
27.5,0,8205358,40613,5,6
27.6,0,8205360,40616,4,6
27.7,0,8205389,40600,4,0
27.8,0,8205391,40607,4,0
27.9,0,8205392,40608,4,0
27.10,0,8205401,40619,4,0
27.11,0,8205390,40603,4,0
27.12,0,8205394,40610,4,0
27.13,0,8205393,40609,4,0
27.14,0,8205399,40617,4,0
27.15,0,8205400,40618,4,0
27.16,0,8205397,40614,4,0
27.17,0,8205395,40611,4,0
27.18,0,8205396,40612,5,0
27.19,0,8205398,40615,4,0
27.20,0,8205402,40620,4,0
27.21,0,8205403,40621,5,0
28.0,0,0,38606,4,0
28.1,0,0,38607,4,0
28.2,0,0,38608,4,0
28.3,0,0,38609,5,0
28.4,0,0,38610,4,0
28.5,0,0,38611,6,0
28.6,0,0,38612,6,0
28.7,0,0,38613,6,0
28.8,0,0,38614,6,0
29.0,0,8205425,40201,4,0
29.1,0,8205369,40202,5,6
29.2,0,8205426,40203,4,0
29.3,0,8205440,40204,5,11
29.4,0,8205427,40205,4,0
29.5,0,8205370,40206,5,6
29.6,0,8205428,40207,4,0
29.7,0,8205429,40208,4,0
29.8,0,8205371,40209,4,6
29.9,0,8205431,40212,4,0
29.10,0,8205375,40213,5,6
29.11,0,8205432,40214,4,0
29.12,0,8205433,40215,4,0
29.13,0,8205376,40216,5,6
29.14,0,8205434,40217,4,0
29.15,0,8205377,40218,5,6
29.16,0,8205435,40219,5,0
29.17,0,8205378,40220,5,6
29.18,0,8205436,40221,4,0
30.0,0,8205228,40800,4,0
30.1,0,8205229,40801,4,6
30.2,0,8205230,40802,4,0
30.3,0,8205231,40803,4,0
30.4,0,8205232,40804,4,0
30.5,0,8205233,40805,4,0
30.6,0,8205234,40806,4,0
30.7,0,8205235,40807,4,0
30.8,0,8205236,40808,4,0
30.9,0,8205237,40809,4,0
30.10,0,8205238,40810,4,0
30.11,0,8205239,40811,4,0
30.12,0,8205240,40812,4,0
30.13,0,0,0,0,0
30.14,0,0,0,0,0
30.15,0,0,0,0,0
31.0,73266,8205500,41005,5,0
31.1,73266,8205501,41006,7,0
31.2,73266,8205502,41007,5,0
31.3,73266,8205487,41008,5,0
31.4,73265,8205476,41009,7,0
31.5,0,0,0,0,0
31.6,73266,8205488,41011,5,0
31.7,73275,8205505,41012,7,0
31.8,0,0,0,0,0
31.9,73266,8205489,41014,6,0
31.10,73266,8205490,41015,7,0
31.11,0,0,0,0,0
31.12,73266,8205491,41017,5,0
31.13,73265,8205477,41018,5,0
31.14,0,0,0,0,0
31.15,73275,8205506,41020,6,0
31.16,73275,8205507,41021,6,0
31.17,73265,8205478,41022,5,0
31.18,0,0,0,0,0
31.19,73266,8205493,41024,5,0
31.20,0,0,0,0,0
31.21,73266,0,41026,5,0
31.22,73266,8205494,41027,5,0
31.23,73276,8205495,41028,6,0
31.24,73265,8205480,41029,6,0
31.25,73276,8205496,41030,6,0
31.26,73276,8205497,41031,7,0
31.27,73276,8205498,41032,7,0
31.28,73265,8205481,41033,5,0
31.29,73265,8205483,41034,5,0
31.30,73276,8205499,41035,6,0
31.31,0,0,0,0,0
31.32,73276,8205503,41037,6,0
31.33,0,0,0,0,0
31.34,73265,8205484,41039,7,0
31.35,73265,8205485,41040,6,0
31.36,0,0,0,0,0
31.37,73276,8205504,41042,7,0
31.38,73265,8205486,41043,5,0
31.39,73265,0,41044,7,0
31.40,73276,0,41045,6,0
31.41,73265,8205479,41046,5,0
31.42,73276,8205500,41005,6,0
31.43,73265,8205482,41047,5,0
31.44,73276,0,41048,7,0
31.45,73276,0,41049,7,0
32.0,0,8205609,41417,4,0
32.1,0,8205610,41418,4,0
32.2,0,8205611,41419,4,0
32.3,0,8205612,41420,4,0
32.4,0,8205613,41421,4,0
32.5,0,8205614,41422,4,0
32.6,0,8205615,41423,4,0
32.7,0,8205616,41424,4,0
32.8,0,8205617,41425,4,0
32.9,0,8205618,41426,4,0
32.10,0,8205619,41427,4,0
32.11,0,8205620,41428,4,0
32.12,0,8205621,41429,4,0
32.13,0,8205622,41430,4,0
32.14,0,8205623,41431,4,0
32.15,0,8205624,41432,4,0
32.16,0,8205625,41433,5,0
32.17,0,8205626,41434,5,0
32.18,0,8205627,41435,5,0
32.19,0,8205628,41436,5,0
32.20,0,8205629,41437,5,0
32.21,0,8205603,41438,6,0
32.22,0,8205604,41439,4,0
32.23,0,8205605,41440,6,0
32.24,0,8205606,41441,4,0
32.25,0,8205607,41442,6,0
32.26,0,8205608,41443,4,0
32.27,0,8205599,41444,6,0
32.28,0,8205600,41445,4,0
32.29,0,8205601,41446,6,0
32.30,0,8205602,41447,4,0
32.31,0,8205650,41456,6,0
32.32,0,8205651,41457,6,0
32.33,0,8205663,41458,4,0
32.34,0,8205652,41459,6,0
32.35,0,8205653,41460,6,0
32.36,0,8205654,41461,6,0
32.37,0,8205664,41462,6,0
32.38,0,8205655,41463,6,0
32.39,0,8205656,41464,6,0
32.40,0,8205665,41465,6,0
32.41,0,8205657,41466,6,0
32.42,0,8205582,41400,8,0
32.43,0,8205583,41401,7,0
32.44,0,8205584,41402,5,0
32.45,0,8205585,41403,8,0
32.46,0,8205586,41404,6,0
32.47,0,8205587,41405,5,0
32.48,0,8205588,41406,5,0
32.49,0,8205589,41407,6,0
32.50,0,8205590,41408,7,0
32.51,0,8205591,41409,8,0
32.52,0,8205592,41410,8,0
32.53,0,8205593,41411,8,0
32.54,0,8205594,41412,8,0
32.55,0,8205595,41413,4,0
32.56,0,8205596,41414,8,0
32.57,0,8205597,41415,8,0
32.58,0,8205598,41416,8,0
32.59,0,0,41467,5,7
32.60,0,0,41468,1,7
32.61,0,0,41469,1,7
32.62,0,0,41470,1,7
32.63,0,0,41471,1,7
32.64,0,0,41472,1,7
32.65,0,8205630,41473,1,0
32.66,0,8205633,41474,3,0
32.67,0,8205634,41475,3,0
32.68,0,0,41476,5,7
32.69,0,0,41477,5,7
32.70,0,8205631,41473,1,0
32.71,0,8205632,41473,1,0
33.0,0,0,0,0,0
33.1,0,0,0,0,0
33.2,0,0,0,0,0
33.3,0,0,0,0,0
33.4,0,0,0,0,0
33.5,0,0,0,0,0
33.6,0,0,0,0,0
33.7,0,0,0,0,0
33.8,0,0,0,0,0
33.9,0,0,0,0,0
33.10,0,0,0,0,0
33.11,0,0,0,0,0
33.12,0,0,0,0,0
33.13,0,0,0,0,0
33.14,0,0,0,0,0
33.15,0,0,0,0,0
33.16,0,0,0,0,0
33.17,0,0,0,0,0
33.18,0,0,0,0,0
33.19,0,0,0,0,0
33.20,0,0,0,0,0
33.21,0,0,0,0,0
33.22,0,0,0,0,0
33.23,0,0,0,0,0
33.24,0,0,0,0,0
33.25,0,0,0,0,0
33.26,0,0,0,0,0
33.27,0,0,0,0,0
33.28,0,0,0,0,0
33.29,0,0,0,0,0
33.30,0,0,0,0,0
33.31,0,0,0,0,0
33.32,0,0,0,0,0
33.33,0,0,0,0,0
33.34,0,0,0,0,0
33.35,0,0,0,0,0
33.36,0,0,0,0,0
33.37,0,0,0,0,0
33.38,0,0,0,0,0
33.39,0,0,0,0,0
33.40,0,0,0,0,0
33.41,0,0,0,0,0
33.42,0,0,0,0,0
33.43,0,0,0,0,0
33.44,0,0,0,0,0
33.45,0,0,0,0,0
33.46,0,0,0,0,0
33.47,0,0,0,0,0
33.48,0,0,0,0,0
33.49,0,0,0,0,0
33.50,0,0,0,0,0
33.51,0,0,0,0,0
33.52,0,0,0,0,0
33.53,0,0,0,0,0
33.54,0,0,0,0,0
33.55,0,0,0,0,0
33.56,0,0,0,0,0
33.57,0,0,0,0,0
33.58,0,0,0,0,0
33.59,0,0,0,0,0
33.60,0,0,0,0,0
33.61,0,0,0,0,0
33.62,0,0,0,0,0
33.63,0,0,0,0,0
33.64,0,0,0,0,0
33.65,0,0,0,0,0
33.66,0,0,0,0,0
33.67,0,0,0,0,0
33.68,0,0,0,0,0
33.69,0,0,0,0,0
34.0,0,0,0,0,0
34.1,0,0,0,0,0
34.2,0,0,0,0,0
34.3,0,0,0,0,0
34.4,0,0,0,0,0
34.5,0,0,0,0,0
34.6,0,0,0,0,0
34.7,0,0,0,0,0
34.8,0,0,0,0,0
34.9,0,0,0,0,0
34.10,0,0,0,0,0
34.11,0,0,0,0,0
34.12,0,0,0,0,0
34.13,0,0,0,0,0
34.14,0,0,0,0,0
34.15,0,0,0,0,0
34.16,0,0,0,0,0
34.17,0,0,0,0,0
34.18,0,0,0,0,0
34.19,0,0,0,0,0
34.20,0,0,0,0,0
34.21,0,0,0,0,0
34.22,0,0,0,0,0
34.23,0,0,0,0,0
34.24,0,0,0,0,0
34.25,0,0,0,0,0
34.26,0,0,0,0,0
34.27,0,0,0,0,0
34.28,0,0,0,0,0
34.29,0,0,0,0,0
34.30,0,0,0,0,0
34.31,0,0,0,0,0
34.32,0,0,0,0,0
34.33,0,0,0,0,0
34.34,0,0,0,0,0
34.35,0,0,0,0,0
34.36,0,0,0,0,0
34.37,0,0,0,0,0
34.38,0,0,0,0,0
34.39,0,0,0,0,0
34.40,0,0,0,0,0
34.41,0,0,0,0,0
34.42,0,0,0,0,0
34.43,0,0,0,0,0
34.44,0,0,0,0,0
34.45,0,0,0,0,0
34.46,0,0,0,0,0
34.47,0,0,0,0,0
34.48,0,0,0,0,0
34.49,0,0,0,0,0
34.50,0,0,0,0,0
34.51,0,0,0,0,0
34.52,0,0,0,0,0
34.53,0,0,0,0,0
34.54,0,0,0,0,0
34.55,0,0,0,0,0
34.56,0,0,0,0,0
34.57,0,0,0,0,0
34.58,0,0,0,0,0
34.59,0,0,0,0,0
34.60,0,0,0,0,0
34.61,0,0,0,0,0
35.0,73273,8205289,41600,4,11
35.1,73273,8205290,41601,4,11
35.2,73273,8205291,41602,4,11
35.3,73273,8205292,41603,4,11
35.4,73273,8205293,41604,4,11
35.5,73273,8205294,41605,6,11
35.6,73273,8205295,41606,4,11
35.7,73273,8205296,41607,4,11
35.8,73273,8205297,41608,6,11
35.9,73273,8205298,41609,6,11
35.10,73273,8205299,41610,6,11
35.11,73273,8205300,41611,4,11
35.12,73273,8205301,41612,4,11
35.13,73273,8205302,41613,4,11
35.14,73273,8205303,41614,4,11
35.15,0,0,41615,1,7
35.16,0,0,41616,1,7
35.17,0,0,41617,1,7
35.18,0,0,41618,1,7
35.19,0,0,41619,1,7
35.20,73277,8205469,41620,6,11
35.21,73277,8205470,41621,7,11
35.22,73277,8205471,41622,6,11
35.23,73277,8205472,41623,5,11
35.24,73277,8205473,41624,4,11
35.25,73277,8205474,41625,4,11
35.26,73277,8205475,41626,5,11
36.0,0,0,0,0,0
36.1,0,0,0,0,0
36.2,0,0,0,0,0
36.3,0,0,0,0,0
36.4,0,0,0,0,0
36.5,0,0,0,0,0
36.6,0,0,0,0,0
36.7,0,0,0,0,0
36.8,0,0,0,0,0
36.9,0,0,0,0,0
36.10,0,0,0,0,0
36.11,0,0,0,0,0
36.12,0,0,0,0,0
36.13,0,0,0,0,0
36.14,0,0,0,0,0
36.15,0,0,0,0,0
36.16,0,0,0,0,0
36.17,0,0,0,0,0
36.18,0,0,0,0,0
36.19,0,0,0,0,0
36.20,0,0,0,0,0
36.21,0,0,0,0,0
36.22,0,0,0,0,0
36.23,0,0,0,0,0
36.24,0,0,0,0,0
36.25,0,0,0,0,0
36.26,0,0,0,0,0
36.27,0,0,0,0,0
36.28,0,0,0,0,0
36.29,0,0,0,0,0
36.30,0,0,0,0,0
36.31,0,0,0,0,0
36.32,0,0,0,0,0
36.33,0,0,0,0,0
36.34,0,0,0,0,0
36.35,0,0,0,0,0
36.36,0,0,0,0,0
36.37,0,0,0,0,0
36.38,0,0,0,0,0
36.39,0,0,0,0,0
36.40,0,0,0,0,0
36.41,0,0,0,0,0
36.42,0,0,0,0,0
36.43,0,0,0,0,0
36.44,0,0,0,0,0
36.45,0,0,0,0,0
36.46,0,0,0,0,0
36.47,0,0,0,0,0
36.48,0,0,0,0,0
36.49,0,0,0,0,0
36.50,0,0,0,0,0
36.51,0,0,0,0,0
36.52,0,0,0,0,0
36.53,0,0,0,0,0
36.54,0,0,0,0,0
36.55,0,0,0,0,0
36.56,0,0,0,0,0
36.57,0,0,0,0,0
36.58,0,0,0,0,0
36.59,0,0,0,0,0
36.60,0,0,0,0,0
36.61,0,0,0,0,0
36.62,0,0,0,0,0
36.63,0,0,0,0,0
36.64,0,0,0,0,0
36.65,0,0,0,0,0
36.66,0,0,0,0,0
36.67,0,0,0,0,0
36.68,0,0,0,0,0
36.69,0,0,0,0,0
36.70,0,0,0,0,0
36.71,0,0,0,0,0
36.72,0,0,0,0,0
36.73,0,0,0,0,0
36.74,0,0,0,0,0
36.75,0,0,0,0,0
36.76,0,0,0,0,0
36.77,0,0,0,0,0
36.78,0,0,0,0,0
36.79,0,0,0,0,0
36.80,0,0,0,0,0
36.81,0,0,0,0,0
36.82,0,0,0,0,0
36.83,0,0,0,0,0
36.84,0,0,0,0,0
37.0,0,0,0,0,0
37.1,0,0,0,0,0
37.2,0,0,0,0,0
37.3,0,0,0,0,0
37.4,0,0,0,0,0
37.5,0,0,0,0,0
37.6,0,0,0,0,0
37.7,0,0,0,0,0
37.8,0,0,0,0,0
37.9,0,0,0,0,0
37.10,0,0,0,0,0
37.11,0,0,0,0,0
37.12,0,0,0,0,0
37.13,0,0,0,0,0
37.14,0,0,0,0,0
37.15,0,0,0,0,0
37.16,0,0,0,0,0
37.17,0,0,0,0,0
37.18,0,0,0,0,0
37.19,0,0,0,0,0
37.20,0,0,0,0,0
37.21,0,0,0,0,0
37.22,0,0,0,0,0
38.0,0,0,0,0,0
38.1,0,0,0,0,0
38.2,0,0,0,0,0
38.3,0,0,0,0,0
38.4,0,0,0,0,0
39.0,0,0,0,0,0
39.1,0,0,0,0,0
39.2,0,0,0,0,0
39.3,0,0,0,0,0
39.4,0,0,0,0,0
39.5,0,0,0,0,0
39.6,0,0,0,0,0
39.7,0,0,0,0,0
39.8,0,0,0,0,0
39.9,0,0,0,0,0
39.10,0,0,0,0,0
39.11,0,0,0,0,0
39.12,0,0,0,0,0
39.13,0,0,0,0,0
39.14,0,0,0,0,0
39.15,0,0,0,0,0
39.16,0,0,0,0,0
39.17,0,0,0,0,0
39.18,0,0,0,0,0
39.19,0,0,0,0,0
39.20,0,0,0,0,0
39.21,0,0,0,0,0
39.22,0,0,0,0,0
39.23,0,0,0,0,0
39.24,0,0,0,0,0
40.0,0,0,0,0,0
40.1,0,0,0,0,0
40.2,0,0,0,0,0
40.3,0,0,0,0,0
40.4,0,0,0,0,0
40.5,0,0,0,0,0
40.6,0,0,0,0,0
40.7,0,0,0,0,0
40.8,0,0,0,0,0
40.9,0,0,0,0,0
40.10,0,0,0,0,0
40.11,0,0,0,0,0
40.12,0,0,0,0,0
40.13,0,0,0,0,0
40.14,0,0,0,0,0
40.15,0,0,0,0,0
40.16,0,0,0,0,0
40.17,0,0,0,0,0
40.18,0,0,0,0,0
40.19,0,0,0,0,0
40.20,0,0,0,0,0
40.21,0,0,0,0,0
40.22,0,0,0,0,0
40.23,0,0,0,0,0
40.24,0,0,0,0,0
40.25,0,0,0,0,0
40.26,0,0,0,0,0
40.27,0,0,0,0,0
40.28,0,0,0,0,0
40.29,0,0,0,0,0
40.30,0,0,0,0,0
40.31,0,0,0,0,0
40.32,0,0,0,0,0
40.33,0,0,0,0,0
40.34,0,0,0,0,0
40.35,0,0,0,0,0
40.36,0,0,0,0,0
40.37,0,0,0,0,0
40.38,0,0,0,0,0
40.39,0,0,0,0,0
40.40,0,0,0,0,0
40.41,0,0,0,0,0
40.42,0,0,0,0,0
40.43,0,0,0,0,0
40.44,0,0,0,0,0
41.0,0,0,0,0,0
41.1,0,0,0,0,0
41.2,0,0,0,0,0
41.3,0,0,0,0,0
41.4,0,0,0,0,0
41.5,0,0,0,0,0
41.6,0,0,0,0,0
41.7,0,0,0,0,0
41.8,0,0,0,0,0
41.9,0,0,0,0,0
41.10,0,0,0,0,0
41.11,0,0,0,0,0
41.12,0,0,0,0,0
41.13,0,0,0,0,0
41.14,0,0,0,0,0
41.15,0,0,0,0,0
41.16,0,0,0,0,0
41.17,0,0,0,0,0
41.18,0,0,0,0,0
41.19,0,0,0,0,0
41.20,0,0,0,0,0
41.21,0,0,0,0,0
41.22,0,0,0,0,0
41.23,0,0,0,0,0
41.24,0,0,0,0,0
41.25,0,0,0,0,0
41.26,0,0,0,0,0
42.0,0,0,0,0,0
42.1,0,0,0,0,0
42.2,0,0,0,0,0
42.3,0,0,0,0,0
42.4,0,0,0,0,0
42.5,0,0,0,0,0
42.6,0,0,0,0,0
42.7,0,0,0,0,0
42.8,0,0,0,0,0
42.9,0,0,0,0,0
42.10,0,0,0,0,0
42.11,0,0,0,0,0
42.12,0,0,0,0,0
42.13,0,0,0,0,0
42.14,0,0,0,0,0
42.15,0,0,0,0,0
42.16,0,0,0,0,0
42.17,0,0,0,0,0
42.18,0,0,0,0,0
42.19,0,0,0,0,0
42.20,0,0,0,0,0
42.21,0,0,0,0,0
42.22,0,0,0,0,0
42.23,0,0,0,0,0
42.24,0,0,0,0,0
43.0,0,0,0,0,0
44.0,0,0,0,0,0
44.1,0,0,0,0,0
44.2,0,0,0,0,0
44.3,0,0,0,0,0
44.4,0,0,0,0,0
44.5,0,0,0,0,0
44.6,0,0,0,0,0
44.7,0,0,0,0,0
44.8,0,0,0,0,0
44.9,0,0,0,0,0
44.10,0,0,0,0,0
44.11,0,0,0,0,0
44.12,0,0,0,0,0
44.13,0,0,0,0,0
44.14,0,0,0,0,0
44.15,0,0,0,0,0
44.16,0,0,0,0,0
44.17,0,0,0,0,0
44.18,0,0,0,0,0
44.19,0,0,0,0,0
44.20,0,0,0,0,0
44.21,0,0,0,0,0
44.22,0,0,0,0,0
44.23,0,0,0,0,0
44.24,0,0,0,0,0
44.25,0,0,0,0,0
44.26,0,0,0,0,0
44.27,0,0,0,0,0
44.28,0,0,0,0,0
44.29,0,0,0,0,0
44.30,0,0,0,0,0
44.31,0,0,0,0,0
44.32,0,0,0,0,0
44.33,0,0,0,0,0
44.34,0,0,0,0,0
44.35,0,0,0,0,0
44.36,0,0,0,0,0
44.37,0,0,0,0,0
44.38,0,0,0,0,0
44.39,0,0,0,0,0
45.0,0,0,0,0,0
45.1,0,0,0,0,0
45.2,0,0,0,0,0
45.3,0,0,0,0,0
45.4,0,0,0,0,0
45.5,0,0,0,0,0
45.6,0,0,0,0,0
45.7,0,0,0,0,0
45.8,0,0,0,0,0
45.9,0,0,0,0,0
45.10,0,0,0,0,0
45.11,0,0,0,0,0
45.12,0,0,0,0,0
45.13,0,0,0,0,0
45.14,0,0,0,0,0
45.15,0,0,0,0,0
