#,Text,Unknown0,Unknown1,TYPE,PARAM,LINK
0,,,,0,0,0
1,開始遊戲,,,0,0,0
2,功能設定,,,0,0,0
3,開場動畫,,,0,0,0
4,製作人員,,,0,0,0
5,,,,0,0,0
6,"要進行控制器的按鍵設定嗎？
※進入遊戲後可以在系統設定中隨時進行修改。",,,0,0,0
7,是,,,0,0,0
8,否,,,0,0,0
9,,,,0,0,0
10,遊戲帳號,,,0,0,0
11,請選擇遊戲帳號。,,,0,0,0
12,遊戲版本 : UNKNOWN(UNKNOWN) - exUNKNOWN : UNKNOWN,,,0,0,0
13,"**注意** : 現在處於低解析度狀態(480p/i 576p/i)。
本遊戲推薦使用高解析度(720p)進行遊戲。",,,0,0,0
14,,,,0,0,0
15,確認,,,0,0,0
16,取消,,,0,0,0
17,"請在右側的列表中選擇想要編輯的項目。
???表示該項目仍未最後確定。",,,0,0,0
18,"請在右側的列表中選擇想要編輯的項目。
編輯之後點擊最下面的確認按鈕可以查看更改後的形象。",,,0,0,0
19,"請在右側的列表中選擇想要編輯的項目。
???表示該項目仍未最後確定。
確定外貌之後將結束形象編輯。",,,0,0,0
20,刪除角色,,,0,0,0
21,"要刪除UNKNOWN嗎？
刪除角色後，該角色所有相關的道具、Gil、郵件等，僱傭的僱員也將被刪除。
如果該角色是公會長，且公會中沒有符合繼任公會長條件的成員，則該公會將被解散。
屆時公會所擁有的房屋、公會儲物櫃中的道具等財產也將被刪除，請多加注意。",,,0,0,0
22,是的，我已經了解注意事項，決定刪除該角色。,,,0,0,0
23,修改姓名,,,0,0,0
24,修改僱員姓名,,,0,0,0
25,要以UNKNOWN登入嗎？,,,0,0,0
26,以該角色登入遊戲需要修改姓名。請輸入新的名字。,,,0,0,0
27,請在取得角色情報後修改姓名。,,,0,0,0
28,要將姓名改為「UNKNOWN」嗎？,,,0,0,0
29,要將僱員的姓名改為「UNKNOWN」嗎？,,,0,0,0
30,創建新角色,,,0,0,0
31,"要結束角色創建嗎？
目前正在處理的角色資訊都會消失。",,,0,0,0
32,以目前角色開始遊戲嗎？,,,0,0,0
33,要創建新角色嗎？,,,0,0,0
34,無法創建更多角色。按右鍵角色選擇刪除之後可以創建新角色。,,,0,0,0
35,UNKNOWN/UNKNOWN,,,0,0,0
36,所在地,,,0,0,0
37,星1月 UNKNOWN日,,,0,0,0
38,（UNKNOWN月UNKNOWN日）,,,0,0,0
39,,,,0,0,0
40,星1月,,,0,0,0
41,靈1月,,,0,0,0
42,星2月,,,0,0,0
43,靈2月,,,0,0,0
44,星3月,,,0,0,0
45,靈3月,,,0,0,0
46,星4月,,,0,0,0
47,靈4月,,,0,0,0
48,星5月,,,0,0,0
49,靈5月,,,0,0,0
50,星6月,,,0,0,0
51,靈6月,,,0,0,0
52,,,,0,0,0
53,星1月 UNKNOWN日,,,0,0,0
54,,,,0,0,0
55,,,,0,0,0
56,UNKNOWN,,,0,0,0
57,正在讀取伺服器列表。,,,0,0,0
58,無法讀取伺服器列表。,,,0,0,0
59,將各個伺服器的情況更新到最新狀態。更新後需要等待UNKNOWN分鐘才能再次更新。,,,0,0,0
60,"該帳號的可創建角色數量已經達到上限。只有刪除現有的角色才能繼續創建新角色。
在角色名稱的右鍵選單中選擇刪除即可將角色資料刪除。",,,0,0,0
61,"在各個伺服器中所開通的角色已經到達數量上限，無法繼續創建新角色。只有刪除任意伺服器的一名現有的角色才能繼續創建新角色。
在角色名稱的右鍵選單中選擇刪除即可將角色資料刪除。",,,0,0,0
62,該伺服器中創建的角色已經到達數量上限。,,,0,0,0
63,"該伺服器中現在對創建新角色進行了限制。
請等待限制解除後再開始創建，或到其他伺服器中創建新角色。",,,0,0,0
64,目前帳號無法使用該角色。,,,0,0,0
65,可以有一次機會修改角色的種族、性別、外貌及姓名。,,,0,0,0
66,請在取得角色情報後修改僱員的名字。,,,0,0,0
67,可以修改角色的種族、性別、外貌等。 (剩餘UNKNOWN分鐘),,,0,0,0
68,無法登入，該角色處於«»的區域。,,,0,0,0
69,無法修改種族、性別及外貌，該角色處於«»的區域。,,,0,0,0
70,該角色為«FINAL FANTASY XIV»1.0版的繼承角色。使用該角色進入遊戲需要重新設定初始戰鬥職業。,,,0,0,0
71,確定,,,0,0,0
72,取消,,,0,0,0
73,"初始戰鬥職業設定為「」。
遊戲開始時的城市為「」。",,,0,0,0
74,確定,,,0,0,0
75,取消,,,0,0,0
76,該角色為«FINAL FANTASY XIV»1.0版的繼承角色。使用該角色進入遊戲需要重新設定初始戰鬥職業，同時角色的種族、性別、外貌以及姓名也會有一次修改的機會。,,,0,0,0
77,現在進行編輯,,,0,0,0
78,以後進行編輯,,,0,0,0
79,重新編輯角色,,,0,0,0
80,使用已儲存的形象創建新角色,,,0,0,0
81,儲存角色形象,,,0,0,0
82,使用已儲存的角色形象,,,0,0,0
83,"為減緩登入壓力，暫時簡化角色情報顯示。
如需編輯角色外貌或改名，
可透過右鍵選單選擇「取得角色情報」。",,,0,0,0
84,"歡迎來到«FINAL FANTASY XIV»的世界。
請創建一個新角色來開始您的冒險。",,,0,0,0
85,確定,,,0,0,0
86,"歡迎來到«FINAL FANTASY XIV»的世界。
請選擇已有角色或創建新角色來開始您的冒險。
目前所選的伺服器UNKNOWN中已經創建了UNKNOWN個角色。
點擊右上的選擇按鈕可以切換世界伺服器。",,,0,0,0
87,確定,,,0,0,0
88,請選擇伺服器。,,,0,0,0
89,伺服器所在地區分為兩組，請根據您的居住地和網路情況選擇合適的伺服器。,,,0,0,0
90,,,,0,900,0
91,,,,0,900,0
92,,,,0,0,0
93,,,,0,0,0
94,,,,0,1200,0
95,"要以UNKNOWN登入嗎？

**該角色正在其他伺服器遊玩。
透過利姆薩·羅敏薩、格里達尼亞、烏爾達哈的乙太之光可以隨時返回原始伺服器。**",,,0,0,0
96,"要以UNKNOWN登入嗎？

**該角色正在非原始DC遊玩。
想要返回原始伺服器時，
可以在登入前角色名稱的右鍵選單中
選擇「返回原始伺服器」。**",,,0,0,0
97,,,,0,120,0
98,,,,0,0,0
99,"

基礎能力值： 力量 UNKNOWN/靈巧 UNKNOWN/耐力 UNKNOWN/智力 UNKNOWN/精神 UNKNOWN",,,0,0,0
100,? ? ?,,,0,0,0
101,種族&性別,種族,,0,0,0
102,部族,部族,,0,0,0
103,性別,性別,,0,0,0
104,外貌,ルックス,,0,0,0
105,命名日,誕生日,,0,0,0
106,守護神,守護神,,0,0,0
107,職業,クラス,,0,0,0
108,原始伺服器,ワールド,,0,0,0
109,姓名,名前,,0,0,0
110,人族 男,,"與其他種族相比，人族的體型在各方面都處於平均水準。
雖然在古代，艾奧傑亞地區的人族數量並不是很多，
不過歷經從大約一千年前開始的前後三次大遷移之後，
人族現已成為艾奧傑亞人口最多的種族。
不過由於人口眾多，即使是相同的種族有著不同的祖先，
所以他們的種族意識相當低，相比起來更加注重個人的自由。",0,0,0
111,,,,0,0,0
112,精靈族 男,,"精靈族的主要特徵是較長的四肢和瘦高的身體。
精靈族是曾經主宰艾奧傑亞地區的原住民，有著非常高的自豪感。
雖然在過去精靈族曾經與大量遷徙而來的人類進行過激烈的戰鬥，
不過現在雙方已經互相理解，並且共同走上了發展之路。
與人族比起來，精靈族的平均壽命會長一些，這也是他們的特徵之一。",0,0,0
113,,,,0,0,0
114,拉拉菲爾族 男,,"矮矮的胖胖的是拉拉菲爾族給其他人的第一感覺。
在主要種族中，拉拉菲爾族的體型最為小巧，看起來幾乎像小孩子一樣。
可以說在其他種族的眼裡，他們的年齡是最難推測的。
拉拉菲爾族原本是南洋群島的農耕種族，
後來發展到大航海時代，他們為了擴大貿易而來到艾奧傑亞。
在對外方面，拉拉菲爾人對任何種族都能夠積極進行交流，
無論和哪個種族都建立起了良好的關係。",0,0,0
115,,,,0,0,0
116,貓魅族 男,,"高揚的耳朵與柔軟的尾巴是貓魅族的特點。
在第五靈災「大冰雪時代」，有一支狩獵種族為了追捕獵物而渡過了海洋，
貓魅族正是這成功到達艾奧傑亞的勇敢種族的後裔。
不過也因為這個原因，種族人數在艾奧傑亞地區屬於少數。
他們在族內的領地意識也很強，所以即使是成為了城邦居民，
大多數貓魅人也還是喜歡獨居生活。
尤其是男性貓魅族人，在避免接觸他人這點上來說有著極強的傾向。",0,0,0
117,,,,0,0,0
118,魯加族 男,,"魯加族的體型非常巨大，處處體現出堅實和厚重的感覺。
魯加族是曾經在北洋拼搏的海洋種族的後裔，
他們的祖先多數是駕駛著長船來到艾奧傑亞的。
雖然魯加族比拼勇猛的習俗在其他種族看來會有些野蠻，
不過他們重情重義的忠厚一面也廣為人知，
歷史上也曾經出現過諸多偉大的武者。",0,0,0
119,,,,0,0,0
120,中原之民,,"即使是在人口眾多的人族中，中原之民的數量也達到了一半以上。
雖然部族名字的由來是因為多數人來自低地，不過其實也有很多不同。
在各地的城鎮和村莊裡都有中原之民的身影，他們從事著各種各樣的行業。",0,0,0
121,,,,0,0,0
122,高地之民,,"高地之民是人族的一支部族，曾以基拉巴尼亞高地地區為領地。
高地之民的體格比中原之民要健壯，而且他們也很以自己的強健肉體為傲。
隨著要塞城邦阿拉米格的淪陷，失去了祖國的流民流離到各地，
在貿易城邦烏爾達哈中也有很多阿拉米格的難民。",0,0,0
123,,,,0,0,0
124,森林之民,,"森林之民是自古以來就以黑衣森林地帶為據點的部族。
多數人在伊修加爾德城邦和格里達尼亞城邦建國之後就一直居住其中。
森林之民喜好秩序，尊重規律，不過這一點卻總被其他種族誤解為高傲。",0,0,0
125,,,,0,0,0
126,黑影之民,,"黑影之民在過去幾百年內一直以森林地帶中那些昏暗的鐘乳洞為據點。
他們的祖先在格里達尼亞城邦建國時與主流派的森林之民決裂，
一直過著陰暗的穴居生活。
黑影之民不喜歡被約束，即使是現在，與城邦保持距離的人也不在少數。",0,0,0
127,,,,0,0,0
128,平原之民,,"平原之民是遷移到拉諾西亞適合耕種的平原地區生活的部族。
雖然大多數人都從事農業，不過以海洋城邦利姆薩·羅敏薩為據點，
從事海運及漁業的人也不少。
平原之民通常都是處於悠閒自得逍遙自在的狀態。",0,0,0
129,,,,0,0,0
130,沙漠之民,,"沙漠之民是遷移到薩納蘭荒涼的沙漠地帶生活的部族。
他們建立起了烏爾達哈貿易城邦，以擅於經商聞名於世。
沙漠之民傾向於有了想法便立刻動手去做，基本都是實踐主義者，
這種性格對於他們捕捉商機也帶來了很大幫助。",0,0,0
131,,,,0,0,0
132,逐日之民,,"逐日之民通常自稱為「太陽的使者」，信仰太陽神阿澤瑪的信徒很多。
雖然從艾奧傑亞整體來看，這一種族的總人口數量很少，
不過在利姆薩·羅敏薩，卻有著相當一部分已經融入了和其他種族共同生活的環境中。
此外，據說這一種族內還有一部分氏族生活在撒溝厲沙漠等邊境地區。",0,0,0
133,,,,0,0,0
134,護月之民,,"護月之民通常自稱為「月亮的守衛」，信仰月亮神梅茵菲娜的信徒很多。
他們主要在黑衣森林過著狩獵生活，也因此與將他們視為偷獵者的
格里達尼亞居民長年處於對立的狀態。
不過近年來似乎有所和解，現在也有一部分人生活在城邦內。",0,0,0
135,,,,0,0,0
136,北洋之民,,"北洋之民曾是以「海狼」之名從北方的海域侵襲而來的海盜。
現在作為構成海洋城邦利姆薩·羅敏薩的主要部族，
多數人都在從事著水手及水兵一類的工作。
北洋之民一直遵從著古老的傳統習慣，他們的名字也是由古魯加語而來。",0,0,0
137,,,,0,0,0
138,紅焰之民,,"紅焰之民是聚居在北阿巴拉提亞山脈的少數部族。
因為很多人都從事著傳統的傭兵產業，所以他們把名字改成了
便於記憶的通用語形式。
現在在烏爾達哈也經常能看到紅焰之民活躍在劍鬥士和保鑣等領域中。",0,0,0
139,,,,0,0,0
140,敖龍族 男,,"敖龍族來自東洲奧薩德次大陸。
這一種族最大的特徵是頭部明顯的雙角和一部分鱗質化的皮膚。
頭上的角是他們引以為傲的特徵，同時也有著聽覺和空間認知的作用。
雖然有種說法說這個東方的種族是龍的傳人，
但是現在的學術界仍然對這種說法有著極大的爭議。
學者們聲稱人和龍是不同的物種，完全沒有融合的可能。
最為關鍵的證據便是龍族的角沒有聽覺和空間認知能力。
敖龍族的男性通常身材高大魁梧，女性則小巧可人，
這也是龍族所不具備的另一特徵。",0,0,0
141,,,,0,0,0
142,晨曦之民,,"在敖龍族的創世神話中，所有的族人都由晨曦之父與暮暉之母所生。
晨曦之民除了身上帶有發出微弱光芒的白色鱗片之外，
還繼承了晨曦之父安靜堅忍的性格。
晨曦之民原本居住在東洲邊境的溪谷地帶，
近年透過海路來到了艾奧傑亞。",0,0,0
143,,,,0,0,0
144,暮暉之民,,"在敖龍族的創世神話中，所有的族人都由晨曦之父與暮暉之母所生。
暮暉之民除了身上帶有發出微弱光芒的黑色鱗片之外，
還繼承了暮暉之母勇猛好鬥的性格。
暮暉之民基本上居無定所，
總是以家庭為單位不斷地從一個地方流浪到另一個地方。",0,0,0
145,,,,0,0,0
146,,,,0,0,0
147,,,,0,0,0
148,,,,0,0,0
149,,,,0,0,0
150,,,,0,0,0
151,,,,0,0,0
152,自訂,,,0,0,0
153,,,,0,0,0
154,哈羅妮,,,0,0,0
155,冰河與戰爭女神,,,0,0,0
156,梅茵菲娜,,,0,0,0
157,雙月與慈愛女神,,,0,0,0
158,沙利亞克,,,0,0,0
159,河流與知識之神,,,0,0,0
160,妮美雅,,,0,0,0
161,行星與命運之神,,,0,0,0
162,利姆萊茵,,,0,0,0
163,海洋與航海女神,,,0,0,0
164,奧修昂,,,0,0,0
165,山岳與放浪之神,,,0,0,0
166,比爾格,,,0,0,0
167,建築與工藝之神,,,0,0,0
168,拉爾戈,,,0,0,0
169,彗星與破壞之神,,,0,0,0
170,阿澤瑪,,,0,0,0
171,太陽與審理女神,,,0,0,0
172,納爾札爾,,,0,0,0
173,地底與商貿之神,,,0,0,0
174,諾菲卡,,,0,0,0
175,大地與豐饒女神,,,0,0,0
176,阿爾基克,,,0,0,0
177,重力與光陰之神,,,0,0,0
178,劍術士, ,"從短劍到長劍，從雙刃的直劍到單刃的彎刀，
劍術士能夠使用一切單手劍與敵人在近距離一決高下。
劍術士的技巧以守勢為主，首先將敵人牢牢牽制住，
利用盾牌擋下對方的進攻，再用手中的利劍進行回擊。
在團隊作戰中，劍術士一向勇敢地衝在隊伍的最前方，
成為整個隊伍的堅盾，在敵人的攻擊中保護同伴不受傷害。

以劍術士為初始職業的特職：騎士
開始地點：烏爾達哈",0,230904,0
179,,,,0,0,0
180,格鬥士, ,"格鬥士是修練傳統護身術的戰士。
其經過鍛鍊的拳腳已經擁有超於常人的力量，
裝備格鬥武器之後更是如虎添翼，甚至能夠使破壞力加倍。
由於甲胄會妨礙身體活動，所以格鬥士們向來輕裝上陣。
降低防禦力的同時增強的靈活性及攻擊力會令任何敵人為之震顫。

以格鬥士為初始職業的特職：武僧
開始地點：烏爾達哈",0,230905,0
181,,,,0,0,0
182,斧術士, ,"「大斧」通常是海盜們在破壞敵船或強襲登陸時使用的武器，
斧術士則是以使用這種高破壞性武器為主的專家。
雖然大斧給人以很強烈的傳統海盜武器的印象，
但是由於在戰爭以及討伐魔物時都有著非常出色的表現，
所以也有很多斧術士被尊為英雄留下了英名。
豪爽的戰鬥方式及出眾的破壞力，令斧術士能夠深陷敵陣仍悠然自得。

以斧術士為初始職業的特職：戰士
開始地點：利姆薩·羅敏薩",0,230906,0
183,,,,0,0,0
184,槍術士, ,"槍術士以雙手長槍等刺殺武器為主，是身手矯健的戰士。
曾經在強盛的阿拉米格尖槍兵的影響下，出現過一段競爭槍柄長度的風潮，
不過現在已經發展成多種長槍混合使用了。
想要將長柄武器掌握得隨心所欲可不是一件簡單的事情。
不過，一旦能夠掌握其技巧，便可用猶如狂風暴雨般的身手橫掃戰場。

以槍術士為初始職業的特職：龍騎士
開始地點：格里達尼亞",0,230907,0
185,,,,0,0,0
186,弓術士, ,"弓術士的主旨為利用手中弓箭從遠距離外進行狙殺及曲射。
在艾奧傑亞，最普及的弓術有兩種，
分別為精靈族弓兵所擅長的長弓術及貓魅族獵人代代相傳的短弓術。
理解並掌握每種弓的特性，以及選准有利的位置，是成為一名弓術士的第一步。
一旦將技巧熟練掌握之後，戰場上就可以帶來如雨般的飛箭。

以弓術士為初始職業的特職：吟遊詩人
開始地點：格里達尼亞",0,230908,0
187,,,,0,0,0
188,幻術士, ,"幻術士能夠使用幻術魔法，這是一種受到屬性影響很強烈的魔法。
透過感受自身周圍萬物，可以發現土、風、水等自然屬性。
攜帶上以自然物為素材做出的魔器「幻具」，
便可以將自己的乙太與周圍的元素轉換成魔法。
由於幻術士都很擅長恢復及強化等施展到肉體身上的魔法，
所以高級幻術士同時也是一名優秀的醫療能手。

以幻術士為初始職業的特職：白魔道士
開始地點：格里達尼亞",0,230909,0
189,,,,0,0,0
190,咒術士, ,"所謂咒術，是指利用自身的消極性情而發動的魔法。
咒術士能夠透過觀測自己的內心本性，將心中蘊藏的神秘力量發動出來。
咒術士所持有的魔器被稱為「咒具」，是將念珠嵌入到笏板之中構成。
並以念珠為集中點注入乙太力，便可發動出破壞性極強的魔法。

以咒術士為初始職業的特職：黑魔道士
開始地點：烏爾達哈",0,230910,0
191,,,,0,0,0
192,巴術士, ,"巴術士能夠透過秘術來操縱特定的使魔。
巴術以南洋傳來的算術為源頭，透過獨特的幾何學圖形「魔紋」來控制精神力。
平時巴術士都會攜帶描繪有多種魔紋的「魔導書」以便隨時變更乙太的流動。
另外，在解開寶珠的神秘原理後，透過特定的魔紋還能夠召喚出卡邦庫爾靈獸。

以巴術士為初始職業的特職：召喚士、學者（治療職業）
開始地點：利姆薩·羅敏薩",0,230929,0
193,,,<nil>,0,0,0
194,鍛造師,,不要：新生ではキャラメイクで選択できるのは戦闘職のみ。,0,0,0
195,,,,0,0,0
196,採掘師,,不要：新生ではキャラメイクで選択できるのは戦闘職のみ。,0,0,0
197,,,,0,0,0
198,,,,0,0,0
199,,,,0,0,0
200,預設,,,0,0,0
201,身高,,,0,0,0
202,膚色,,,0,0,0
203,聲音,,,0,0,0
204,體型,,,0,0,0
205,,,,0,0,0
206,,,,0,0,0
207,體型,,,0,0,0
208,,,,0,0,0
209,胸圍,,,0,0,0
210,耳朵大小,,,0,0,0
211,耳朵形狀,,,0,0,0
212,,,,0,0,0
213,耳朵大小,,,0,0,0
214,耳朵形狀,,,0,0,0
215,胸圍,,,0,0,0
216,耳朵大小,,,0,0,0
217,耳朵形狀,,,0,0,0
218,,,,0,0,0
219,耳朵大小,,,0,0,0
220,耳朵形狀,,,0,0,0
221,胸圍,,,0,0,0
222,尾巴長度,,,0,0,0
223,尾巴形狀,,,0,0,0
224,,,,0,0,0
225,尾巴長度,,,0,0,0
226,尾巴形狀,,,0,0,0
227,胸圍,,,0,0,0
228,體型,,,0,0,0
229,,,,0,0,0
230,,,,0,0,0
231,體型,,,0,0,0
232,,,,0,0,0
233,胸圍,,,0,0,0
234,髮型,,,0,0,0
235,頭髮特徵,,,0,0,0
236,髮色,,,0,0,0
237,挑染,,,0,0,0
238,臉部,,,0,0,0
239,臉部特徵,,,0,0,0
240,臉部特徵顏色,,,0,0,0
241,臉部輪廓,,,0,0,0
242,眉毛,,,0,0,0
243,眼睛,,,0,0,0
244,眼瞳,,,0,0,0
245,瞳色,,,0,0,0
246,鼻型,,,0,0,0
247,嘴型,,,0,0,0
248,唇色,,,0,0,0
249,面妝,,,0,0,0
250,面妝顏色,,,0,0,0
251,確定,,,0,0,0
252,臉部,,,0,0,0
253,尾巴長度,,,0,0,0
254,尾巴形狀,,,0,0,0
255,,,,0,0,0
256,尾巴長度,,,0,0,0
257,尾巴形狀,,,0,0,0
258,胸圍,,,0,0,0
259,,,,0,0,0
260,,,,0,0,0
261,,,,0,0,0
262,,,,0,0,0
263,,,,0,0,0
264,,,,0,0,0
265,最矮,,,0,0,0
266,較矮,,,0,0,0
267,標準,,,0,0,0
268,較高,,,0,0,0
269,最高,,,0,0,0
270,約UNKNOWN.UNKNOWN釐米,,,0,0,0
271,,,,0,0,0
272,,,,0,0,0
273,,,,0,0,0
274,,,,0,0,0
275,類型1,,,0,0,0
276,類型2,,,0,0,0
277,類型3,,,0,0,0
278,類型4,,,0,0,0
279,類型5,,,0,0,0
280,類型6,,,0,0,0
281,類型7,,,0,0,0
282,類型8,,,0,0,0
283,類型9,,,0,0,0
284,類型10,,,0,0,0
285,類型11,,,0,0,0
286,類型12,,,0,0,0
287,,,,0,0,0
288,,,,0,0,0
289,,,,0,0,0
290,非常瘦弱,,,0,0,0
291,比較瘦弱,,,0,0,0
292,標準,,,0,0,0
293,比較強壯,,,0,0,0
294,非常強壯,,,0,0,0
295,,,,0,0,0
296,,,,0,0,0
297,,,,0,0,0
298,,,,0,0,0
299,,,,0,0,0
300,,,,0,0,0
301,,,,0,0,0
302,,,,0,0,0
303,,,,0,0,0
304,,,,0,0,0
305,非常瘦弱,,,0,0,0
306,比較瘦弱,,,0,0,0
307,標準,,,0,0,0
308,比較強壯,,,0,0,0
309,非常強壯,,,0,0,0
310,,,,0,0,0
311,,,,0,0,0
312,,,,0,0,0
313,,,,0,0,0
314,,,,0,0,0
315,最小,,,0,0,0
316,較小,,,0,0,0
317,標準,,,0,0,0
318,較大,,,0,0,0
319,最大,,,0,0,0
320,最短,,,0,0,0
321,較短,,,0,0,0
322,標準,,,0,0,0
323,較長,,,0,0,0
324,最長,,,0,0,0
325,類型1,,,0,0,0
326,類型2,,,0,0,0
327,類型3,,,0,0,0
328,類型4,,,0,0,0
329,,,,0,0,0
330,,,,0,0,0
331,,,,0,0,0
332,,,,0,0,0
333,,,,0,0,0
334,,,,0,0,0
335,最短,,,0,0,0
336,較短,,,0,0,0
337,標準,,,0,0,0
338,較長,,,0,0,0
339,最長,,,0,0,0
340,類型1,,,0,0,0
341,類型2,,,0,0,0
342,類型3,,,0,0,0
343,類型4,,,0,0,0
344,,,,0,0,0
345,最小,,,0,0,0
346,較小,,,0,0,0
347,標準,,,0,0,0
348,較大,,,0,0,0
349,最大,,,0,0,0
350,最短,,,0,0,0
351,較短,,,0,0,0
352,標準,,,0,0,0
353,較長,,,0,0,0
354,最長,,,0,0,0
355,類型1,,,0,0,0
356,類型2,,,0,0,0
357,類型3,,,0,0,0
358,類型4,,,0,0,0
359,,,,0,0,0
360,,,,0,0,0
361,,,,0,0,0
362,,,,0,0,0
363,,,,0,0,0
364,,,,0,0,0
365,最短,,,0,0,0
366,較短,,,0,0,0
367,標準,,,0,0,0
368,較長,,,0,0,0
369,最長,,,0,0,0
370,類型1,,,0,0,0
371,類型2,,,0,0,0
372,類型3,,,0,0,0
373,類型4,,,0,0,0
374,,,,0,0,0
375,最小,,,0,0,0
376,較小,,,0,0,0
377,標準,,,0,0,0
378,較大,,,0,0,0
379,最大,,,0,0,0
380,最短,,,0,0,0
381,較短,,,0,0,0
382,標準,,,0,0,0
383,較長,,,0,0,0
384,最長,,,0,0,0
385,類型1,,,0,0,0
386,類型2,,,0,0,0
387,類型3,,,0,0,0
388,類型4,,,0,0,0
389,,,,0,0,0
390,,,,0,0,0
391,,,,0,0,0
392,,,,0,0,0
393,,,,0,0,0
394,,,,0,0,0
395,最短,,,0,0,0
396,較短,,,0,0,0
397,標準,,,0,0,0
398,較長,,,0,0,0
399,最長,,,0,0,0
400,類型1,,,0,0,0
401,類型2,,,0,0,0
402,類型3,,,0,0,0
403,類型4,,,0,0,0
404,,,,0,0,0
405,最小,,,0,0,0
406,較小,,,0,0,0
407,標準,,,0,0,0
408,較大,,,0,0,0
409,最大,,,0,0,0
410,非常瘦弱,,,0,0,0
411,比較瘦弱,,,0,0,0
412,標準,,,0,0,0
413,比較強壯,,,0,0,0
414,非常強壯,,,0,0,0
415,,,,0,0,0
416,,,,0,0,0
417,,,,0,0,0
418,,,,0,0,0
419,,,,0,0,0
420,,,,0,0,0
421,,,,0,0,0
422,,,,0,0,0
423,,,,0,0,0
424,,,,0,0,0
425,非常瘦弱,,,0,0,0
426,比較瘦弱,,,0,0,0
427,標準,,,0,0,0
428,比較強壯,,,0,0,0
429,非常強壯,,,0,0,0
430,,,,0,0,0
431,,,,0,0,0
432,,,,0,0,0
433,,,,0,0,0
434,,,,0,0,0
435,最小,,,0,0,0
436,較小,,,0,0,0
437,標準,,,0,0,0
438,較大,,,0,0,0
439,最大,,,0,0,0
440,,,,0,0,0
441,,,,0,0,0
442,,,,0,0,0
443,,,,0,0,0
444,,,,0,0,0
445,戰鬥精英,,,0,0,0
446,,,,0,0,0
447,魔法導師,,,0,0,0
448,,,,0,0,0
449,,,,0,1200,0
450,,,,0,1200,0
451,,,,0,0,0
452,,,,0,1210,0
453,,,,0,36020,0
454,,,,0,1420,0
455,,,,0,36015,0
456,,,,0,930,0
457,,,,0,38130,0
458,硌獅族 男,,"硌獅族來自北洲伊爾薩巴德大陸。
他們有著發達的肌肉和尖銳的爪子與鋒利的牙齒，其長相會讓人誤以為是獅子或豹。
正因為他們的這般長相，所以被其他種族視為野蠻人，導致與其他種族之間的鬥爭不斷。
直到通用語出現後，各種族才更加了解對方，從而才慢慢加深了相互之間的交流。
硌獅族男女出生比例非常極端，幾乎看不到女性。",0,0,0
459,,,,0,0,0
460,維艾拉族 男,,"維艾拉族是奧薩德次大陸的少數民族，其名字的意思為森林居民。
自古以來，他們就隱居在森林深處構築著自己的歷史，
現如今依舊很少出現在其他種族的生活圈內。
特別是他們有規定成年男性要獨自過著流浪生活，所以很少見到男性維艾拉族。
另外，維艾拉族的外觀與人族和精靈族非常相近，特徵則是那發達的大長耳朵。",0,0,0
461,,,,0,0,0
462,掠日之民,,"擁有暖色毛髮的硌獅部族。
他們以女王為中心，生活在北洲大陸南部的博茲雅地區。
在他們自己的語言中並不存在對自身部族的稱呼，
不過那以一名女性指導者為中心，多數男性為之行動的社會構造，
正像是以太陽為中心環繞的彗星，因此通用語中將他們稱為掠日之民。",0,0,0
463,,,,0,0,0
464,迷蹤之民,,"擁有冷色毛髮的硌獅部族。
在很久以前，他們舍去了定居生活，開始了流浪生活。
他們時而是體力勞動者，時而是助人的傭兵，有時甚至是旅行商人，
根據不同時期改變自己的職業，過著隨性的自由生活。
這種生活方式被比喻為遠離太陽的彗星，故被稱作迷蹤之民。",0,0,0
465,,,,0,0,0
466,密林之民,,"擁有褐色皮膚能夠融入昏暗密林的維艾拉部族。
他們將葛爾摩大密林視為聖地，稱自己為森林的守護者，
對未經允許就踏入森林的人，將會用長槍與弓箭歡迎對方。
在受到舊達瑪斯卡王國統治的時期，他們依然享有自治權。
雖然大部分族人至今維持著古樸的生活習慣，不過也有小部分人離開森林去到了外界生活。",0,0,0
467,,,,0,0,0
468,山林之民,,"擁有白色皮膚如同飄雪點綴山林的維艾拉部族。
他們以斯卡提山脈南側的山腹附近為根據地，
堅持著古時延續下來的狩獵採集的生活，完全斷絕與外界的接觸。
其中也有人捨棄了這種生活，走出了故鄉，
因受到戰亂餘波的影響，其中一部分人前往了艾奧傑亞。",0,0,0
469,,,,0,0,0
470,,,,0,0,0
471,"哈羅妮是司掌冰河與戰爭的女神，同時也是伊修加爾德城邦的守護神。
她有著冰屬性的神力，負責管理星一月的運行。
據傳說，哈羅妮是破壞神拉爾戈的女兒，也是大地神諾菲卡的敵人。
她經常被描繪為一位裝備著青銅巨盾的強大戰士。象徵符號則是三把並列的尖槍。",,,0,0,0
472,"梅茵菲娜是司掌雙月與慈愛的女神。
她有著冰屬性的神力，負責管理靈一月的運行。
據傳說，梅茵菲娜是太陽神阿澤瑪同父異母的妹妹，也是山岳神奧修昂的戀人。
她經常被描繪為一位手持平底鍋的侍女。象徵符號則是一輪滿月。",,,0,0,0
473,"沙利亞克是司掌河流與知識的男神，同時也是薩雷安城邦的守護神。
他有著水屬性的神力，負責管理星二月的運行。
據傳說，沙利亞克是海之女神利姆萊茵的父親，也是工藝神比爾格的師傅。
他經常被描繪為一位手持白蠟木手杖的學者。象徵符號則是一個卷軸。",,,0,0,0
474,"妮美雅是司掌行星與命運的女神。
她有著水屬性的神力，負責管理靈二月的運行。
據傳說，妮美雅是光陰神阿爾基克的妹妹，也是破壞神拉爾戈的主人。
她經常被描繪為一位披戴著白色面紗的紡織人。象徵符號則是一架紡車。",,,0,0,0
475,"利姆萊茵是司掌海洋與航海的女神，同時也是利姆薩·羅敏薩城邦的守護神。
她有著風屬性的神力，負責管理星三月的運行。
據傳說，利姆萊茵是河川神沙利亞克的女兒，也是大地神諾菲卡的姐姐。
她經常被描繪為一位手持長尖魚叉的健壯漁民。象徵符號則是一朵浪花。",,,0,0,0
476,"奧修昂是司掌山岳與放浪的男神。
他有著風屬性的神力，負責管理靈三月的運行。
據傳說，奧修昂是商貿神納爾札爾的結義兄弟，也是戰爭神哈羅妮的摯友。
他經常被描繪為一位手持紫杉木弓的悠閒獵人。象徵符號則是一把登山手杖。",,,0,0,0
477,"比爾格是司掌建築與工藝的男神。
他有著雷屬性的神力，負責管理星四月的運行。
據傳說，比爾格是河川神沙利亞克的弟子，也是戰爭神哈羅妮的兄長。
他經常被描繪為一位手持雙頭鐵錘的老實鐵匠。象徵符號則是一隻靈巧的手。",,,0,0,0
478,"拉爾戈是司掌彗星與破壞的男神，同時也是阿拉米格城邦的守護神。
他有著雷屬性的神力，負責管理靈四月的運行。
據傳說，拉爾戈是行星神妮美雅的僕人，也是工藝神比爾格和戰爭神哈羅妮的養父。
他經常被描繪為一位手持黃銅手杖的魔道士。象徵符號則是一顆流星。",,,0,0,0
479,"阿澤瑪是司掌太陽與審理的女神。
她有著火屬性的神力，負責管理星五月的運行。
據傳說，阿澤瑪是光陰神阿爾基克的女兒，也是慈愛神梅茵菲娜的姐姐。
她經常被描繪為一位手持黃金扇的貴婦。象徵符號則是一輪旭日。",,,0,0,0
480,"納爾札爾是司掌地底與商貿的男神，同時也是烏爾達哈城邦的守護神。
他有著火屬性的神力，負責管理靈五月的運行。
據傳說，納爾札爾有著名為納爾和札爾的兩張面孔，是一個雙子神。
他經常被描繪為一位手持天平的機敏商人。象徵符號則是貝殼貨幣。",,,0,0,0
481,"諾菲卡是司掌大地與豐饒的女神，同時也是格里達尼亞城邦的守護神。
她有著土屬性的神力，負責管理星六月的運行。
據傳說，諾菲卡是太陽神阿澤瑪的女兒，也是海之女神利姆萊茵的妹妹。
她經常被描繪為一位手持鋼鐵鐮刀的開朗農民。象徵符號則是表示春天的綠葉。",,,0,0,0
482,"阿爾基克是司掌重力與光陰的男神。
他有著土屬性的神力，負責管理靈六月的運行。
據傳說，阿爾基克是行星神妮美雅的兄長，也是太陽神阿澤瑪與月亮神梅茵菲娜的父親。
他經常被描繪為一位手持秘銀大斧的帝王。象徵符號則是一個沙漏。",,,0,0,0
483,,,,0,0,0
484,,,,0,0,0
485,,,,0,0,0
486,,,,0,0,0
487,,,,0,0,0
488,,,,0,0,0
489,,,,0,0,0
490,,,,0,0,0
491,,,,0,310,0
492,,,,0,0,0
493,,,,0,110,0
494,,,,0,0,0
495,,,,0,0,0
496,,,,0,0,0
497,,,,0,0,0
498,,,,0,0,0
499,,,,0,0,0
500,創建角色,,,0,0,0
501,,,,0,0,0
502,毒蛇劍士,,,0,0,0
503,,,,0,0,0
504,裝備,,,0,0,0
505,創建角色,,,0,0,0
506,確定,,,0,0,0
507,返回,,,0,0,0
508,,,,0,0,0
509,,,,0,0,0
510,默認演出（中原之民男性）,,,0,0,0
511,存檔UNKNOWN:男,,,0,0,0
512,該角色僅用來展示遊戲影像，無法變更身上的裝備。,,,0,0,0
513,沒有任何儲存時的留言。,,,0,0,0
514,將角色的預覽服裝更換為戰鬥職業的專有裝備。(遊戲展示中無法選擇角色的戰鬥職業因此無法使用本功能),,,0,0,0
515,,,,0,0,0
516,,,,0,0,0
517,,,,0,0,0
518,,,,0,0,0
519,,,,0,0,0
520,,,,0,0,0
521,,,,0,0,0
522,,,,0,0,0
523,,,,0,0,0
524,,,,0,0,0
525,,,,0,0,0
526,,,,0,0,0
527,,,,0,0,0
528,,,,0,0,0
529,,,,0,0,0
530,(開始地：),,,0,0,0
531,劍術士,,,0,0,0
532,格鬥士,,,0,0,0
533,斧術士,,,0,0,0
534,槍術士,,,0,0,0
535,弓術士,,,0,0,0
536,幻術士,,,0,0,0
537,咒術士,,,0,0,0
538,巴術士,,,0,0,0
539,,,,0,0,0
540,最短,,,0,0,0
541,較短,,,0,0,0
542,標準,,,0,0,0
543,較長,,,0,0,0
544,最長,,,0,0,0
545,類型1,,,0,0,0
546,類型2,,,0,0,0
547,類型3,,,0,0,0
548,類型4,,,0,0,0
549,,,,0,0,0
550,,,,0,0,0
551,,,,0,0,0
552,,,,0,0,0
553,,,,0,0,0
554,,,,0,0,0
555,最短,,,0,0,0
556,較短,,,0,0,0
557,標準,,,0,0,0
558,較長,,,0,0,0
559,最長,,,0,0,0
560,類型1,,,0,0,0
561,類型2,,,0,0,0
562,類型3,,,0,0,0
563,類型4,,,0,0,0
564,,,,0,0,0
565,最小,,,0,0,0
566,較小,,,0,0,0
567,標準,,,0,0,0
568,較大,,,0,0,0
569,最大,,,0,0,0
570,,,,0,0,0
571,,,,0,0,0
572,,,,0,0,0
573,,,,0,0,0
574,,,,0,0,0
575,,,,0,0,0
576,,,,0,0,0
577,,,,0,0,0
578,,,,0,0,0
579,,,,0,0,0
580,,,,0,0,0
581,,,,0,0,0
582,,,,0,0,0
583,,,,0,0,0
584,,,,0,0,0
585,,,,0,0,0
586,,,,0,0,0
587,,,,0,0,0
588,,,,0,0,0
589,,,,0,0,0
590,,,,0,0,0
591,,,,0,0,0
592,,,,0,0,0
593,,,,0,0,0
594,,,,0,0,0
595,,,,0,0,0
596,,,,0,0,0
597,,,,0,0,0
598,,,,0,0,0
599,,,,0,0,0
600,旋轉視角 旋轉背景 +縮放 迴轉方向反轉,,,0,0,0
601,,,,0,0,0
602,旋轉視角 旋轉背景 +縮放 +上下移動 迴轉方向反轉,,,0,0,0
603,,,,0,0,0
604,,,,0,0,0
605,,,,0,0,0
606,,,,0,0,0
607,,,,0,0,0
608,,,,0,0,0
609,,,,0,0,0
610,虛擬鍵盤,,,0,0,0
611,右鍵選單,,,0,0,0
612,左鍵拖曳：旋轉視角 右鍵拖曳：旋轉背景 轉動滑鼠滾輪：縮放,,,0,0,0
613,左鍵拖曳：旋轉視角 右鍵拖曳：旋轉背景 轉動滑鼠滾輪：縮放 滑鼠滾輪按下拖曳：上下移動,,,0,0,0
614,,,,0,0,0
615,"剩餘可使用天數: 0天
累積已使用天數: 0天",,,0,0,0
616,ベテランリワード　ランクUNKNOWN,,,0,0,0
617,累計利用天數：0天,,,0,0,0
618,"剩餘天數UNKNOWN天、剩餘時長0分鐘。
提醒您提前到官網進行天數訂閱。
https://ffxiv.com.tw",,,0,0,0
619,"免費體驗時間還剩UNKNOWN天。
體驗結束後如果想繼續遊玩，請前往官網購買遊戲主程式。
遊戲官網：
https://www.ffxiv.com.tw",,,0,0,0
620,,,,0,0,0
621,確定要將僱員的形象設定成目前的樣子嗎？,,,0,0,0
622,取消設定僱員形象。,,,0,0,0
623,確定要取消設定僱員的形象嗎？,,,0,0,0
624,,,,0,0,0
625,"確定要取消編輯角色容貌嗎？
正在編輯中的容貌會被完全放棄。",,,0,0,0
626,確定要完成角色容貌的編輯嗎？,,,0,0,0
627,"確定要放棄編輯中的容貌嗎？
角色會還原成之前的容貌。",,,0,0,0
628,,,,0,0,0
629,"確定要以「UNKNOWN」登入遊戲嗎？
**※可以透過右鍵選單重新編輯角色形象。**",,,0,0,0
630,可以對角色的種族、性別及外貌進行更改。請在右鍵選單中選擇「重新編輯角色」。,,,0,0,0
631,"確定要對角色的種族、性別及外貌進行更改嗎？
**※不進行重新編輯也可以直接登入遊戲。
※特定條件下的髮型和妝容會回到初始狀態。
※髮型與頭部裝備的顯示會根據種族不同有所限制。**",,,0,0,0
632,要重新設定角色的種族、性別以及外貌需要脫下全部防具和首飾。請登入後做好準備再退出回來。,,,0,0,0
633,"確定要將上述的更改反映到實際角色上嗎？
**※種族不同在美容師處可選的髮型也會有所不同。**",,,0,0,0
634,確定要中斷重新編輯角色形象嗎？,,,0,0,0
635,,,,0,0,0
636,：標記髮型,,,0,0,0
637,：標記髮型,,,0,0,0
638,只顯示標記的髮型,,,0,0,0
639,透過使用「」才可以在美容師處選擇的特殊髮型。,,,0,0,0
640,透過完成季節活動「未知的女騎士」或使用「」才可以在美容師處選擇的特殊髮型。,,,0,0,0
641,為舉辦「永結同心典禮」做準備後才可以在美容師處選擇的特殊髮型。,,,0,0,0
642,透過完成季節活動「令人驚訝的變身奇術」至「帶來歡笑的幸運魔咒」或使用「」才可以在美容師處選擇的特殊妝容。,,,0,0,0
643,透過使用「」才可以在美容師處選擇的特殊面妝。,,,0,0,0
644,,,,0,0,0
645,"因角色在任務過程中登出或中斷連線，無法重新編輯角色。
請先登入遊戲，退出任務後重新嘗試。",,,0,0,0
646,因角色狀態處於任務中進行中，無法變更種族、性別以及外觀。,,,0,0,0
647,因角色位於小黑屋，無法重新編輯角色。,,,0,0,0
648,現在無法變更角色的種族、性別以及外觀。,,,0,0,0
649,,,,0,0,0
650,是否要從現在連接中的UNKNOWNDC重新連接到UNKNOWNDC？,,,0,0,0
651,"儲存介面各視窗的位置以及大小等情報，
包含部分視窗內儲存的設定情報。",介面設定,,0,0,0
652,儲存每個職業的快速鍵與十字快速鍵情報。,快速鍵,,0,1,0
653,儲存套裝列表情報。,套裝列表,,0,2,0
654,"儲存角色的滑鼠或手把的操作類型設定，
包括快速鍵設定、訊息過濾等情報。",角色設定,,0,3,0
655,儲存各個角色專用巨集的情報。,角色專用巨集,,0,4,0
656,"儲存技能變換設定、坐騎列表的常用列表
以及肖像設計等情報。",其他,,0,5,0
657,,,,0,0,0
658,,,,0,0,0
659,,,,0,0,0
660,勾選  全選,,,0,0,0
661,勾選  全選,,,0,0,0
662,,,,0,0,0
663,,,,0,0,0
664,,,,0,0,0
665,,,,0,0,0
666,,,,0,0,0
667,,,,0,0,0
668,,,,0,0,0
669,,,,0,0,0
670,,,,0,0,0
671,,,,0,0,0
672,,,,0,0,0
673,,,,0,0,0
674,,,,0,0,0
675,,,,0,0,0
676,,,,0,0,0
677,,,,0,0,0
678,,,,0,0,0
679,,,,0,0,0
680,100級特職專用裝備,,,0,0,0
681,種族裝備,,,0,0,0
682,龍神裝備,,,0,0,0
683,加隆德裝備,,,0,0,0
684,亞歷山大裝備,,,0,0,0
685,墮龍裝備,,,0,0,0
686,黑渦精英裝備,,,0,0,0
687,雙蛇精英裝備,,,0,0,0
688,不滅精英裝備,,,0,0,0
689,源氏裝備,,,0,0,0
690,歐米茄裝備,,,0,0,0
691,煉獄獵犬裝備,,,0,0,0
692,矮人裝備,,,0,0,0
693,伊甸之晨裝備,,,0,0,0
694,荒天裝備,,,0,0,0
695,光之戰士裝備,,,0,0,0
696,野玫瑰裝備,,,0,0,0
697,月衛裝備,,,0,0,0
698,孤雲裝備,,,0,0,0
699,獅心裝備,,,0,0,0
700,坦塔羅斯裝備,,,0,0,0
701,艾普/大召喚士裝備,,,0,0,0
702,冰雪/雷光裝備,,,0,0,0
703,薩雷安神童裝備,,,0,0,0
704,路希斯王子裝備,,,0,0,0
705,美堤亞裝備,,,0,0,0
706,波奇裝備,,,0,0,0
707,,,,0,0,0
708,,,,0,0,0
709,,,,0,0,0
710,,,,0,0,0
711,,,,0,0,0
712,,,,0,0,0
713,,,,0,0,0
714,,,,0,0,0
715,,,,0,0,0
716,,,,0,0,0
717,,,,0,0,0
718,,,,0,0,0
719,,,,0,0,0
720,,,,0,0,0
721,,,,0,0,0
722,,,,0,0,0
723,,,,0,0,0
724,,,,0,0,0
725,,,,0,0,0
726,,,,0,0,0
727,,,,0,0,0
728,,,,0,0,0
729,,,,0,0,0
730,,,,0,0,0
731,,,,0,0,0
732,,,,0,0,0
733,,,,0,0,0
734,,,,0,0,0
735,,,,0,0,0
736,,,,0,0,0
737,,,,0,0,0
738,,,,0,0,0
739,,,,0,0,0
740,,,,0,0,0
741,,,,0,0,0
742,,,,0,0,0
743,,,,0,0,0
744,,,,0,0,0
745,,,,0,0,0
746,,,,0,0,0
747,,,,0,0,0
748,,,,0,0,0
749,,,,0,0,0
750,,,,0,0,0
751,,,,0,0,0
752,,,,0,0,0
753,,,,0,0,0
754,,,,0,0,0
755,,,,0,0,0
756,,,,0,0,0
757,,,,0,0,0
758,,,,0,0,0
759,,,,0,0,0
760,,,,0,0,0
761,,,,0,0,0
762,,,,0,0,0
763,,,,0,0,0
764,,,,0,0,0
765,,,,0,0,0
766,,,,0,0,0
767,,,,0,0,0
768,,,,0,0,0
769,,,,0,0,0
770,,,,0,0,0
771,,,,0,0,0
772,,,,0,0,0
773,,,,0,0,0
774,,,,0,0,0
775,,,,0,0,0
776,,,,0,0,0
777,,,,0,0,0
778,,,,0,0,0
779,,,,0,0,0
780,,,,0,0,0
781,,,,0,0,0
782,,,,0,0,0
783,,,,0,0,0
784,,,,0,0,0
785,,,,0,0,0
786,,,,0,0,0
787,,,,0,0,0
788,,,,0,0,0
789,,,,0,0,0
790,,,,0,0,0
791,,,,0,0,0
792,,,,0,0,0
793,,,,0,0,0
794,,,,0,0,0
795,,,,0,0,0
796,,,,0,0,0
797,,,,0,0,0
798,,,,0,0,0
799,,,,0,0,0
800,選擇DC,,,0,0,0
801,,,,0,0,0
802,DC,,,0,0,0
803,訊息,,,0,0,0
804,伺服器,,,0,0,0
805,日本1,,,0,0,0
806,"推薦居住在日本的玩家使用的資料中心。
可以在以下伺服器中創建角色並進入遊戲。",,,0,0,0
807,,,,0,0,0
808,正在連接到資料中心。,,,0,0,0
809,正在從資料中心中取得角色列表。,,,0,0,0
810,確定,,,0,0,0
811,取消,,,0,0,0
812,日本資料中心,,,0,0,0
813,北美資料中心,,,0,0,0
814,歐洲資料中心,,,0,0,0
815,大洋洲資料中心,,,0,0,0
816,NA Cloud Data Center (Beta),,,0,0,0
817,,,,0,0,0
818,,,,0,0,0
819,,,,0,0,0
820,"「伺服器」即是您的角色所在的世界。
選定原始伺服器之後，沒有特殊情況無法變更。
如果想和朋友一起體驗«FINAL FANTASY XIV»的樂趣，
建議將角色建在同一個伺服器裡。
如果沒看到您計畫前往的伺服器，
有可能是該伺服器位於其他DC。
您可以退出遊戲重新選擇正確的DC進入。



**此伺服器正在進行新創建的角色經驗值大幅提升等獎勵！**

**此伺服器現在無法創建角色。
請等待限制解除，或選擇其他伺服器。
在其他伺服器創建角色後，
也可以透過跨界傳送功能來此伺服器遊玩。**",,,0,0,0
821,(Skipped),,,0,0,0
822,♂の外見やクラス・名前などのキャラクターメイクデータを一時保存データスロットUNKNOWNに保存します。,,,0,0,0
823,讀取在2013/8/27 8:00儲存的UNKNOWN號男人物形象資料。,,,0,0,0
824,"在「FINAL FANTASY XIV」資料夾中檢測到了人物形象資料。
請選擇要讀取的資料，前往創建人物形象的最後一步。",,,0,0,0
825,"キャラクターメイクを保存できました。ゲームのパッチ適用の完了までお待ちください。
アプリケーションを終了させるとランチャーに戻ります。",,,0,0,0
826,"キャラクターメイクを保存できました。パッチ適用は完了しておりゲームを開始できます。
アプリケーションを終了させランチャーに戻りましょう。",,,0,0,0
827,"キャラクターメイクを保存できました。
ランチャーに問題が発生していますので、アプリケーションを終了させランチャーに戻ってください。",,,0,0,0
828,"キャラクターメイクを保存できました。
ランチャーに致命的な問題が発生しましたので、アプリケーションを終了させもう一度ファイナルファンタジーXIVを起動してください。",,,0,0,0
829,CHARACTER EDIT,,,0,0,0
830,キャラクターメイク Ver.4.0,,,0,0,0
831,"作成したキャラクターでデータを保存します。
よろしいですか？",,,0,0,0
832,要載入事先建立的角色資料嗎？,,,0,0,0
833,"ファイナルファンタジーXIVは最新の状態になりました。
キャラクターメイクを終了するとランチャーに戻ります。",,,0,0,0
834,"ランチャーのエラーが発生しました。キャラクターメイク中の場合は中断するか、
最後のステップまで完了させてから、アプリケーションを終了してください。",,,0,0,0
835,,,,0,0,0
836,"PlayStation®4版尚未開始提供該服務，
請耐心等待。",,,0,0,0
837,"
（複製對象）",,,0,0,0
838,"
（覆蓋對象）",,,0,0,0
839,滾動,,,0,0,0
840,備份用戶端通用設定資料,,,0,0,0
841,備份角色設定資料,,,0,0,0
842,備份角色設定資料,,,0,0,0
843,備份用戶端通用設定資料,,,0,0,0
844,備份角色設定資料,,,0,0,0
845,備份用戶端通用設定資料,,,0,0,0
846,備份角色設定資料,,,0,0,0
847,下載,,,0,0,0
848,上傳,,,0,0,0
849,,,,0,0,0
850,,,,0,0,0
851,"備份**用戶端通用設定資料**，包括全角色公用巨集還有介面尺寸、聲音設定等一部分系統設定。
※受設備環境影響的畫面解析度、控制設備等設定不在備份範圍內。",,,0,0,0
852,"將**角色專有設定資料**備份到伺服器儲存，包括角色設定、介面佈局、快速鍵、套裝列表等。
※道具整理與所持狀況確認用資料不在備份範圍內。",,,0,0,0
853,,,,0,0,0
854,,,,0,0,0
855,免費體驗期的玩家無法使用此功能。,,,0,0,0
856,伺服器繁忙，暫時無法使用此功能。,,,0,0,0
857,下載,,,0,0,0
858,上傳,,,0,0,0
859,伺服器資料備份,,,0,0,0
860,本地用戶端資料,,,0,0,0
861,"將**用戶端通用設定資料**儲存到伺服器。
※儲存資料到伺服器後，須經過23小時才能再次儲存。",,,0,0,0
862,"將所選角色的**角色設定資料**儲存到伺服器。
※儲存資料到伺服器後，須經過23小時才能再次儲存。",,,0,0,0
863,使用伺服器上儲存的**用戶端通用設定資料**覆蓋目前本地用戶端資料。,,,0,0,0
864,使用伺服器上儲存的**角色設定資料**覆蓋目前所選擇的本地用戶端資料。,,,0,0,0
865,使用其他角色的角色設定資料。,,,0,0,0
866,目前角色,,,0,0,0
867,最近備份過的其他角色（限同一DC內的角色）,,,0,0,0
868,無數據,,,0,0,0
869,備份日期：2013/8/27 8:00,,,0,0,0
870,[Win],,,0,0,0
871,已做好備份準備。,,,0,0,0
872,已做好下載準備。,,,0,0,0
873,使用其他角色的**角色設定資料**覆蓋所選角色目前本地的設定。,,,0,0,0
874,資料相同，無需上傳。,,,0,0,0
875,"備份過於頻繁，暫時無法備份。
下次可備份時間：2013/8/27 8:00",,,0,0,0
876,沒有用戶端通用設定資料的備份。,,,0,0,0
877,所選角色沒有備份資料。,,,0,0,0
878,初期状態のデータです。,,,0,0,0
879,暫時不能進行上傳。,,,0,0,0
880,備份服務暫停提供。,,,0,0,0
881,"確定要使用「UNKNOWNUNKNOWN」的備份資料覆蓋
「UNKNOWNUNKNOWN」的角色設定數據嗎？",,,0,0,0
882,沒有其他角色的**角色設定資料**備份。,,,0,0,0
883,搜尋,,,0,0,0
884,資料準備就緒,,,0,0,0
885,備份準備中。,,,0,0,0
886,正在下載備份資料。,,,0,0,0
887,正在上傳備份資料。,,,0,0,0
888,"伺服器備份資料已覆蓋本地用戶端通用設定資料。
**※部分設定需要重啟遊戲後生效。**",,,0,0,0
889,本地的用戶端通用設定資料已上傳伺服器儲存。,,,0,0,0
890,"伺服器備份資料已覆蓋本地UNKNOWNUNKNOWN的設定資料。
**※聲音等設定在另外的用戶端通用設定資料內，請互相結合使用。**",,,0,0,0
891,"本地UNKNOWNUNKNOWN的資料已上傳伺服器儲存。
**※聲音等設定在另外的用戶端通用設定資料內，請互相結合使用。**",,,0,0,0
892,"設定資料不足，無法備份。
請先使用角色登入遊戲，然後返回標題畫面重試。
[UNKNOWN]",,,0,0,0
893,"設定資料損壞，無法備份。
請先使用角色登入遊戲，然後返回標題畫面重試。
[UNKNOWN]",,,0,0,0
894,"備份資料創建失敗。
請先使用角色登入遊戲，然後返回標題畫面重試。
[UNKNOWN]",,,0,0,0
895,"數據上傳失敗。
請先使用角色登入遊戲後返回標題畫面，
然後過段時間後再試。
[UNKNOWN]",,,0,0,0
896,"下載備份資料失敗。
請先使用角色登入遊戲後返回標題畫面，
然後過段時間後再試。
[UNKNOWN]",,,0,0,0
897,"硬碟空間不足，覆蓋失敗。
[UNKNOWN]",,,0,0,0
898,"發生錯誤。
請過段時間後再試。
[UNKNOWN]",,,0,0,0
899,與目前資料相同，無需下載。,,,0,0,0
900,"儲存介面顯示尺寸、幀數限制等資訊。
※解析度等受設備環境影響的設定不在儲存範圍內。",顯示設定,,0,1,0
901,儲存音量、靜音等設定。,聲音設定,,0,11,0
902,"儲存滑鼠與控制器的各種設定。
※受控制設備影響的設定不在儲存範圍內。",控制器設定,,0,41,0
903,儲存視窗顏色主題的設定。,顏色主題設定,,0,181,0
904,"儲存過場動畫的語音等設定。
※受設備環境影響的設定不在儲存範圍內。",其他設定,,0,51,0
905,儲存聲音的視覺表現、色覺多樣性設定。,協助工具設定,,0,61,0
906,"儲存角色公用巨集的情報。
※角色專用巨集則需要在角色設定資料裡備份。",角色公用巨集,,0,161,0
907,,,,0,0,0
908,,,,0,0,0
909,,,,0,0,0
910,,,,0,0,0
911,,,,0,0,0
912,,,,0,0,0
913,,,,0,0,0
914,,,,0,0,0
915,,,,0,0,0
916,,,,0,0,0
917,,,,0,0,0
918,,,,0,0,0
919,,,,0,0,0
920,儲存滑鼠或控制器的操作類型設定。,角色設定,,0,131,0
921,儲存介面各視窗的位置與尺寸等情報。,介面設定,,0,91,0
922,儲存每個職業的快速鍵與十字快速鍵情報。,快速鍵,,0,111,0
923,儲存套裝列表情報。,套裝列表,,0,141,0
924,儲存快捷建設定。,按鍵設定,,0,151,0
925,儲存訊息視窗用的訊息過濾設定。,消息過濾設定,,0,121,0
926,"儲存角色專用巨集的情報。
※角色公用巨集則需要在用戶端通用設定資料裡備份。",角色專用巨集,,0,161,0
927,儲存九宮幻卡、萌寵之王等設定情報。,其他,,0,51,0
928,儲存好友名單的分組名、戰友列表等情報。,社交,,0,171,0
929,,,,0,0,0
930,,,,0,0,0
931,,,,0,0,0
932,,,,0,0,0
933,,,,0,0,0
934,,,,0,0,0
935,,,,0,0,0
936,,,,0,0,0
937,,,,0,0,0
938,,,,0,0,0
939,,,,0,0,0
940,恢復,,,0,0,0
941,恢復巨集,,,0,0,0
942,恢復設定,,,0,0,0
943,恢復公用巨集,,,0,0,0
944,,,,0,0,0
945,"恢復對象：**用戶端通用設定資料**
中的100個公用巨集",,,0,0,0
946,"下載備份的用戶端通用設定資料時如果發生問題，
可選擇將公用巨集的資料恢復到下載開始前的狀態。
請選擇用來恢復的資料。",,,0,0,0
947,"下載伺服器上儲存的備份資料進行覆蓋時，
會自動儲存最多10個恢復用資料。
現在還沒有恢復用資料。",,,0,0,0
948,資料日期：2013/8/27 8:00,,,0,0,0
949,恢復角色設定,,,0,0,0
950,,,,0,0,0
951,,,,0,0,0
952,"下載備份的角色設定資料時如果發生問題，
可選擇將角色設定資料恢復到下載開始前的狀態。
請選擇用來恢復的資料。",,,0,0,0
953,"下載伺服器上儲存的備份資料進行覆蓋時，
會自動儲存最多10個恢復用資料。
現在還沒有恢復用資料。",,,0,0,0
954,"確定要使用2013/8/27 8:00的資料
恢復角色公用巨集嗎？",,,0,0,0
955,"確定要使用2013/8/27 8:00的資料
恢復角色設定嗎？",,,0,0,0
956,角色公用巨集恢復成功。,,,0,0,0
957,角色公用巨集恢復失敗。,,,0,0,0
958,角色設定恢復成功。,,,0,0,0
959,角色設定恢復失敗。,,,0,0,0
960,備份的資料存在問題，下載失敗。,,,0,0,0
961,破損數據,,,0,0,0
962,"此為將您本地儲存的介面、快速鍵等情報上傳到伺服器備份或下載下來使用的功能。
利用本功能可以讓您在其他設備遊玩時繼承很大一部分設定。

在使用此功能上傳、下載前，強烈建議玩家自行在本地備份一份設定檔。除了透過自己手動備份外，也可以透過登入器設定裡的備份還原選項進行備份。",,,0,0,0
963,已了解上述內容，同意使用此功能。,,,0,0,0
964,繼續,,,0,0,0
965,返回,,,0,0,0
966,恢復用資料清單取得失敗。,,,0,0,0
967,恢復用資料清單取得失敗。,,,0,0,0
968,所選恢復用資料取得失敗。,,,0,0,0
969,恢復失敗。,,,0,0,0
970,恢復準備工作失敗。,,,0,0,0
971,恢復任務失敗。,,,0,0,0
972,暫時不支援Windows®／Mac／PlayStation®4使用各自平臺之外的備份資料。,,,0,0,0
973,正在搜尋恢復用資料。,,,0,0,0
974,正在準備下載。,,,0,0,0
975,複製其他角色的設定數據,,,0,0,0
976,2013/8/27 8:00:00,,,0,0,0
977,,,,0,0,0
978,,,,0,0,0
979,備份系統設定數據,,,0,0,0
980,系統設定備份的更新提示,,,0,0,0
981,已確認。,,,0,0,0
982,"自您上次備份
已經過了UNKNOWN天。
建議您定期更新備份數據。",,,0,0,0
983,自上次備份經過一段期間後進行通知。,,,0,0,0
984,※從系統設定中也可以變更通知設定。,,,0,0,0
985,確認,,,0,0,0
986,,,,0,0,0
987,"複製指定角色的設定數據。
※請依據自己需求，使用備份功能。",,,0,0,0
988,,,,0,0,0
989,,,,0,0,0
990,,,,0,0,0
991,遊戲說明,,,0,0,0
992,,,,0,0,0
993,複製角色設定,,,0,0,0
994,請選擇想要複製的角色設定。,,,0,0,0
995,"可以將其他角色的介面設定
以及快速鍵鍵位等設定數據複製到所選角色。
請選擇想要複製的角色。
※最多顯示8位最近登錄過遊戲的角色。",,,0,0,0
996,正在搜尋其他角色的設定數據。,,,0,0,0
997,沒有找到可以複製的角色設定數據。,,,0,0,0
998,"角色設定數據複製完成。
該角色下次登錄時將適用新的設定數據。",,,0,0,0
999,,,,0,0,0
1000,尾巴長度,,,0,0,0
1001,尾巴形狀,,,0,0,0
1002,,,,0,0,0
1003,最短,,,0,0,0
1004,やや短め,,,0,0,0
1005,標準,,,0,0,0
1006,やや長め,,,0,0,0
1007,最長,,,0,0,0
1008,タイプ1,,,0,0,0
1009,タイプ2,,,0,0,0
1010,タイプ3,,,0,0,0
1011,タイプ4,,,0,0,0
1012,,,,0,0,0
1013,毛紋,,,0,0,0
1014,毛色,,,0,0,0
1015,耳朵長度,,,0,0,0
1016,耳朵形狀,,,0,0,0
1017,胸圍,,,0,0,0
1018,最短,,,0,0,0
1019,やや短め,,,0,0,0
1020,標準,,,0,0,0
1021,やや長め,,,0,0,0
1022,最長,,,0,0,0
1023,類型1,,,0,0,0
1024,類型2,,,0,0,0
1025,類型3,,,0,0,0
1026,類型4,,,0,0,0
1027,,,,0,0,0
1028,最小,,,0,0,0
1029,やや小さめ,,,0,0,0
1030,標準,,,0,0,0
1031,やや大きめ,,,0,0,0
1032,最大,,,0,0,0
1033,耳朵形狀,,,0,0,0
1034,耳朵長度,,,0,0,0
1035,最短,,,0,0,0
1036,最長,,,0,0,0
1037,胸圍,,,0,0,0
1038,最小,,,0,0,0
1039,最大,,,0,0,0
1040,尾巴形狀,,,0,0,0
1041,尾巴長度,,,0,0,0
1042,最短,,,0,0,0
1043,最長,,,0,0,0
1044,牙齒長度,,,0,0,0
1045,刺青與裝飾,,,0,0,0
1046,刺青與裝飾顏色,,,0,0,0
1047,耳尖毛與眉毛與眼線,,,0,0,0
1048,,,,0,0,0
1049,,,,0,0,0
1050,類型1,,,0,0,0
1051,類型2,,,0,0,0
1052,類型3,,,0,0,0
1053,類型4,,,0,0,0
1054,,,,0,0,0
1055,類型1,,,0,0,0
1056,類型2,,,0,0,0
1057,類型3,,,0,0,0
1058,類型4,,,0,0,0
1059,類型5,,,0,0,0
1060,類型6,,,0,0,0
1061,,,,0,0,0
1062,,,,0,0,0
1063,,,,0,0,0
1064,,,,0,0,0
1065,類型1,,,0,0,0
1066,類型2,,,0,0,0
1067,類型3,,,0,0,0
1068,類型4,,,0,0,0
1069,類型5,,,0,0,0
1070,類型6,,,0,0,0
1071,,,,0,0,0
1072,,,,0,0,0
1073,,,,0,0,0
1074,,,,0,0,0
1075,較大,,,0,0,0
1076,較小,,,0,0,0
1077,,,,0,0,0
1078,,,,0,0,0
1079,,,,0,0,0
1080,類型1,,,0,0,0
1081,類型2,,,0,0,0
1082,類型3,,,0,0,0
1083,類型4,,,0,0,0
1084,類型5,,,0,0,0
1085,類型6,,,0,0,0
1086,,,,0,0,0
1087,,,,0,0,0
1088,,,,0,0,0
1089,,,,0,0,0
1090,類型1,,,0,0,0
1091,類型2,,,0,0,0
1092,類型3,,,0,0,0
1093,類型4,,,0,0,0
1094,,,,0,0,0
1095,,,,0,0,0
1096,,,,0,0,0
1097,,,,0,0,0
1098,,,,0,0,0
1099,,,,0,0,0
1100,移動到空閒伺服器,,,0,0,0
1101,"為避免擁擠，暫時移動到空閒伺服器。
**·登入的伺服器將會由系統自動選擇
·登入後將會從角色創建時所選城邦的乙太之光處開始**
相關注意事項可以查看下方跨界傳送的說明。",,,0,0,0
1102,確認跨界傳送的注意事項,,,0,0,0
1103,關閉,,,0,0,0
1104,移動到空閒伺服器,,,0,0,0
1105,取消,,,0,0,0
1106,正在移動到空閒伺服器，請稍候。,,,0,0,0
1107,現在無法使用此功能。,,,0,0,0
1108,距離上次移動時間過短，請經過一段時間後再嘗試移動。,,,0,0,0
1109,進行移動前，請先透過右鍵選單選擇「修改姓名」，確定好角色的新名字。,,,0,0,0
1110,進行移動前，請先透過右鍵選單選擇「修改僱員姓名」，確定好僱員的新名字。,,,0,0,0
1111,"角色上次結束遊戲或斷線的地點為副本任務內，無法「返回原始伺服器」。
請先登入一次再進行該操作。",,,0,0,0
1112,角色還未完成遊戲的初始教學，無法移動到空閒伺服器。,,,0,0,0
1113,角色在小黑屋內，無法「返回原始伺服器」。,,,0,0,0
1114,現在「空いているワールドへ移動」サービスが一時的にご利用いただけません。,,,0,0,0
1115,沒能順利移動到空閒伺服器。請在經過一段時間後，透過右鍵選單再次嘗試。,,,0,0,0
1116,已經順利移動到UNKNOWN，可以正常進入遊戲。,,,0,0,0
1117,返回原始伺服器,,,0,0,0
1118,滾動說明文,,,0,0,0
1119,,,,0,0,0
1120,,,,0,0,0
1121,,,,0,0,0
1122,,,,0,0,0
1123,,,,0,0,0
1124,,,,0,0,0
1125,,,,0,0,0
1126,,,,0,0,0
1127,,,,0,0,0
1128,,,,0,0,0
1129,,,,0,0,0
1130,,,,0,0,0
1131,,,,0,0,0
1132,,,,0,0,0
1133,,,,0,0,0
1134,,,,0,0,0
1135,,,,0,0,0
1136,,,,0,0,0
1137,,,,0,0,0
1138,,,,0,0,0
1139,,,,0,0,0
1140,,,,0,0,0
1141,,,,0,0,0
1142,,,,0,0,0
1143,,,,0,0,0
1144,,,,0,0,0
1145,,,,0,0,0
1146,,,,0,0,0
1147,,,,0,0,0
1148,,,,0,0,0
1149,,,,0,0,0
1150,前往其他DC遊玩,,,0,0,0
1151,返回原始DC,,,0,0,0
1152,來自,,,0,0,0
1153,前往,,,0,0,0
1154,UNKNOWN 「 UNKNOWN 」,,,0,0,0
1155,"前往其他DC的伺服器進行遊玩吧！
在其他DC依舊可以自由組隊、參加招募、購買物品以及進行任務。
盡情享受超域傳送帶來的樂趣吧！

※透過超域傳送去往其他伺服器時無法使用原始DC的通訊貝和公會，此外還有其他部分限制，敬請諒解。",,,0,0,0
1156,查看超域傳送的注意事項,,,0,0,0
1157,注意事項について了承しました,,,0,0,0
1158,選擇伺服器,,,0,0,0
1159,取消,,,0,0,0
1160,,,,0,0,0
1161,關閉,,,0,0,0
1162,"請選擇想去遊玩的DC和伺服器。
預測需要時間：不到1分鐘",,,0,0,0
1163,"返回原始DC的原始伺服器。
預測需要時間：不到1分鐘",,,0,0,0
1164,DC,,,0,0,0
1165,伺服器,,,0,0,0
1166,確定,,,0,0,0
1167,取消,,,0,0,0
1168,❖UNKNOWN,,,0,0,0
1169,正在取得伺服器情報。,,,0,0,0
1170,"將角色「UNKNOWNUNKNOWN」移動至
DC「UNKNOWN」的伺服器「UNKNOWN」。

預測需要時間：不到1分鐘

**角色移動時的注意事項
・在角色完成移動前無法取消。
・在角色完成移動前，無法使用其他角色進入遊戲。
敬請諒解。**",,,0,0,0
1171,執行,,,0,0,0
1172,返回上一步,,,0,0,0
1173,"角色正在進行超域傳送，請等待傳送完成。
預測需要時間：不到1分鐘",,,0,0,0
1174,"角色「UNKNOWNUNKNOWN」已經移動至
DC「UNKNOWN」的伺服器「UNKNOWN」！",,,0,0,0
1175,該角色正在UNKNOWNDC遊玩。,,,0,0,0
1176,以該角色登入遊戲需要修改姓名。修改姓名需要返回原始伺服器。,,,0,0,0
1177,以該角色登入遊戲需要修改僱員姓名。修改僱員姓名需要返回原始伺服器。,,,0,0,0
1178,"為了修改角色姓名和僱員姓名，即將返回原始伺服器。
修改姓名登入後，將會從角色創建時所選城邦的乙太之光處開始。",,,0,0,0
1179,正在返回原始伺服器，請稍後。,,,0,0,0
1180,現在無法使用此功能。,,,0,0,0
1181,距離上次返回時間過短，請經過一段時間後再嘗試返回。,,,0,0,0
1182,沒能順利返回原始伺服器。請在經過一段時間後，透過右鍵選單再次嘗試。,,,0,0,0
1183,已經順利返回原始伺服器。,,,0,0,0
1184,以該角色登入遊戲需要修改姓名。修改姓名需要返回原始伺服器。,,,0,0,0
1185,以該角色登入遊戲需要修改僱員姓名。修改僱員姓名需要返回原始伺服器。,,,0,0,0
1186,返回原始伺服器,,,0,0,0
1187,已經過時間：,,,0,0,0
1188,選擇DC,,,0,0,0
1189,選擇伺服器,,,0,0,0
1190,執行,,,0,0,0
1191,"將角色「UNKNOWNUNKNOWN」返回至
原始DC「UNKNOWN」的原始伺服器「UNKNOWN」。
預測需要時間：不到1分鐘

**角色移動時的注意事項
・在角色完成移動前無法取消。
・在角色完成移動前，無法使用其他角色進入遊戲。
敬請諒解。**",,,0,0,0
1192,"處於其他DC時，
角色情報簡化顯示。",,,0,0,0
1193,,,,0,0,0
1194,,,,0,0,0
1195,,,,0,0,0
1196,,,,0,0,0
1197,,,,0,0,0
1198,,,,0,0,0
1199,,,,0,0,0
1200,"目前無法使用「返回原始伺服器」功能。
[UNKNOWN]",,,0,0,0
1201,現在所選的DC中沒有相同地域的其他DC，因此無法使用「前往其他DC遊玩」。,,,0,0,0
1202,需要經過一定時間才可再次執行「返回原始伺服器」。,,,0,0,0
1203,進行移動前，請先透過右鍵選單選擇「修改姓名」，確定好角色的新名字。,,,0,0,0
1204,進行移動前，請先透過右鍵選單選擇「修改僱員姓名」，確定好僱員的新名字。,,,0,0,0
1205,角色在小黑屋內，無法使用「返回原始伺服器」功能。,,,0,0,0
1206,角色還未完成遊戲的初始教學，無法前往其他DC遊玩。,,,0,0,0
1207,前往其他DC遊玩時，需要角色處於原始伺服器。,,,0,0,0
1208,"沒能順利「返回原始伺服器」。請在經過一段時間後，透過右鍵選單再次嘗試。
[UNKNOWN]",,,0,0,0
1209,"「返回原始伺服器」功能臨時維護中。
[UNKNOWN]",,,0,0,0
1210,"沒能順利「返回原始伺服器」。
[UNKNOWN]",,,0,0,0
1211,"角色上次結束遊戲或斷線的地點為副本任務內，無法「返回原始伺服器」。
請先登入一次再進行該操作。",,,0,0,0
1212,透過「前往其他DC遊玩」所選擇的伺服器「UNKNOWN」中可創建的角色數已達上限，無法移動。,,,0,0,0
1213,無法在原始DC以外的DC執行「前往其他DC遊玩」。,,,0,0,0
1214,「返回原始伺服器」時選擇的伺服器「UNKNOWN」，不是該角色的原始伺服器。,,,0,0,0
1215,透過「前往其他DC遊玩」所選擇的伺服器「UNKNOWN」是目前DC內的伺服器，請使用跨界傳送進行移動。,,,0,0,0
1216,透過「前往其他DC遊玩」所選擇的伺服器「UNKNOWN」是其他地域DC的伺服器，無法移動。,,,0,0,0
1217,透過「前往其他DC遊玩」所選擇的伺服器「UNKNOWN」是目前所在伺服器，處理中斷。,,,0,0,0
1218,目前無法移動至透過「返回原始伺服器」所選擇的伺服器「UNKNOWN」。,,,0,0,0
1219,"部分遊戲資料出現錯誤，無法返回原始伺服器。請透過回報或聯絡客服。
[UNKNOWN]",,,0,0,0
1220,"發生錯誤，伺服器無回應。
[UNKNOWN]",,,0,0,0
1221,組隊情況下無法返回原始伺服器。,,,0,0,0
1222,更多的操作選項,,,0,0,0
1223,取得角色情報,,,0,0,0
1224,為緩解登入壓力而簡化顯示角色情報時，使用此指令可以正常取得角色情報，以便進行改名或重新編輯角色等操作。,,,0,0,0
1225,確定要從伺服器取得此角色的情報嗎？,,,0,0,0
1226,正在取得角色情報。,,,0,0,0
1227,修改姓名前，需要先取得角色情報。,,,0,0,0
1228,修改僱員姓名前，需要先取得角色情報。,,,0,0,0
1229,此角色需要修改姓名才可登入。請先取得角色情報，然後修改姓名。,,,0,0,0
1230,此角色需要修改僱員姓名才可登入。請先取得角色情報，然後修改僱員姓名。,,,0,0,0
1231,"返回原始伺服器。
登入時將會從角色創建時所選城邦的乙太之光進入遊戲。",,,0,0,0
1232,此角色需要返回原始伺服器修改姓名後才可使用「移動到空閒伺服器」功能。,,,0,0,0
1233,此角色需要返回原始伺服器修改僱員姓名後才可使用「移動到空閒伺服器」功能。,,,0,0,0
1234,"您此前從未連接過UNKNOWN伺服器所在的UNKNOWN，無法進行超域傳送。
請退出遊戲，在登入器中選擇UNKNOWN後開始遊戲，直到進入該DC的角色選擇介面。此後就可以向該DC進行超域傳送了。",,,0,0,0
1235,"您在UNKNOWN伺服器所在的UNKNOWN中創建的角色數量已達到上限，無法使用超域傳送前往該DC。
只有創建在目標伺服器所在DC的角色數量未達到上限時，才能透過超域傳送前往目標伺服器。請調整UNKNOWN的角色數量後，再次嘗試超域傳送。",,,0,0,0
1236,該帳號正在遊戲中。請在經過一段時間後，透過右鍵選單再次嘗試。,,,0,0,0
1237,"沒能在此DC找到目前設備記錄的最後一個登出角色。
請前往其他DC查看。",,,0,0,0
1238,"**此伺服器目前擁擠，限制了原始伺服器之外的角色登入，因此無法返回副本任務。**
如果執行「退出副本任務」，可選擇「返回原始伺服器」然後在原始伺服器登入遊戲。
要退出副本任務嗎？",,,0,0,0
1239,開始執行退出副本任務，請稍候。,,,0,0,0
1240,"正在退出副本任務。
**這可能需要花費5分鐘時間。**
請稍等一會再執行移動到其他伺服器的操作。",,,0,0,0
1241,退出副本任務還未完成，請稍後再試。,,,0,0,0
1242,已確認,,,0,0,0
1243,"您選中的UNKNOWN伺服器所在的UNKNOWNDC帳戶資訊需要更新，無法進行超域傳送。
請退出遊戲，在登入器中選擇UNKNOWN後開始遊戲，直到進入該DC的角色選擇介面。此後就可以向該DC進行超域傳送了。",,,0,0,0
1244,,,,0,0,0
1245,,,,0,0,0
1246,,,,0,0,0
1247,,,,0,0,0
1248,,,,0,0,0
1249,,,,0,0,0
1250,クラウドデータセンターにあるワールドは、クラウドDC公開負荷テスト終了時に完全に閉鎖され、作成したすべてのキャラクターおよびリテイナーのデータも削除されます。予めご了承ください。,,,0,0,0
1251,,,,0,0,0
1252,,,,0,0,0
1253,,,,0,0,0
1254,,,,0,0,0
1255,,,,0,0,0
1256,,,,0,0,0
1257,,,,0,0,0
1258,,,,0,0,0
1259,,,,0,0,0
1260,,,,0,0,0
1261,,,,0,0,0
1262,,,,0,0,0
1263,,,,0,0,0
1264,,,,0,0,0
1265,,,,0,0,0
1266,,,,0,0,0
1267,,,,0,0,0
1268,,,,0,0,0
1269,,,,0,0,0
1270,,,,0,0,0
1271,,,,0,0,0
1272,,,,0,0,0
1273,,,,0,0,0
1274,,,,0,0,0
1275,,,,0,0,0
1276,,,,0,0,0
1277,,,,0,0,0
1278,,,,0,0,0
1279,,,,0,0,0
1280,,,,0,0,0
1281,,,,0,0,0
1282,,,,0,0,0
1283,,,,0,0,0
1284,,,,0,0,0
1285,,,,0,0,0
1286,,,,0,0,0
1287,,,,0,0,0
1288,,,,0,0,0
1289,,,,0,0,0
1290,,,,0,0,0
1291,,,,0,0,0
1292,,,,0,0,0
1293,,,,0,0,0
1294,,,,0,0,0
1295,,,,0,0,0
1296,,,,0,0,0
1297,,,,0,0,0
1298,,,,0,0,0
1299,,,,0,0,0
1300,,,,0,0,0
1301,,,,0,0,0
1302,,,,0,0,0
1303,,,,0,0,0
1304,,,,0,0,0
1305,,,,0,0,0
1306,,,,0,0,0
1307,,,,0,0,0
1308,,,,0,0,0
1309,,,,0,0,0
1310,,,,0,0,0
1311,,,,0,0,0
1312,,,,0,0,0
1313,,,,0,0,0
1314,,,,0,0,0
1315,,,,0,0,0
1316,,,,0,0,0
1317,,,,0,0,0
1318,,,,0,0,0
1319,,,,0,0,0
1320,,,,0,0,0
1321,,,,0,0,0
1322,,,,0,0,0
1323,,,,0,0,0
1324,,,,0,0,0
1325,,,,0,0,0
1326,,,,0,0,0
1327,,,,0,0,0
1328,,,,0,0,0
1329,,,,0,0,0
1330,,,,0,0,0
1331,,,,0,0,0
1332,,,,0,0,0
1333,,,,0,0,0
1334,,,,0,0,0
1335,,,,0,0,0
1336,,,,0,0,0
1337,,,,0,0,0
1338,,,,0,0,0
1339,,,,0,0,0
1340,,,,0,0,0
1341,,,,0,0,0
1342,,,,0,0,0
1343,,,,0,0,0
1344,,,,0,0,0
1345,,,,0,0,0
1346,,,,0,0,0
1347,,,,0,0,0
1348,,,,0,0,0
1349,,,,0,0,0
1350,,,,0,0,0
1351,,,,0,0,0
1352,,,,0,0,0
1353,,,,0,0,0
1354,,,,0,0,0
1355,,,,0,0,0
1356,,,,0,0,0
1357,,,,0,0,0
1358,,,,0,0,0
1359,,,,0,0,0
1360,,,,0,0,0
1361,,,,0,0,0
1362,,,,0,0,0
1363,,,,0,0,0
1364,,,,0,0,0
1365,,,,0,0,0
1366,,,,0,0,0
1367,,,,0,0,0
1368,,,,0,0,0
1369,,,,0,0,0
1370,,,,0,0,0
1371,,,,0,0,0
1372,,,,0,0,0
1373,,,,0,0,0
1374,,,,0,0,0
1375,,,,0,0,0
1376,,,,0,0,0
1377,,,,0,0,0
1378,,,,0,0,0
1379,,,,0,0,0
1380,,,,0,0,0
1381,,,,0,0,0
1382,,,,0,0,0
1383,,,,0,0,0
1384,,,,0,0,0
1385,,,,0,0,0
1386,,,,0,0,0
1387,,,,0,0,0
1388,,,,0,0,0
1389,,,,0,0,0
1390,,,,0,0,0
1391,,,,0,0,0
1392,,,,0,0,0
1393,,,,0,0,0
1394,,,,0,0,0
1395,,,,0,0,0
1396,,,,0,0,0
1397,,,,0,0,0
1398,,,,0,0,0
1399,,,,0,0,0
1400,,,,0,0,0
1401,,,,0,0,0
1402,,,,0,0,0
1403,,,,0,0,0
1404,,,,0,0,0
1405,,,,0,0,0
1406,,,,0,0,0
1407,,,,0,0,0
1408,,,,0,0,0
1409,,,,0,0,0
1410,,,,0,0,0
1411,,,,0,0,0
1412,,,,0,0,0
1413,,,,0,0,0
1414,,,,0,0,0
1415,,,,0,0,0
1416,,,,0,0,0
1417,,,,0,0,0
1418,,,,0,0,0
1419,,,,0,0,0
1420,,,,0,0,0
1421,,,,0,0,0
1422,,,,0,0,0
1423,,,,0,0,0
1424,,,,0,0,0
1425,,,,0,0,0
1426,,,,0,0,0
1427,,,,0,0,0
1428,,,,0,0,0
1429,,,,0,0,0
1430,,,,0,0,0
1431,,,,0,0,0
1432,,,,0,0,0
1433,,,,0,0,0
1434,,,,0,0,0
1435,,,,0,0,0
1436,,,,0,0,0
1437,,,,0,0,0
1438,,,,0,0,0
1439,,,,0,0,0
1440,,,,0,0,0
1441,,,,0,0,0
1442,,,,0,0,0
1443,,,,0,0,0
1444,,,,0,0,0
1445,,,,0,0,0
1446,,,,0,0,0
1447,,,,0,0,0
1448,,,,0,0,0
1449,,,,0,0,0
1450,,,,0,0,0
1451,,,,0,0,0
1452,,,,0,0,0
1453,,,,0,0,0
1454,,,,0,0,0
1455,,,,0,0,0
1456,,,,0,0,0
1457,,,,0,0,0
1458,,,,0,0,0
1459,,,,0,0,0
1460,,,,0,0,0
1461,,,,0,0,0
1462,,,,0,0,0
1463,,,,0,0,0
1464,,,,0,0,0
1465,,,,0,0,0
1466,,,,0,0,0
1467,,,,0,0,0
1468,,,,0,0,0
1469,,,,0,0,0
1470,,,,0,0,0
1471,,,,0,0,0
1472,,,,0,0,0
1473,,,,0,0,0
1474,,,,0,0,0
1475,,,,0,0,0
1476,,,,0,0,0
1477,,,,0,0,0
1478,,,,0,0,0
1479,,,,0,0,0
1480,,,,0,0,0
1481,,,,0,0,0
1482,,,,0,0,0
1483,,,,0,0,0
1484,,,,0,0,0
1485,,,,0,0,0
1486,,,,0,0,0
1487,,,,0,0,0
1488,,,,0,0,0
1489,,,,0,0,0
1490,,,,0,0,0
1491,,,,0,0,0
1492,,,,0,0,0
1493,,,,0,0,0
1494,,,,0,0,0
1495,,,,0,0,0
1496,,,,0,0,0
1497,,,,0,0,0
1498,,,,0,0,0
1499,,,,0,0,0
1500,,,,0,0,0
1501,,,,0,0,0
1502,,,,0,0,0
1503,,,,0,0,0
1504,,,,0,0,0
1505,,,,0,0,0
1506,,,,0,0,0
1507,,,,0,0,0
1508,,,,0,0,0
1509,,,,0,0,0
1510,,,,0,0,0
1511,,,,0,0,0
1512,,,,0,0,0
1513,,,,0,0,0
1514,,,,0,0,0
1515,,,,0,0,0
1516,,,,0,0,0
1517,,,,0,0,0
1518,,,,0,0,0
1519,,,,0,0,0
1520,,,,0,0,0
1521,,,,0,0,0
1522,,,,0,0,0
1523,,,,0,0,0
1524,,,,0,0,0
1525,,,,0,0,0
1526,,,,0,0,0
1527,,,,0,0,0
1528,,,,0,0,0
1529,,,,0,0,0
1530,,,,0,0,0
1531,,,,0,0,0
1532,,,,0,0,0
1533,,,,0,0,0
1534,,,,0,0,0
1535,,,,0,0,0
1536,,,,0,0,0
1537,,,,0,0,0
1538,,,,0,0,0
1539,,,,0,0,0
1540,,,,0,0,0
1541,,,,0,0,0
1542,,,,0,0,0
1543,,,,0,0,0
1544,,,,0,0,0
1545,,,,0,0,0
1546,,,,0,0,0
1547,,,,0,0,0
1548,,,,0,0,0
1549,,,,0,0,0
1550,,,,0,0,0
1551,,,,0,0,0
1552,,,,0,0,0
1553,,,,0,0,0
1554,,,,0,0,0
1555,,,,0,0,0
1556,,,,0,0,0
1557,,,,0,0,0
1558,,,,0,0,0
1559,,,,0,0,0
1560,,,,0,0,0
1561,,,,0,0,0
1562,,,,0,0,0
1563,,,,0,0,0
1564,,,,0,0,0
1565,,,,0,0,0
1566,,,,0,0,0
1567,,,,0,0,0
1568,,,,0,0,0
1569,,,,0,0,0
1570,,,,0,0,0
1571,,,,0,0,0
1572,,,,0,0,0
1573,,,,0,0,0
1574,,,,0,0,0
1575,,,,0,0,0
1576,,,,0,0,0
1577,,,,0,0,0
1578,,,,0,0,0
1579,,,,0,0,0
1580,,,,0,0,0
1581,,,,0,0,0
1582,,,,0,0,0
1583,,,,0,0,0
1584,,,,0,0,0
1585,,,,0,0,0
1586,,,,0,0,0
1587,,,,0,0,0
1588,,,,0,0,0
1589,,,,0,0,0
1590,,,,0,0,0
1591,,,,0,0,0
1592,,,,0,0,0
1593,,,,0,0,0
1594,,,,0,0,0
1595,,,,0,0,0
1596,,,,0,0,0
1597,,,,0,0,0
1598,,,,0,0,0
1599,,,,0,0,0
1600,,,,0,0,0
1601,,,,0,0,0
1602,,,,0,0,0
1603,,,,0,0,0
1604,,,,0,0,0
1605,,,,0,0,0
1606,,,,0,0,0
1607,,,,0,0,0
1608,,,,0,0,0
1609,,,,0,0,0
1610,,,,0,0,0
1611,,,,0,0,0
1612,,,,0,0,0
1613,,,,0,0,0
1614,,,,0,0,0
1615,,,,0,0,0
1616,,,,0,0,0
1617,,,,0,0,0
1618,,,,0,0,0
1619,,,,0,0,0
1620,,,,0,0,0
1621,,,,0,0,0
1622,,,,0,0,0
1623,,,,0,0,0
1624,,,,0,0,0
1625,,,,0,0,0
1626,,,,0,0,0
1627,,,,0,0,0
1628,,,,0,0,0
1629,,,,0,0,0
1630,,,,0,0,0
1631,,,,0,0,0
1632,,,,0,0,0
1633,,,,0,0,0
1634,,,,0,0,0
1635,,,,0,0,0
1636,,,,0,0,0
1637,,,,0,0,0
1638,,,,0,0,0
1639,,,,0,0,0
1640,,,,0,0,0
1641,,,,0,0,0
1642,,,,0,0,0
1643,,,,0,0,0
1644,,,,0,0,0
1645,,,,0,0,0
1646,,,,0,0,0
1647,,,,0,0,0
1648,,,,0,0,0
1649,,,,0,0,0
1650,,,,0,0,0
1651,,,,0,0,0
1652,,,,0,0,0
1653,,,,0,0,0
1654,,,,0,0,0
1655,,,,0,0,0
1656,,,,0,0,0
1657,,,,0,0,0
1658,,,,0,0,0
1659,,,,0,0,0
1660,,,,0,0,0
1661,,,,0,0,0
1662,,,,0,0,0
1663,,,,0,0,0
1664,,,,0,0,0
1665,,,,0,0,0
1666,,,,0,0,0
1667,,,,0,0,0
1668,,,,0,0,0
1669,,,,0,0,0
1670,,,,0,0,0
1671,,,,0,0,0
1672,,,,0,0,0
1673,,,,0,0,0
1674,,,,0,0,0
1675,,,,0,0,0
1676,,,,0,0,0
1677,,,,0,0,0
1678,,,,0,0,0
1679,,,,0,0,0
1680,,,,0,0,0
1681,,,,0,0,0
1682,,,,0,0,0
1683,,,,0,0,0
1684,,,,0,0,0
1685,,,,0,0,0
1686,,,,0,0,0
1687,,,,0,0,0
1688,,,,0,0,0
1689,,,,0,0,0
1690,,,,0,0,0
1691,,,,0,0,0
1692,,,,0,0,0
1693,,,,0,0,0
1694,,,,0,0,0
1695,,,,0,0,0
1696,,,,0,0,0
1697,,,,0,0,0
1698,,,,0,0,0
1699,,,,0,0,0
1700,,,,0,0,0
1701,,,,0,0,0
1702,程序版本號 : UNKNOWN,,,0,0,0
1703,ffxiv : UNKNOWN,,,0,0,0
1704,exUNKNOWN : UNKNOWN,,,0,0,0
1705,,,,0,0,0
1706,,,,0,0,0
1707,,,,0,0,0
1708,,,,0,0,0
1709,,,,0,0,0
1710,,,,0,0,0
1711,,,,0,0,0
1712,,,,0,0,0
1713,,,,0,0,0
1714,,,,0,0,0
1715,,,,0,0,0
1716,,,,0,0,0
1717,,,,0,0,0
1718,,,,0,0,0
1719,,,,0,0,0
1720,,,,0,0,0
1721,,,,0,0,0
1722,,,,0,0,0
1723,,,,0,0,0
1724,,,,0,0,0
1725,,,,0,0,0
1726,,,,0,0,0
1727,,,,0,0,0
1728,,,,0,0,0
1729,,,,0,0,0
1730,,,,0,0,0
1731,,,,0,0,0
1732,,,,0,0,0
1733,,,,0,0,0
1734,,,,0,0,0
1735,,,,0,0,0
1736,,,,0,0,0
1737,,,,0,0,0
1738,,,,0,0,0
1739,,,,0,0,0
1740,鬍鬚與傷痕等,,,0,0,0
1741,黑痣與傷痕等,,,0,0,0
1742,刺青,,,0,0,0
1743,耳飾,,,0,0,0
1744,刺青顏色,,,0,0,0
1745,耳飾顏色,,,0,0,0
1746,瞳孔輪廓,,,0,0,0
1747,鱗片與飾品,,,0,0,0
1748,瞳孔輪廓顏色,,,0,0,0
1749,刺青與裝飾,,,0,0,0
1750,刺青與裝飾顏色,,,0,0,0
1751,黑痣與裝飾等,,,0,0,0
1752,眼球の色,,,0,0,0
1753,牙齒長度,,,0,0,0
1754,,,,0,0,0
1755,刺青與裝飾,,,0,0,0
1756,刺青與裝飾顏色,,,0,0,0
1757,,,,0,0,0
1758,,,,0,0,0
1759,,,,0,0,0
1760,,,,0,0,0
1761,,,,0,0,0
1762,,,,0,0,0
1763,,,,0,0,0
1764,,,,0,0,0
1765,,,,0,0,0
1766,,,,0,0,0
1767,,,,0,0,0
1768,,,,0,0,0
1769,,,,0,0,0
1770,,,,0,0,0
1771,,,,0,0,0
1772,,,,0,0,0
1773,,,,0,0,0
1774,,,,0,0,0
1775,,,,0,0,0
1776,,,,0,0,0
1777,,,,0,0,0
1778,,,,0,0,0
1779,,,,0,0,0
1780,,,,0,0,0
1781,,,,0,0,0
1782,,,,0,0,0
1783,,,,0,0,0
1784,,,,0,0,0
1785,,,,0,0,0
1786,,,,0,0,0
1787,,,,0,0,0
1788,,,,0,0,0
1789,,,,0,0,0
1790,,,,0,0,0
1791,,,,0,0,0
1792,,,,0,0,0
1793,,,,0,0,0
1794,,,,0,0,0
1795,,,,0,0,0
1796,,,,0,0,0
1797,,,,0,0,0
1798,,,,0,0,0
1799,,,,0,0,0
1800,確定要取消登入嗎？,,,0,0,0
1801,一段時間內沒有進行任何操作，已經自動登出遊戲。,,,0,0,0
1802,**選擇此種族需要玩家持有「」。**,,,0,0,0
1803,"RGB : UNKNOWN,UNKNOWN,UNKNOWN",,,0,0,0
1804,防護職業, ,"職能為保護同伴的戰鬥職業。
有著遠超其他職業的防禦力，
能學到很多吸引敵方注意力、提升自身防禦力的技能。

在初始職業中，劍術士和斧術士屬於這一職能。
而成長之後能夠選擇的特職中，又有騎士、戰士、暗黑騎士、絕槍戰士等等可供選擇。",0,230901,0
1805,治療職業, ,"職業為治療同伴的戰鬥職業。
攻擊能力不算出眾，
能學到很多治療同伴、保護同伴的技能。

在初始職業中，幻術士屬於這一職能。
而成長之後能夠選擇的特職中，又有白魔道士、學者、占星術師、賢者等等可供選擇。
其中的學者需要將進攻職業中的巴術士修練到特定階段後才能轉職。",0,230902,0
1806,進攻職業, ,"職能為攻擊敵人的戰鬥職業。
有著遠超其他職業的攻擊力。
能學到很多攻擊敵人、增加自身攻擊力的技能。

在初始職業中，格鬥士、槍術士、弓術士、咒術士、巴術士屬於這一職能。
而成長之後能夠選擇的特職中，又有武僧、龍騎士、忍者、武士、奪魂者、毒蛇劍士、
吟遊詩人、機工士、舞者、黑魔道士、召喚士、赤魔道士、繪靈法師、青魔道士等等可供選擇。

另外，在進攻職業中，又分為擅長近距離戰鬥的近戰職業，
擅長弓箭、火槍等武器的遠程物理職業、以及擅長魔法的遠程魔法職業等三種不同類型。",0,230903,0
1807,,,,0,0,0
1808,,,,0,0,0
1809,,,,0,0,0
1810,,,,0,0,0
1811,,,,0,0,0
1812,,,,0,0,0
1813,,,,0,0,0
1814,,,,0,0,0
1815,,,,0,0,0
1816,,,,0,0,0
1817,,,,0,0,0
1818,,,,0,0,0
1819,,,,0,0,0
1820,,,,0,0,0
1821,,,,0,0,0
1822,,,,0,0,0
1823,,,,0,0,0
1824,,,,0,0,0
1825,,,,0,0,0
1826,,,,0,0,0
1827,,,,0,0,0
1828,,,,0,0,0
1829,,,,0,0,0
1830,,,,0,0,0
1831,,,,0,0,0
1832,,,,0,0,0
1833,,,,0,0,0
1834,,,,0,0,0
1835,,,,0,0,0
1836,,,,0,0,0
1837,,,,0,0,0
1838,,,,0,0,0
1839,,,,0,0,0
1840,,,,0,0,0
1841,,,,0,0,0
1842,,,,0,0,0
1843,,,,0,0,0
1844,,,,0,0,0
1845,,,,0,0,0
1846,,,,0,0,0
1847,,,,0,0,0
1848,,,,0,0,0
1849,,,,0,0,0
1850,,,,0,0,0
1851,,,,0,0,0
1852,,,,0,0,0
1853,,,,0,0,0
1854,,,,0,0,0
1855,,,,0,0,0
1856,,,,0,0,0
1857,,,,0,0,0
1858,,,,0,0,0
1859,,,,0,0,0
1860,,,,0,0,0
1861,,,,0,0,0
1862,,,,0,0,0
1863,,,,0,0,0
1864,,,,0,0,0
1865,,,,0,0,0
1866,,,,0,0,0
1867,,,,0,0,0
1868,,,,0,0,0
1869,,,,0,0,0
1870,,,,0,0,0
1871,,,,0,0,0
1872,,,,0,0,0
1873,,,,0,0,0
1874,,,,0,0,0
1875,,,,0,0,0
1876,,,,0,0,0
1877,,,,0,0,0
1878,,,,0,0,0
1879,,,,0,0,0
1880,,,,0,0,0
1881,,,,0,0,0
1882,,,,0,0,0
1883,,,,0,0,0
1884,,,,0,0,0
1885,,,,0,0,0
1886,,,,0,0,0
1887,,,,0,0,0
1888,,,,0,0,0
1889,,,,0,0,0
1890,,,,0,0,0
1891,,,,0,0,0
1892,,,,0,0,0
1893,,,,0,0,0
1894,,,,0,0,0
1895,,,,0,0,0
1896,,,,0,0,0
1897,,,,0,0,0
1898,,,,0,0,0
1899,,,,0,0,0
1900,,,,0,0,0
1901,,,,0,33,0
1902,,,,0,22,0
1903,,,,0,55,0
1904,,,,0,420,0
1905,,,,0,340,0
1906,,,,0,500,0
1907,,,,0,450,0
1908,,,,0,11,0
1909,,,,0,32,0
1910,,,,0,0,0
1911,,,,0,20,0
1912,,,,0,12,0
1913,,,,0,50,0
1914,,,,0,300,0
1915,,,,0,240,0
1916,,,,0,360,0
1917,,,,0,450,0
1918,,,,0,0,0
1919,,,,0,0,0
1920,,,,0,0,0
1921,,,,0,20,0
1922,,,,0,15,0
1923,,,,0,40,0
1924,,,,0,300,0
1925,,,,0,240,0
1926,,,,0,360,0
1927,,,,0,450,0
1928,,,,0,0,0
1929,,,,0,77,0
1930,,,,0,60,0
1931,,,,0,10,0
1932,,,,0,5,0
1933,,,,0,40,0
1934,,,,0,200,0
1935,,,,0,160,0
1936,,,,0,240,0
1937,,,,0,250,0
1938,,,,0,85,0
1939,,,,0,60,0
1940,,,,0,0,0
1941,,,,0,0,0
1942,,,,0,0,0
1943,,,,0,33,0
1944,,,,0,450,0
1945,,,,0,0,0
1946,,,,0,0,0
1947,,,,0,0,0
1948,,,,0,0,0
1949,,,,0,0,0
1950,請選擇角色種族及性別。,,,0,0,0
1951,請選擇角色部族。,,,0,0,0
1952,請選擇角色性別。,,,0,0,0
1953,請設定角色特徵。,,,0,0,0
1954,"請設定角色命名日期。

**角色的生日對遊戲進程沒有任何影響。**",,,0,0,0
1955,"請選擇角色守護神。

**角色的守護神對遊戲進程沒有任何影響。**",,,0,0,0
1956,請選擇開始遊戲時的職業。,,,0,0,0
1957,請選擇角色所在伺服器。,,,0,0,0
1958,請設定角色姓名。,,,0,0,0
1959,請修改角色姓名。,,,0,0,0
1960,將目前的預覽服裝設為僱員的正式服裝。遊戲中僱員將會穿著這套服裝出現。,,,0,0,0
1961,將角色的預覽服裝更換為初期裝備。此套服裝在遊戲開始時會作為默認裝備。,,,0,0,0
1962,將角色的預覽服裝更換為所選初始職業成長後對應的職業專有裝備。為角色選擇戰鬥職業之後即可查看。,,,0,0,0
1963,將角色的預覽服裝更換為內衣。此套服裝在遊戲中將裝備卸下後即可看到。,,,0,0,0
1964,將角色的姿勢設定為站姿。可以方便地查看各個細節。,,,0,0,0
1965,預覽角色各種情感動作的表現。可以方便地確認角色的動作習慣。,,,0,0,0
1966,,,,0,0,0
1967,將背景畫面與環境切換到「乙太空間」。,,,0,0,0
1968,將背景畫面與環境切換到「森林場景」。,,,0,0,0
1969,將背景畫面與環境切換到「室內」。,,,0,0,0
1970,放棄未完成的角色，退出角色創建。,,,0,0,0
1971,將背景畫面與環境切換到「海岸場景」。,,,0,0,0
1972,將背景畫面與環境切換到「荒野場景」。,,,0,0,0
1973,艾奧傑亞曆,,"星與靈雙極性交互輪迴之月，依6屬性順次排列，從而成為一「年」。
（※所選月日對應的新曆日期會顯示在畫面下部）",0,0,0
1974,UNKNOWN級,,,0,0,0
1975,,,,0,0,0
1976,調整系統設定。,,,0,0,0
1977,調整背景的打光方式及時間。,,,0,0,0
1978,調整外景環境背景的天氣。,,,0,0,0
1979,調整視角操作。,,,0,0,0
1980,Limsa Lominsa,,"海洋城邦利姆薩·羅敏薩位於羅塔諾內海上的威爾布蘭德島的南岸，統轄著威爾布蘭德島的南部地區。
利姆薩·羅敏薩的人民用鐵橋將散佈在海灣內的無數小島和岩礁連接到了一起，並以白堊為材料搭建了街道及各種建築。
城邦的領袖叫做「提督」，是由城邦居民所選舉出來。提督負責管理城邦的各項事務，並且掌管著強大的海軍。
雖然這裡的海軍幾乎將艾奧傑亞近海的制海權完全掌握到手中，不過時而也會有海盜事件發生。",0,0,0
1981,格里達尼亞,,"格里達尼亞田園城邦位於阿爾迪納德次大陸的東部，統轄著周圍茂盛的森林和眾多的河流。
格里達尼亞的人民在城內無數的運河上搭建了水車，並以樹木為材料搭建了街道及各種建築。
城邦中有著以鬼哭隊為首的多個獵人公會，他們經常在森林中巡邏，以守護城邦的安全。",0,0,0
1982,Ul'dah,,"貿易城邦烏爾達哈位於阿爾迪納德次大陸的南部，統轄著周圍荒涼的沙漠與戈壁。
烏爾達哈的城鎮四周建有高大的城牆，內部建有鬥技場及遊技場等設施。以穹頂城堡為中心形成了圓周型的城鎮。
雖然官方聲稱城邦元首在歷史上歷來都是烏爾達哈王朝的女王，然而實際上則是由被稱為沙蠍眾的6名領導人實行寡頭制來管理事務。",0,0,0
1983,,,,0,0,0
1984,"角色名字只能使用中文和英文字母。
長度在1～6個字元之間。",,,0,0,0
1985,"角色名字只能使用中文和英文字母。
長度在1～6個字元之間。",,,0,0,0
1986,,,,0,0,0
1987,,,,0,0,0
1988,,,,0,0,0
1989,,,,0,0,0
1990,將角色的預覽服裝更換目前遊戲內裝備。隨裝備情況不同可能會將臉部及頭髮遮蓋住。,,,0,0,0
1991,將背景畫面與環境切換到「乙太空間」。,,,0,0,0
1992,將背景畫面與環境切換到「森林場景」。,,,0,0,0
1993,將背景畫面與環境切換到「室內」。,,,0,0,0
1994,放棄未編輯完的角色，退出角色編輯。,,,0,0,0
1995,將背景畫面與環境切換到「海岸場景」。,,,0,0,0
1996,將背景畫面與環境切換到「荒野場景」。,,,0,0,0
1997,,,,0,0,0
1998,,,,0,0,0
1999,,,,0,0,0
2000,© SQUARE ENIX,,,0,0,0
2001,開始遊戲,,,0,0,0
2002,退出遊戲,,,0,0,0
2003,系統設定,,,0,0,0
2004,開場動畫,,,0,0,0
2005,啟動器,,,0,0,0
2006,DC,,,0,0,0
2007,開場動畫,,,0,0,0
2008,新生艾奧傑亞,,,0,0,0
2009,返回,,,0,0,0
2010,選擇角色,,,0,0,0
2011,動畫欣賞 & 標題畫面,,,0,0,0
2012,蒼天伊修加爾德,,,0,0,0
2013,紅蓮解放者,,,0,0,0
2014,漆黑反叛者,,,0,0,0
2015,種族,,,0,0,0
2016,部族,,,0,0,0
2017,命名日,,,0,0,0
2018,守護神,,,0,0,0
2019,職業,,,0,0,0
2020,所在地,,,0,0,0
2021,造訪伺服器,,,0,0,0
2022,曉月之終途,,,0,0,0
2023,黃金遺產,,,0,0,0
2024,,,,0,0,0
2025,選擇伺服器,,,0,0,0
2026,連接狀態,,,0,0,0
2027,創建新角色,,,0,0,0
2028,已儲存的角色形象,,,0,0,0
2029,,,,0,0,0
2030,選擇伺服器組,,,0,0,0
2031,日本,,,0,0,0
2032,歐美,,,0,0,0
2033,伺服器列表,,,0,0,0
2034,,,,0,0,0
2035,名字,,,0,0,0
2036,姓氏,,,0,0,0
2037,變更,,,0,0,0
2038,姓名,,,0,0,0
2039,請更改角色姓名。,,,0,0,0
2040,僱員姓名,,,0,0,0
2041,請更改僱員姓名。,,,0,0,0
2042,,,,0,0,0
2043,"隨機生成男性風格的名字。
生成之後的名字可以直接進行編輯。",,,0,0,0
2044,要使用已儲存的角色形象嗎？,,,0,0,0
2045,"自動選擇了UNKNOWN伺服器，
確定進入下一步嗎？",,,0,0,0
2046,選擇其它伺服器,,,0,0,0
2047,返回,,,0,0,0
2048,,,,0,0,0
2049,,,,0,0,0
2050,確定,,,0,0,0
2051,取消,,,0,0,0
2052,返回,,,0,0,0
2053,更新,,,0,0,0
2054,,,,0,0,0
2055,創建角色,,,0,0,0
2056,美容師,,,0,0,0
2057,許可證,,,0,0,0
2058,遊戲設定,,,0,0,0
2059,安裝資訊,,,0,0,0
2060,動作,,,0,0,0
2061,普通,,,0,0,0
2062,獨有,,,0,0,0
2063,隨機,,,0,0,0
2064,服裝,,,0,0,0
2065,種族,,,0,0,0
2066,特職,,,0,0,0
2067,內衣,,,0,0,0
2068,僱員,,,0,0,0
2069,裝備,,,0,0,0
2070,環境,,,0,0,0
2071,早上,,,0,0,0
2072,中午,,,0,0,0
2073,傍晚,,,0,0,0
2074,深夜,,,0,0,0
2075,晝間,,,0,0,0
2076,夜間,,,0,0,0
2077,不顯示頭部裝備,,,0,0,0
2078,在角色預覽中摘除頭部裝備及眼鏡裝備，以便更好地查看角色的臉部及髮型。,,,0,0,0
2079,,,,0,0,0
2080,1,,,0,0,0
2081,1,,,0,0,0
2082,2,,,0,0,0
2083,2,,,0,0,0
2084,3,,,0,0,0
2085,3,,,0,0,0
2086,4,,,0,0,0
2087,4,,,0,0,0
2088,5,,,0,0,0
2089,5,,,0,0,0
2090,6,,,0,0,0
2091,6,,,0,0,0
2092,,,,0,0,0
2093,,,,0,0,0
2094,,,,0,0,0
2095,燈光1,,,0,0,0
2096,燈光2,,,0,0,0
2097,,,,0,0,0
2098,,,,0,0,0
2099,,,,0,0,0
2100,姓名,,,0,0,0
2101,名字,,,0,0,0
2102,姓氏,,,0,0,0
2103,,,,0,0,0
2104,確定,,,0,0,0
2105,"設定角色的名字需要注意以下幾點：
·長度控制在1～6個字元之間
·名字中只能使用中文和英文字母",,,0,0,0
2106,"隨機生成男性風格的名字。
生成之後的名字可以直接進行編輯。",,,0,0,0
2107,,,,0,0,0
2108,,,,0,0,0
2109,,,,0,0,0
2110,男,,,0,0,0
2111,女,,,0,0,0
2112,,,,0,0,0
2113,,,,0,0,0
2114,網路連接情況,,,0,0,0
2115,良好,,,0,0,0
2116,一般,,,0,0,0
2117,----,,,0,0,0
2118,沒有回應,,,0,0,0
2119,,,,0,0,0
2120,原有,,,0,0,0
2121,新建,,,0,0,0
2122,濃艷,,,0,0,0
2123,清淡,,,0,0,0
2124,雙眼顏色,,,0,0,0
2125,異色瞳,,,0,0,0
2126,隨機生成,,,0,0,0
2127,無,,,0,0,0
2128,髮色,,,0,0,0
2129,挑染,,,0,0,0
2130,連接狀態,,,0,0,0
2131,日本,,,0,0,0
2132,歐美,,,0,0,0
2133,返回目前容貌,,,0,0,0
2134,紋染,,,0,0,0
2135,反轉,,,0,0,0
2136,,,,0,0,0
2137,,,,0,0,0
2138,,,,0,0,0
2139,,,,0,0,0
2140,導入角色數據,,,0,0,0
2141,"在「FINAL FANTASY XIV」資料夾下檢測到了角色資料。
請選擇要讀取的資料。",,,0,0,0
2142,數據,,,0,0,0
2143,儲存編號,,,0,0,0
2144,部族/性別,,,0,0,0
2145,,,,0,0,0
2146,沒有找到已儲存的角色資料。,,,0,0,0
2147,所選數據為2013/8/27 8:00儲存在資料欄UNKNOWN的男。讀取該資料需要安裝«»。,,,0,0,0
2148,,,,0,0,0
2149,,,,0,0,0
2150,匯出角色數據,,,0,0,0
2151,請選擇儲存資料的位置,,,0,0,0
2152,數據,,,0,0,0
2153,儲存編號,,,0,0,0
2154,部族/性別,,,0,0,0
2155,,,,0,0,0
2156,,,,0,0,0
2157,,,,0,0,0
2158,,,,0,0,0
2159,,,,0,0,0
2160,將男的形象存到臨時數據欄UNKNOWN中。,,,0,0,0
2161,備註,,,0,0,0
2162,儲存,,,0,0,0
2163,取消,,,0,0,0
2164,讀取在2013/8/27 8:00儲存的UNKNOWN號男角色形象。,,,0,0,0
2165,確定,,,0,0,0
2166,取消,,,0,0,0
2167,讀取1.0版本UNKNOWN伺服器中UNKNOWN的角色形象：男性。,,,0,0,0
2168,讀取1.0版本臨時存檔UNKNOWN中的角色形象：男性。,,,0,0,0
2169,確定要覆蓋掉2013/8/27 8:00儲存在資料欄UNKNOWN的男嗎？,,,0,0,0
2170,（1.0版）,,,0,0,0
2171,（β版）,,,0,0,0
2172,（基準測試）,,,0,0,0
2173,2013/8/27儲存,,,0,0,0
2174,臨時數據欄UNKNOWN,,,0,0,0
2175,男,,,0,0,0
2176,"要儲存目前的形象嗎？
今後創建新角色時，可以讀取已儲存的角色形象，快速完成角色的創建。",,,0,0,0
2177,是,,,0,0,0
2178,否,,,0,0,0
2179,無法讀取已有的形象資料，檔案格式錯誤或檔已損壞。,,,0,0,0
2180,確定,,,0,0,0
2181,"要讀取已儲存的形象嗎？
目前編輯中的形象將會消失。",,,0,0,0
2182,是,,,0,0,0
2183,否,,,0,0,0
2184,儲存完畢。,,,0,0,0
2185,儲存失敗。,,,0,0,0
2186,確定,,,0,0,0
2187,儲存創建完畢的形象嗎？儲存後的形象可以在創建角色功能表中查看，同時在«FINAL FANTASY XIV»正式版遊戲中也可以繼承已儲存的形象。,,,0,0,0
2188,不相容資料,,,0,0,0
2189,"要覆蓋資料嗎？
2013/8/27 8:00儲存在資料欄UNKNOWN的形象與目前版本不相容。",,,0,0,0
2190,動畫欣賞,,,0,0,0
2191,新生艾奧傑亞,,,0,0,0
2192,蒼天伊修加爾德,,,0,0,0
2193,紅蓮解放者,,,0,0,0
2194,,,,0,0,0
2195,,,,0,0,0
2196,,,,0,0,0
2197,,,,0,0,0
2198,,,,0,0,0
2199,,,,0,0,0
2200,,,,0,0,0
