#,Unknown0,Unknown1,Unknown2,Unknown3,Unknown4,Unknown5,Unknown6
0.0,0,0,0,0,0,0,0
1.0,1052585,73279,0,1007,3,6,1
1.1,1052585,73279,0,1008,3,6,1
1.2,1052585,73279,0,1009,3,6,1
1.10,1052585,73279,0,1006,3,6,1
1.20,1052585,73279,0,1010,3,6,1
1.21,1052585,73279,0,1082,3,6,1
1.30,1052585,73279,0,1011,3,6,1
1.40,1052585,73279,0,1012,3,6,1
1.50,1052585,73279,0,1013,3,6,1
1.60,1052585,73279,0,1014,3,6,1
1.70,1052585,73279,0,1015,3,6,1
1.100,1052585,73279,0,1114,3,6,1
1.101,1052585,73279,0,1115,3,6,1
1.102,1052585,73279,0,1116,3,6,1
2.0,0,0,0,0,0,0,0
3.0,0,0,0,0,0,0,0
4.0,1052585,73279,0,1039,3,6,1
4.1,1052585,73279,0,1040,3,6,1
4.2,1052585,73279,0,1041,3,6,1
4.10,1052585,73279,0,1042,3,6,1
4.20,1052585,73279,0,1043,3,6,1
4.21,1052585,73279,0,1083,3,6,1
4.30,1052585,73279,0,1044,3,6,1
4.40,1052585,73279,0,1045,3,6,1
4.50,1052585,73279,0,1046,3,6,1
4.60,1052585,73279,0,1047,3,6,1
4.70,1052585,73279,0,1048,3,6,1
4.100,1052585,73279,0,1117,3,6,1
4.101,1052585,73279,0,1118,3,6,1
4.102,1052585,73279,0,1119,3,6,1
5.0,0,0,0,0,0,0,0
6.0,0,0,0,1007,3,4,1
7.0,0,0,0,0,0,0,0
8.0,0,0,0,0,0,0,0
9.0,0,0,0,0,0,0,0
10.0,0,0,0,0,0,0,0
11.0,0,0,0,1024,3,6,1
12.0,0,0,0,1025,3,6,1
13.0,0,0,0,101,3,6,1
14.0,0,0,0,102,3,6,1
15.0,0,0,0,103,3,6,1
16.0,0,0,0,1029,3,6,1
17.0,0,0,0,1030,3,6,1
18.0,1052594,0,0,1056,3,6,1
18.1,1052594,0,0,1057,3,6,1
18.2,1052594,0,0,1058,3,6,1
18.3,1052594,0,0,1059,3,6,1
18.4,1052594,0,0,1060,3,6,1
18.5,1052594,0,0,1061,3,6,1
18.6,1052594,0,0,1062,3,6,1
18.7,1052594,0,0,1063,3,6,1
18.8,1052594,0,0,1064,3,6,1
18.9,1052594,0,0,1065,3,6,1
18.10,1052594,0,0,1066,3,6,1
18.11,1052594,0,0,1067,3,6,1
18.12,1052594,0,0,1068,3,6,1
18.13,1052594,0,0,1069,3,6,1
18.14,1052594,0,0,1070,3,6,1
18.15,1052594,0,0,1071,3,6,1
18.16,1052594,0,0,1072,3,6,1
18.17,1052594,0,0,1073,3,6,1
18.18,1052594,0,0,1074,3,6,1
19.0,0,0,0,1024,3,6,1
20.0,0,0,0,1077,3,6,1
21.0,0,0,0,101,3,6,1
22.0,0,0,0,102,3,6,1
23.0,0,0,0,103,3,6,1
24.0,0,0,0,1075,3,6,1
25.0,0,0,0,1078,3,6,1
26.0,0,0,0,101,3,6,1
27.0,0,0,0,102,3,6,1
28.0,0,0,0,103,3,6,1
29.0,0,0,0,1075,3,6,1
30.0,0,0,0,1079,3,6,1
31.0,0,0,0,101,3,6,1
32.0,0,0,0,102,3,6,1
33.0,0,0,0,103,3,6,1
34.0,0,0,0,1076,3,6,1
35.0,0,0,0,1080,3,6,1
36.0,0,0,0,101,3,6,1
37.0,0,0,0,102,3,6,1
38.0,0,0,0,103,3,6,1
39.0,0,0,0,1076,3,6,1
40.0,0,0,0,1081,3,6,1
41.0,0,0,0,101,3,6,1
42.0,0,0,0,102,3,6,1
43.0,0,0,0,103,3,6,1
44.0,0,0,0,1084,3,6,1
45.0,0,0,0,1085,3,6,1
46.0,0,0,0,1086,3,6,1
47.0,0,0,0,1087,3,6,1
48.0,0,0,0,1088,3,6,1
49.0,0,0,0,1089,3,6,1
50.0,0,0,0,1090,3,6,1
51.0,0,0,0,1091,3,6,1
52.0,0,0,0,1092,3,6,1
53.0,0,0,0,1093,3,6,1
54.0,0,0,0,1094,3,6,1
55.0,0,0,0,1095,3,6,1
56.0,0,0,0,1096,3,6,1
57.0,0,0,0,1097,3,6,1
58.0,0,0,0,1098,3,6,1
59.0,0,0,0,1099,3,6,1
60.0,0,0,0,1100,3,6,1
61.0,0,0,0,1101,3,6,1
62.0,0,0,0,1102,3,6,1
63.0,0,0,0,0,0,0,0
63.1,0,0,0,0,0,0,0
63.2,0,0,0,0,0,0,0
63.10,0,0,0,0,0,0,0
63.20,0,0,0,0,0,0,0
63.21,0,0,0,0,0,0,0
63.30,0,0,0,0,0,0,0
63.40,0,0,0,0,0,0,0
63.50,0,0,0,0,0,0,0
63.60,0,0,0,0,0,0,0
63.70,0,0,0,0,0,0,0
63.80,0,0,0,0,0,0,0
63.81,0,0,0,0,0,0,0
63.90,0,0,0,0,0,0,0
63.100,0,0,0,0,0,0,0
63.101,0,0,0,0,0,0,0
63.102,0,0,0,0,0,0,0
64.0,0,0,0,0,0,0,0
64.1,0,0,0,0,0,0,0
64.2,0,0,0,0,0,0,0
64.10,0,0,0,0,0,0,0
64.20,0,0,0,0,0,0,0
64.21,0,0,0,0,0,0,0
64.30,0,0,0,0,0,0,0
64.40,0,0,0,0,0,0,0
64.50,0,0,0,0,0,0,0
64.60,0,0,0,0,0,0,0
64.70,0,0,0,0,0,0,0
64.100,0,0,0,0,0,0,0
64.101,0,0,0,0,0,0,0
64.102,0,0,0,0,0,0,0
65.0,0,0,0,1108,3,6,1
66.0,0,0,0,1109,3,6,1
67.0,0,0,0,1110,3,6,1
68.0,0,0,0,1111,3,6,1
69.0,0,0,0,1112,3,6,1
70.0,0,0,0,1113,3,6,1
71.0,0,0,0,0,0,0,0
72.0,0,0,0,0,0,0,0
73.0,0,0,0,0,0,0,0
74.0,0,0,0,0,0,0,0
75.0,0,0,0,0,0,0,0
76.0,0,0,0,0,0,0,0
77.0,0,0,0,0,0,0,0
78.0,0,0,0,0,0,0,0
79.0,0,0,0,0,0,0,0
80.0,0,0,0,0,0,0,0
81.0,0,0,0,0,0,0,0
82.0,0,0,0,0,0,0,0
83.0,0,0,0,0,0,0,0
84.0,0,0,0,0,0,0,0
85.0,0,0,0,0,0,0,0
86.0,0,0,0,0,0,0,0
87.0,0,0,0,0,0,0,0
88.0,0,0,0,0,0,0,0
89.0,0,0,0,0,0,0,0
90.0,0,0,0,0,0,0,0
91.0,0,0,0,0,0,0,0
92.0,0,0,0,0,0,0,0
93.0,0,0,0,0,0,0,0
94.0,0,0,0,0,0,0,0
95.0,0,0,0,0,0,0,0
96.0,0,0,0,0,0,0,0
97.0,0,0,0,0,0,0,0
98.0,0,0,0,0,0,0,0
99.0,0,0,0,0,0,0,0
100.0,0,0,0,0,0,0,0
101.0,0,0,0,0,0,0,0
102.0,0,0,0,0,0,0,0
103.0,0,0,0,0,0,0,0
104.0,0,0,0,0,0,0,0
105.0,0,0,0,0,0,0,0
106.0,0,0,0,0,0,0,0
107.0,0,0,0,0,0,0,0
108.0,0,0,0,0,0,0,0
109.0,0,0,0,0,0,0,0
110.0,0,0,0,0,0,0,0
111.0,0,0,0,0,0,0,0
112.0,0,0,0,0,0,0,0
113.0,0,0,0,0,0,0,0
114.0,0,0,0,0,0,0,0
115.0,0,0,0,0,0,0,0
116.0,0,0,0,0,0,0,0
117.0,0,0,0,0,0,0,0
118.0,0,0,0,0,0,0,0
119.0,0,0,0,0,0,0,0
120.0,0,0,0,0,0,0,0
121.0,0,0,0,0,0,0,0
122.0,0,0,0,0,0,0,0
123.0,0,0,0,0,0,0,0
124.0,0,0,0,0,0,0,0
125.0,0,0,0,0,0,0,0
126.0,0,0,0,0,0,0,0
126.1,0,0,0,0,0,0,0
126.2,0,0,0,0,0,0,0
126.3,0,0,0,0,0,0,0
126.4,0,0,0,0,0,0,0
126.5,0,0,0,0,0,0,0
126.6,0,0,0,0,0,0,0
126.7,0,0,0,0,0,0,0
126.8,0,0,0,0,0,0,0
126.9,0,0,0,0,0,0,0
126.10,0,0,0,0,0,0,0
126.11,0,0,0,0,0,0,0
126.12,0,0,0,0,0,0,0
126.13,0,0,0,0,0,0,0
126.14,0,0,0,0,0,0,0
126.15,0,0,0,0,0,0,0
126.16,0,0,0,0,0,0,0
126.17,0,0,0,0,0,0,0
126.18,0,0,0,0,0,0,0
126.19,0,0,0,0,0,0,0
