#,Singular,Plural,Adjective,PossessivePronoun,StartsWithVowel,Unknown0,Pronoun,Article,Unknown1,Unknown2,Unknown3,ModelChara,EquipHead,EquipBody,EquipLeg,EquipFoot,MoveControl,RideBGM,Icon,UIPriority,MountAction,Unknown_70_1,Unknown_70_2,Unknown16,Unknown17,Order,FlyingCondition,Unknown5,Unknown6,Unknown7,IsFlying,Unknown8,MountCustomize,ExitMoveDist,ExitMoveSpeed,RadiusRate,BaseMotionSpeed_Run,BaseMotionSpeed_Walk,Unknown9,ExtraSeats,Unknown10,Unknown11,Unknown12,IsEmote,Unknown20,IsAirborne,ExHotbarEnableConfig,UseEP,Unknown13,IsImmobile,Unknown14,HideHeadgear,Unknown18,Unknown19
0,,,0,0,0,1,0,0,,,,0,0,0,0,0,0,0,0,0,0,0,0,0,0,-1,0,45,15,15,0,0,0,10,10,100,0,0,100,0,0,0,False,True,False,False,False,False,False,False,False,False,False,False
1,專屬陸行鳥,,0,0,0,1,0,0,SE_Bt_Etc_ChocoboWhistle,SE_Bt_Etc_ChocoboWhistle_only,SE_Bt_Etc_ChocoboBye,1,65536,65536,65537,0,2,62,4001,100,0,10,21,41,40,0,2,45,15,15,1,0,1,20,20,100,0,0,55,0,0,0,False,True,False,False,False,False,False,False,False,False,False,False
2,,,0,0,0,1,0,0,,,SE_Bt_Etc_ChocoboBye,1,65537,65537,65537,65537,3,61,0,0,0,10,21,41,40,-1,0,45,15,15,0,0,1,20,20,100,0,0,55,0,0,0,False,True,False,False,False,False,False,False,False,False,False,False
3,,,0,0,0,1,0,0,,,SE_Bt_Etc_ChocoboBye,1,65552,65552,65537,0,3,61,0,0,0,10,21,41,40,-1,0,45,15,15,0,0,1,2,9,100,0,0,55,0,0,0,False,True,False,False,False,False,False,False,False,False,False,False
4,古卜,,0,0,0,1,0,0,SE_Bt_Etc_GuuBooWhistle,SE_Bt_Etc_GuuBooWhistle_only,SE_Bt_Etc_GuuBooBye,200,0,0,0,0,4,121,4003,1000,1,8,19,39,40,1,1,45,15,15,1,2,0,15,9,100,0,0,60,0,0,0,False,True,False,False,True,False,False,False,False,False,False,False
5,遺產陸行鳥,,0,0,0,1,0,0,SE_Bt_Etc_ChocoboWhistle,SE_Bt_Etc_ChocoboWhistle_only,SE_Bt_Etc_ChocoboBye,1,65545,65545,65545,65545,2,62,4002,101,0,10,21,41,40,2,1,45,15,15,1,0,1,20,20,100,0,0,55,0,0,0,False,True,False,False,False,False,False,False,False,False,False,False
6,魔導裝甲,,0,0,0,1,0,0,SE_Bt_Etc_MadoWhistle,SE_Bt_Etc_MadoWhistle_only,SE_Bt_Etc_MadoBye,2,0,131073,0,0,2,262,4006,10000,2,30,23,41,40,3,1,45,0,15,1,2,0,0,10,77,0,0,70,0,0,0,False,True,False,False,True,False,False,False,False,False,False,False
7,,,0,0,0,1,0,0,,,,311,0,0,0,0,5,121,0,0,0,9,19,39,40,-1,0,45,15,15,0,0,2,0,0,100,0,0,100,0,0,0,False,True,False,False,False,False,False,False,False,False,False,False
8,夸爾,,0,0,0,1,0,0,SE_Bt_Etc_CuahrWhistle,SE_Bt_Etc_ChocoboWhistle_only,SE_Bt_Etc_CuahrBye,2047,0,0,0,0,2,121,4005,3200,0,10,21,41,42,4,1,45,70,70,1,2,3,20,10,60,0,0,60,0,0,0,False,True,False,False,False,False,False,False,False,False,False,False
9,惡精靈,,0,0,0,1,0,0,SE_Bt_Etc_AhrimanWhistle,SE_Bt_Etc_ChocoboWhistle_only,SE_Bt_Etc_AhrimanBye,167,0,0,0,0,2,121,4004,5000,0,19,23,41,44,5,1,45,15,70,1,2,4,20,10,100,0,0,50,0,0,0,False,True,False,True,False,False,False,False,False,False,False,False
10,,,0,0,0,1,0,0,,,SE_Bt_Etc_ChocoboBye,1,65536,65536,65537,0,3,121,0,0,0,10,21,41,40,-1,0,45,15,15,0,0,1,20,20,100,0,0,55,0,0,0,False,True,False,False,False,False,False,False,False,False,False,False
11,,,0,0,0,1,0,0,,,SE_Bt_Etc_ChocoboBye,1,65538,65541,65537,65538,3,121,0,0,0,10,21,41,40,-1,0,45,15,15,0,0,1,20,20,100,0,0,55,0,0,0,False,True,False,False,False,False,False,False,False,False,False,False
12,,,0,0,0,1,0,0,,,SE_Bt_Etc_ChocoboBye,1,65538,131077,65537,65538,3,121,0,0,0,10,21,41,40,-1,0,45,15,15,0,0,1,20,20,100,0,0,55,0,0,0,False,True,False,False,False,False,False,False,False,False,False,False
13,,,0,0,0,1,0,0,,,SE_Bt_Etc_ChocoboBye,1,65538,196613,65537,65538,3,121,0,0,0,10,21,41,40,-1,0,45,15,15,0,0,1,20,20,100,0,0,55,0,0,0,False,True,False,False,False,False,False,False,False,False,False,False
14,,,0,0,0,1,0,0,SE_Bt_Etc_MadoWhistle,SE_Bt_Etc_MadoWhistle_only,SE_Bt_Etc_MadoBye,2,0,65537,0,0,2,121,0,0,0,30,23,41,40,-1,0,45,0,15,0,0,0,0,10,77,0,0,70,0,0,0,False,True,False,False,False,False,False,False,False,False,False,False
15,獨角獸,,0,0,0,1,0,0,SE_Bt_Etc_UnicornWhistle,SE_Bt_Etc_ChocoboWhistle_only,SE_Bt_Etc_UnicornBye,2553,0,0,0,0,2,121,4007,3000,0,9,19,41,42,6,1,45,70,70,1,2,5,20,10,65,0,0,70,0,0,0,False,True,False,False,False,False,False,False,False,False,False,False
16,,,0,0,0,1,0,0,SE_Bt_Etc_MadoWhistle,SE_Bt_Etc_MadoWhistle_only,SE_Bt_Etc_MadoBye,2,0,196609,0,0,2,121,0,0,0,30,23,41,40,-1,0,45,0,15,0,0,0,0,10,77,0,0,70,0,0,0,False,True,False,False,False,False,False,False,False,False,False,False
17,,,0,0,0,1,0,0,SE_Bt_Etc_MadoWhistle,SE_Bt_Etc_MadoWhistle_only,SE_Bt_Etc_MadoBye,2,0,131073,0,0,2,121,0,0,3,30,23,41,40,-1,0,45,0,15,0,0,0,0,10,77,0,0,70,0,0,0,False,True,False,False,False,False,False,False,False,False,False,False
18,凶惡巨獸,,0,0,0,1,0,0,SE_Bt_Etc_BehemothWhistle,SE_Bt_Etc_GuuBooWhistle_only,SE_Bt_Etc_BehemothBye,588,0,0,0,0,2,121,4008,3210,0,31,19,37,37,7,1,45,85,85,1,2,6,20,10,55,0,0,70,0,0,0,False,True,False,False,False,False,False,False,False,False,False,False
19,兵隊火蛟,,0,0,0,1,0,0,SE_Bt_Etc_TokageWhistle,SE_Bt_Etc_GuuBooWhistle_only,SE_Bt_Etc_TokageBye,592,0,0,0,0,2,121,4009,3220,4,32,21,43,42,8,1,45,85,85,1,2,7,20,10,100,0,0,70,0,0,0,False,True,False,False,True,False,False,False,False,False,False,False
20,月桂冠古卜,,0,0,0,1,0,0,SE_Bt_Etc_GuuBooWhistle,SE_Bt_Etc_GuuBooWhistle_only,SE_Bt_Etc_GuuBooBye,593,0,0,0,0,4,121,4010,1001,5,8,19,39,40,9,1,45,15,15,1,2,0,15,9,100,0,0,60,0,0,0,False,True,False,False,True,False,False,False,False,False,False,False
21,魔導裝甲丙型,,0,0,0,1,0,0,SE_Bt_Etc_MadoWhistle,SE_Bt_Etc_MadoWhistle_only,SE_Bt_Etc_MadoBye,2,0,262145,0,0,2,262,4011,10001,2,30,23,41,40,10,1,45,0,15,1,2,0,0,10,77,0,0,70,0,0,0,False,True,False,False,True,False,False,False,False,False,False,False
22,夢魘,,0,0,0,1,0,0,SE_Bt_Etc_UnicornWhistle,SE_Bt_Etc_ChocoboWhistle_only,SE_Bt_Etc_UnicornBye,594,0,0,0,0,2,121,4012,30000,0,9,19,41,42,11,1,45,70,70,1,2,5,20,10,65,0,0,70,0,0,0,False,True,False,False,False,False,False,False,False,False,False,False
23,,,0,0,0,1,0,0,SE_Bt_Etc_TokageWhistle,SE_Bt_Etc_GuuBooWhistle_only,SE_Bt_Etc_TokageBye,592,0,0,0,0,2,121,0,0,6,32,21,43,42,-1,0,45,15,15,0,0,7,20,10,100,0,0,100,0,0,0,False,True,False,False,False,False,False,False,False,False,False,False
24,,,0,0,0,1,0,0,SE_Bt_Etc_GuuBooWhistle,SE_Bt_Etc_GuuBooWhistle_only,SE_Bt_Etc_GuuBooBye,593,0,0,0,0,4,121,0,0,7,8,19,39,40,-1,0,45,15,15,1,2,0,15,9,100,0,0,100,0,0,0,False,True,False,False,False,False,False,False,False,False,False,False
25,胖陸行鳥,,0,0,0,1,0,0,SE_Bt_Etc_DebuCyokoboWhistle,SE_Bt_Etc_ChocoboWhistle_only,SE_Bt_Etc_DebuCyokoboBye,643,0,0,0,0,2,193,4013,300,0,8,23,37,37,12,1,45,0,15,1,0,0,20,10,100,0,0,70,0,0,0,True,False,False,False,False,False,False,False,False,False,False,False
26,兵隊水龍蜥,,0,0,0,1,0,0,SE_Bt_Etc_WaterRizardWhistle,SE_Bt_Etc_GuuBooWhistle_only,SE_Bt_Etc_WaterRizardBye,689,0,0,0,0,2,121,4014,3230,0,32,21,43,42,13,1,45,85,85,1,2,7,20,10,100,0,0,70,0,0,0,False,True,False,False,False,False,False,False,False,False,False,False
27,炸彈吊椅,,0,0,0,1,0,0,SE_Bt_Etc_BomKikyuuWhistle,SE_Bt_Etc_GuuBooWhistle_only,SE_Bt_Etc_BomKikyuuBye,644,0,0,0,0,2,121,4015,7000,0,17,19,41,40,14,1,45,15,15,1,2,0,20,10,100,0,0,70,0,0,0,False,True,False,True,False,False,False,False,False,False,False,False
28,火妖馬艾馱恩,,0,0,0,1,0,0,SE_Bt_Etc_UnicornWhistle,SE_Bt_Etc_GuuBooWhistle_only,SE_Bt_Etc_UnicornBye,713,0,0,0,0,2,269,4016,30001,0,9,19,41,42,15,1,45,70,70,1,2,5,20,10,65,0,0,70,0,0,0,False,True,False,False,False,False,False,False,False,False,False,False
29,風妖馬刻桑圖司,,0,0,0,1,0,0,SE_Bt_Etc_UnicornWhistle,SE_Bt_Etc_GuuBooWhistle_only,SE_Bt_Etc_UnicornBye,714,0,0,0,0,2,268,4017,30002,0,9,19,41,42,16,1,45,70,70,1,2,5,20,10,65,0,0,70,0,0,0,False,True,False,False,False,False,False,False,False,False,False,False
30,土妖馬古爾法克西,,0,0,0,1,0,0,SE_Bt_Etc_UnicornWhistle,SE_Bt_Etc_GuuBooWhistle_only,SE_Bt_Etc_UnicornBye,715,0,0,0,0,2,267,4018,30003,0,9,19,41,42,17,1,45,70,70,1,2,5,20,10,65,0,0,70,0,0,0,False,True,False,False,False,False,False,False,False,False,False,False
31,水妖馬艾恩巴爾,,0,0,0,1,0,0,SE_Bt_Etc_UnicornWhistle,SE_Bt_Etc_GuuBooWhistle_only,SE_Bt_Etc_UnicornBye,716,0,0,0,0,2,266,4019,30004,0,9,19,41,42,18,1,45,70,70,1,2,5,20,10,65,0,0,70,0,0,0,False,True,False,False,False,False,False,False,False,False,False,False
32,戰獅,,0,0,0,1,0,0,SE_Bt_Etc_LionWhistle,SE_Bt_Etc_GuuBooWhistle_only,SE_Bt_Etc_LionBye,721,0,0,0,0,2,121,4020,3240,0,9,21,43,40,19,1,45,70,50,1,2,8,20,10,150,13,4,70,0,0,0,False,True,False,False,False,False,False,False,False,False,False,False
33,戰熊,,0,0,0,1,0,0,SE_Bt_Etc_KumaWhistle,SE_Bt_Etc_GuuBooWhistle_only,SE_Bt_Etc_KumaBye,719,0,0,0,0,2,121,4021,3250,0,9,19,41,38,20,1,45,15,70,1,2,9,20,10,65,12,3,70,0,0,0,False,True,False,False,False,False,False,False,False,False,False,False
34,大陸行鳥,,0,0,0,1,0,0,SE_Bt_Etc_ChocoboWhistle,SE_Bt_Etc_ChocoboWhistle_only,SE_Bt_Etc_ChocoboBye,1,65563,65563,65563,65563,2,62,4022,200,0,10,21,41,40,21,1,45,15,15,1,0,10,20,20,100,0,0,55,1,0,0,False,True,False,False,False,False,False,False,False,False,False,False
35,恐狼,,0,0,0,1,0,0,SE_Bt_Etc_WolfWhistle,SE_Bt_Etc_GuuBooWhistle_only,SE_Bt_Etc_WolfBye,675,0,0,0,0,2,121,4023,3260,0,10,20,43,42,22,1,45,70,70,1,2,11,20,10,100,0,0,55,0,0,0,False,True,False,False,False,False,False,False,False,False,False,False
36,黑渦戰馬,,0,0,0,1,0,0,SE_Bt_Etc_UnicornWhistle,SE_Bt_Etc_GuuBooWhistle_only,SE_Bt_Etc_UnicornBye,811,65537,65537,65537,0,2,121,4024,3010,0,9,19,41,40,23,1,45,70,70,1,2,12,20,10,100,0,0,55,0,0,0,False,True,False,False,False,False,False,False,False,False,False,False
37,雙蛇戰馬,,0,0,0,1,0,0,SE_Bt_Etc_UnicornWhistle,SE_Bt_Etc_GuuBooWhistle_only,SE_Bt_Etc_UnicornBye,811,131073,131073,131073,0,2,121,4025,3011,0,9,19,41,40,24,1,45,70,70,1,2,12,20,10,100,0,0,55,0,0,0,False,True,False,False,False,False,False,False,False,False,False,False
38,不滅戰馬,,0,0,0,1,0,0,SE_Bt_Etc_UnicornWhistle,SE_Bt_Etc_GuuBooWhistle_only,SE_Bt_Etc_UnicornBye,811,196609,196609,196609,0,2,121,4026,3012,0,9,19,41,40,25,1,45,70,70,1,2,12,20,10,100,0,0,55,0,0,0,False,True,False,False,False,False,False,False,False,False,False,False
39,,,0,0,0,1,0,0,SE_Bt_Etc_WaterRizardWhistle,SE_Bt_Etc_GuuBooWhistle_only,SE_Bt_Etc_WaterRizardBye,820,0,0,0,0,2,121,4014,0,8,32,21,43,42,-1,0,45,15,15,0,0,7,20,10,100,0,0,100,0,0,0,False,True,False,False,False,False,False,False,False,False,False,False
40,雷妖馬瑪卡布,,0,0,0,1,0,0,SE_Bt_Etc_UnicornWhistle,SE_Bt_Etc_GuuBooWhistle_only,SE_Bt_Etc_UnicornBye,817,0,0,0,0,2,265,4027,30005,0,9,19,41,42,26,1,45,70,70,1,2,5,20,10,65,0,0,70,0,0,0,False,True,False,False,False,False,False,False,False,False,False,False
41,典禮陸行鳥,,0,0,0,1,0,0,SE_Bt_Etc_ChocoboWhistle,SE_Bt_Etc_ChocoboWhistle_only,SE_Bt_Etc_ChocoboBye,571,65537,65537,65537,65537,2,62,4031,201,0,10,21,41,40,27,1,45,15,15,1,0,13,20,20,100,0,0,55,1,0,0,False,True,False,False,False,False,False,False,False,False,False,False
42,斯雷普尼爾,,0,0,0,1,0,0,SE_Bt_Etc_SleipnilWhistle,SE_Bt_Etc_GuuBooWhistle_only,SE_Bt_Etc_SleipnilBye,866,0,0,0,0,5,263,4028,3013,0,9,19,41,40,28,1,45,70,85,1,2,14,20,10,100,0,0,55,0,0,0,False,True,False,False,False,False,False,False,False,False,False,False
43,冰妖馬玻瑞阿斯,,0,0,0,1,0,0,SE_Bt_Etc_UnicornWhistle,SE_Bt_Etc_GuuBooWhistle_only,SE_Bt_Etc_UnicornBye,818,0,0,0,0,2,264,4029,30006,0,9,19,41,42,29,1,45,70,70,1,2,5,20,10,65,0,0,70,0,0,0,False,True,False,False,False,False,False,False,False,False,False,False
44,遊行陸行鳥,,0,0,0,1,0,0,SE_Bt_Etc_DebuCyokoboWhistle,SE_Bt_Etc_ChocoboWhistle_only,SE_Bt_Etc_DebuCyokoboBye,965,0,0,0,0,2,193,4030,301,0,8,23,37,37,30,1,45,0,15,1,0,0,20,10,100,0,0,70,0,0,0,True,False,False,False,False,False,False,False,False,False,False,False
45,黑陸行鳥,,0,0,0,1,0,0,SE_Bt_Etc_ChocoboWhistle,SE_Bt_Etc_ChocoboWhistle_only,SE_Bt_Etc_ChocoboBye,966,65552,65552,131073,65537,2,62,4036,102,0,10,21,41,40,40,1,45,15,15,1,0,1,20,20,100,0,0,55,0,0,0,False,True,False,False,False,False,False,False,False,False,False,False
46,堅鋼龜,,0,0,0,1,0,0,SE_Bt_Etc_AdamanWhistle,SE_Bt_Etc_GuuBooWhistle_only,SE_Bt_Etc_AdamanBye,987,0,0,0,0,2,121,4034,3270,0,0,0,37,37,31,1,45,15,15,1,0,15,5,3,65,0,0,70,0,0,0,False,True,False,False,False,False,False,False,False,False,False,False
47,麒麟,,0,0,0,1,0,0,SE_Bt_Etc_KirinWhistle,SE_Bt_Etc_GuuBooWhistle_only,SE_Bt_Etc_KirinBye,958,0,0,0,0,2,358,4032,30050,0,9,19,41,42,32,1,45,15,80,1,0,5,20,10,65,0,0,70,0,0,0,False,True,False,False,False,False,False,False,False,False,False,False
48,騎乘系統,,0,0,0,1,0,0,SE_Bt_Etc_DaragabWhistle,SE_Bt_Etc_MadoWhistle_only,SE_Bt_Etc_DaragabBye,1029,0,0,0,0,2,121,4033,10500,9,17,19,39,40,33,1,45,15,15,1,0,16,0,10,100,12,4,100,0,0,0,False,True,False,True,True,False,False,False,False,False,False,False
49,芬里爾,,0,0,0,1,0,0,SE_Bt_Etc_FenrirWhistle,SE_Bt_Etc_GuuBooWhistle_only,SE_Bt_Etc_FenrirBye,1026,0,0,0,0,2,121,4035,3280,0,9,21,41,42,34,1,45,15,70,1,2,17,20,10,65,0,6,70,0,0,0,False,True,False,False,False,False,False,False,False,False,False,False
50,幻龍米德加爾特,,0,0,0,1,0,0,SE_Bt_Etc_DragoneWhistle,SE_Bt_Etc_GuuBooWhistle_only,SE_Bt_Etc_DragoneBye,926,0,0,0,0,2,319,4037,35000,0,9,23,39,38,35,1,45,15,50,1,2,0,20,10,40,0,0,75,0,0,0,False,True,False,False,False,False,False,False,False,False,False,False
51,,,0,0,0,1,0,0,,,,311,0,0,0,0,5,0,0,0,0,9,19,39,40,-1,0,45,15,15,0,0,18,0,0,100,0,0,100,0,0,0,False,True,False,False,False,False,False,False,False,False,False,False
52,紅大陸行鳥,,0,0,0,1,0,0,SE_Bt_Etc_ChocoboWhistle,SE_Bt_Etc_ChocoboWhistle_only,SE_Bt_Etc_ChocoboBye,1,131099,131099,131099,131099,2,62,4044,202,0,10,21,41,40,41,1,45,15,15,1,0,10,20,20,100,0,0,55,1,0,0,False,True,False,False,False,False,False,False,False,False,False,False
53,騰雲蛇,,0,0,0,1,0,0,SE_Bt_Etc_CeronWhistle,SE_Bt_Etc_GuuBooWhistle_only,SE_Bt_Etc_CeronBye,1161,0,0,0,0,2,319,4038,7010,0,19,23,41,42,36,1,45,15,50,1,2,19,20,20,90,9,3,60,0,0,0,False,True,False,True,False,False,False,False,False,False,False,False
54,獅鷲,,0,0,0,1,0,0,SE_Bt_Etc_GrifinWhistle,SE_Bt_Etc_GuuBooWhistle_only,SE_Bt_Etc_GrifinBye,992,0,0,0,0,2,319,4039,3290,0,9,21,41,40,37,1,45,70,60,1,2,20,20,20,60,9,3,60,0,0,0,False,True,False,False,False,False,False,False,False,False,False,False
55,破魔艇,,0,0,0,1,0,0,SE_Bt_Etc_HitorinoriWhistle,SE_Bt_Etc_MadoWhistle_only,SE_Bt_Etc_HitorinoriBye,929,0,0,0,0,2,319,4040,11000,0,18,21,37,37,38,1,45,15,15,1,2,0,0,10,60,0,0,60,0,0,0,False,True,False,True,False,False,False,False,False,False,False,False
56,戰豹,,0,0,0,1,0,0,SE_Bt_Etc_CuahrWhistle,SE_Bt_Etc_ChocoboWhistle_only,SE_Bt_Etc_CuahrBye,2048,0,0,0,0,2,121,4041,3201,0,10,21,41,42,39,1,45,70,70,1,2,3,20,10,60,0,0,60,0,0,0,False,True,False,False,False,False,False,False,False,False,False,False
57,,,0,0,0,1,0,0,SE_Bt_Etc_ChocoboWhistle,SE_Bt_Etc_ChocoboWhistle_only,SE_Bt_Etc_ChocoboBye,1,65552,65552,131073,65537,2,61,0,0,0,10,21,41,40,-1,0,45,15,15,1,0,1,20,20,100,0,0,55,0,0,0,False,True,False,False,False,False,False,False,False,False,False,False
58,哥布林戰車,,0,0,0,1,0,0,SE_Bt_Etc_GobrinTunkWhistle,SE_Bt_Etc_MadoWhistle_only,SE_Bt_Etc_GobrinTunkBye,1011,0,0,0,0,2,397,4042,10070,0,0,21,39,40,42,1,45,0,70,1,2,21,0,10,50,0,0,50,0,0,0,False,True,False,False,False,False,False,False,False,False,False,False
59,雙塔尼亞,,0,0,0,1,0,0,SE_Bt_Etc_TwinTaniaWhistle,SE_Bt_Etc_GuuBooWhistle_only,SE_Bt_Etc_TwinTaniaBye,1249,0,0,0,0,2,319,4043,1010,12,8,21,41,40,43,1,45,15,60,1,2,60,20,20,55,9,3,60,0,0,0,False,True,False,False,True,False,False,False,False,False,False,False
60,,,0,0,0,1,0,0,SE_Bt_Etc_GobrinTunkWhistle,SE_Bt_Etc_MadoWhistle_only,SE_Bt_Etc_GobrinTunkBye,1011,0,0,0,0,2,397,0,0,10,0,21,39,40,-1,0,45,15,15,0,0,21,0,10,50,0,0,100,0,0,0,False,True,False,False,False,True,False,False,False,False,False,False
61,,,0,0,0,1,0,0,SE_Bt_Etc_GobrinTunkWhistle,SE_Bt_Etc_MadoWhistle_only,SE_Bt_Etc_GobrinTunkBye,1011,0,0,0,0,2,397,0,0,11,0,21,39,40,-1,0,45,15,15,0,0,21,0,10,50,0,0,100,0,0,0,False,True,False,False,False,True,False,False,False,False,False,False
62,魔女掃帚,,0,0,0,1,0,0,SE_Bt_Etc_HoukiWhistle,SE_Bt_Etc_GuuBooWhistle_only,SE_Bt_Etc_HoukiBye,1326,0,0,0,0,2,330,4045,16000,33,21,24,43,42,44,1,45,15,15,1,2,22,20,10,100,0,0,70,0,0,0,False,True,False,True,True,False,False,False,False,False,False,False
63,,,0,0,0,1,0,0,SE_Bt_Etc_HoukiWhistle,SE_Bt_Etc_GuuBooWhistle_only,SE_Bt_Etc_HoukiBye,1326,0,0,0,0,2,330,0,0,13,21,24,43,42,-1,0,45,15,15,0,0,22,20,10,100,0,0,100,0,0,0,False,True,False,True,False,False,False,False,False,False,False,False
64,,,0,0,0,0,0,0,,,,0,0,0,0,0,0,0,0,0,0,0,0,0,0,0,0,0,0,0,0,0,0,0,0,0,0,0,0,0,0,0,False,False,False,False,False,False,False,False,False,False,False,False
65,,,0,0,0,0,0,0,,,,0,0,0,0,0,0,0,0,0,0,0,0,0,0,0,0,0,0,0,0,0,0,0,0,0,0,0,0,0,0,0,False,False,False,False,False,False,False,False,False,False,False,False
66,,,0,0,0,1,0,0,SE_Bt_Etc_CeronWhistle,SE_Bt_Etc_GuuBooWhistle_only,SE_Bt_Etc_CeronBye,1161,0,0,0,0,2,319,0,0,14,19,23,41,42,-1,1,45,15,50,1,2,19,20,20,60,9,3,60,0,0,0,False,True,False,True,False,False,False,False,False,False,False,False
67,天馬,,0,0,0,1,0,0,SE_Bt_Etc_UnicornWhistle,SE_Bt_Etc_GuuBooWhistle_only,SE_Bt_Etc_UnicornBye,1065,0,0,0,0,2,319,4047,3020,0,9,19,41,40,46,1,45,15,80,1,2,24,20,10,65,0,0,60,0,0,0,False,True,False,False,False,False,False,False,False,False,False,False
68,莉維亞專用魔導裝甲,,0,0,0,1,0,0,SE_Bt_Etc_MadoWhistle,SE_Bt_Etc_MadoWhistle_only,SE_Bt_Etc_MadoBye,2,0,393217,0,0,2,331,4048,10002,2,30,23,41,40,47,1,45,0,15,1,2,0,0,10,77,0,0,70,0,0,0,False,True,False,False,True,False,False,False,False,False,False,False
69,尼祿專用魔導裝甲,,0,0,0,1,0,0,SE_Bt_Etc_MadoWhistle,SE_Bt_Etc_MadoWhistle_only,SE_Bt_Etc_MadoBye,2,0,327681,0,0,2,331,4049,10003,2,30,23,41,40,48,1,45,0,15,1,2,0,0,10,77,0,0,70,0,0,0,False,True,False,False,True,False,False,False,False,False,False,False
70,雙足飛龍,,0,0,0,1,0,0,SE_Bt_Etc_TwinTaniaWhistle,SE_Bt_Etc_GuuBooWhistle_only,SE_Bt_Etc_TwinTaniaBye,1412,0,0,0,0,2,319,4050,1020,0,8,21,39,38,49,1,45,15,50,1,2,25,20,20,120,9,3,60,0,0,0,False,True,False,False,False,False,False,False,False,False,False,False
71,SDS芬里爾,,0,0,0,1,0,0,SE_Bt_Etc_BikeWhistle,SE_Bt_Etc_MadoWhistle_only,SE_Bt_Etc_BikeBye,964,0,0,0,0,2,592,4135,10180,0,13,24,43,44,127,1,45,15,15,1,2,65,0,10,100,0,0,60,0,0,0,False,True,False,False,False,False,False,False,False,False,False,False
72,恐甲螞蜓,,0,0,0,1,0,0,SE_Bt_Etc_EnsaWhistle,SE_Bt_Etc_GuuBooWhistle_only,SE_Bt_Etc_EnsaBye,1411,0,0,0,0,2,319,4051,5020,0,9,21,39,40,50,1,45,0,60,1,2,26,15,9,65,0,0,60,0,0,0,False,True,False,True,False,False,False,False,False,False,False,False
73,祖,,0,0,0,1,0,0,SE_Bt_Etc_ZooWhistle,SE_Bt_Etc_GuuBooWhistle_only,SE_Bt_Etc_ZooBye,1446,0,0,0,0,2,319,4052,1030,0,8,21,41,40,51,1,45,15,60,1,2,27,20,20,55,9,3,55,0,0,0,False,True,False,False,False,False,False,False,False,False,False,False
74,貝努鳥,,0,0,0,1,0,0,SE_Bt_Etc_BennuWhistle,SE_Bt_Etc_GuuBooWhistle_only,SE_Bt_Etc_BennuWhistle_only,1447,0,0,0,0,2,376,4053,1031,0,8,21,41,40,52,1,45,15,60,1,2,27,20,20,55,9,3,55,0,0,0,False,True,False,False,False,False,False,False,False,False,False,False
75,白雲獵鷹,,0,0,0,1,0,0,SE_Bt_Etc_BirdWhistle,SE_Bt_Etc_GuuBooWhistle_only,SE_Bt_Etc_BirdBye,1511,0,0,0,0,2,371,4054,30100,0,8,23,41,40,53,1,45,15,70,1,2,28,20,10,90,0,0,50,0,0,0,False,True,False,False,False,False,False,False,False,False,False,False
76,怒武獵鷹,,0,0,0,1,0,0,SE_Bt_Etc_BirdWhistle,SE_Bt_Etc_GuuBooWhistle_only,SE_Bt_Etc_BirdBye,1512,0,0,0,0,2,372,4055,30101,0,8,23,41,40,54,1,45,15,70,1,2,28,20,10,90,0,0,50,0,0,0,False,True,False,False,False,False,False,False,False,False,False,False
77,圓桌獵鷹,,0,0,0,1,0,0,SE_Bt_Etc_BirdWhistle,SE_Bt_Etc_GuuBooWhistle_only,SE_Bt_Etc_BirdBye,1513,0,0,0,0,2,373,4056,30102,0,8,23,41,40,55,1,45,15,70,1,2,28,20,10,90,0,0,50,0,0,0,False,True,False,False,False,False,False,False,False,False,False,False
78,戰爭獵鷹,,0,0,0,1,0,0,SE_Bt_Etc_BirdWhistle,SE_Bt_Etc_GuuBooWhistle_only,SE_Bt_Etc_BirdBye,1514,0,0,0,0,2,374,4057,30103,0,8,23,41,40,56,1,45,15,70,1,2,28,20,10,90,0,0,50,0,0,0,False,True,False,False,False,False,False,False,False,False,False,False
79,,,0,0,0,1,0,0,SE_Bt_Etc_EnsaWhistle,SE_Bt_Etc_GuuBooWhistle_only,SE_Bt_Etc_EnsaBye,1411,0,0,0,0,2,319,0,0,15,9,21,39,40,-1,1,45,0,60,1,2,26,15,9,65,0,0,60,0,0,0,False,True,False,False,False,False,False,False,False,False,False,False
80,榮耀號,,0,0,0,1,0,0,SE_Bt_Etc_CyoukogataWhistle,SE_Bt_Etc_MadoWhistle_only,SE_Bt_Etc_CyoukogataBye,1444,0,0,0,0,2,319,4058,11010,0,17,18,37,37,57,1,45,15,15,1,2,29,0,10,140,0,0,70,0,0,0,False,True,False,True,False,False,False,False,False,False,False,False
81,筋鬥雲,,0,0,0,1,0,0,SE_Bt_Etc_KintounWhistle,SE_Bt_Etc_GuuBooWhistle_only,SE_Bt_Etc_KintounBye,1505,0,0,0,0,2,319,4059,16010,0,16,19,37,52,58,1,45,15,15,1,2,30,20,20,100,0,0,70,0,0,0,False,True,False,True,False,False,False,False,False,False,False,False
82,初代胖陸行鳥,,0,0,0,1,0,0,SE_Bt_Etc_DebuCyokoboWhistle,SE_Bt_Etc_ChocoboWhistle_only,SE_Bt_Etc_DebuCyokoboBye,1520,0,0,0,0,2,193,4060,302,0,8,23,37,37,59,1,45,0,15,1,0,0,20,10,100,0,0,70,0,0,0,True,False,False,False,False,False,False,False,False,False,False,False
83,天陽馬阿斯特洛珀,,0,0,0,1,0,0,SE_Bt_Etc_UnicornWhistle,SE_Bt_Etc_GuuBooWhistle_only,SE_Bt_Etc_UnicornBye,1476,0,0,0,0,2,319,4061,3030,0,9,19,41,40,60,1,45,15,80,1,2,31,20,10,65,0,0,60,1,0,0,False,True,False,False,False,False,False,False,False,False,False,False
84,胖莫古利,,0,0,0,1,0,0,SE_Bt_Etc_MogKikyuuWhistle,SE_Bt_Etc_GuuBooWhistle_only,SE_Bt_Etc_MogKikyuuBye,1532,0,0,0,0,2,396,4062,400,20,17,19,37,37,61,1,45,15,15,1,2,32,20,10,100,0,0,50,1,0,0,False,True,False,True,True,False,False,False,False,False,False,False
85,,,0,0,0,1,0,0,SE_Bt_Etc_WaterRizardWhistle,SE_Bt_Etc_GuuBooWhistle_only,SE_Bt_Etc_WaterRizardBye,820,0,0,0,0,2,121,0,0,16,32,21,43,42,-1,0,45,15,15,0,0,7,20,10,100,0,0,100,0,0,0,False,True,False,False,False,False,False,False,False,False,False,False
86,孢雲棉花糖,,0,0,0,1,0,0,SE_Bt_Etc_PopoWhistle,SE_Bt_Etc_GuuBooWhistle_only,SE_Bt_Etc_PopoBye,1515,0,0,0,0,2,319,4063,16020,19,17,20,37,40,63,1,45,15,15,1,2,33,20,10,100,0,0,70,0,0,0,False,True,False,True,True,False,False,False,False,False,False,False
87,威斯帕號,,0,0,0,1,0,0,SE_Bt_Etc_YoukaiWhistle,SE_Bt_Etc_GuuBooWhistle_only,SE_Bt_Etc_YoukaiBye,1534,0,0,0,0,2,319,4064,40500,0,18,20,43,42,64,1,45,15,15,1,2,34,0,10,200,0,0,70,0,0,0,False,True,False,True,False,False,False,False,False,False,False,False
88,,,0,0,0,1,0,0,SE_Bt_Etc_TwinTaniaWhistle,SE_Bt_Etc_GuuBooWhistle_only,SE_Bt_Etc_TwinTaniaBye,1412,0,0,0,0,2,319,0,0,17,8,21,39,38,-1,1,45,15,50,1,2,25,20,20,120,9,3,60,0,0,0,False,True,False,True,False,False,False,False,False,False,False,False
89,,,0,0,0,1,0,0,SE_Bt_Etc_PopoWhistle,SE_Bt_Etc_GuuBooWhistle_only,SE_Bt_Etc_PopoBye,1515,0,0,0,0,2,319,0,0,18,17,20,37,40,-1,1,45,15,15,1,2,33,20,10,100,0,0,70,0,0,0,False,True,False,True,False,False,False,False,False,False,False,False
90,暗黑獵鷹,,0,0,0,1,0,0,SE_Bt_Etc_BirdWhistle,SE_Bt_Etc_GuuBooWhistle_only,SE_Bt_Etc_BirdBye,1580,0,0,0,0,2,395,4065,30104,0,8,23,41,40,65,1,45,15,70,1,2,28,20,10,90,0,0,50,0,0,0,False,True,False,False,False,False,False,False,False,False,False,False
91,浮空系統,,0,0,0,1,0,0,SE_Bt_Etc_DaragabWhistle,SE_Bt_Etc_MadoWhistle_only,SE_Bt_Etc_DaragabBye,1636,0,0,0,0,2,319,4066,10501,9,17,19,39,40,66,1,45,15,15,1,0,16,0,10,100,12,4,100,0,0,0,False,True,False,True,True,False,False,False,False,False,False,False
92,顱浮魔像,,0,0,0,1,0,0,SE_Bt_Etc_AhrimanWhistle,SE_Bt_Etc_ChocoboWhistle_only,SE_Bt_Etc_AhrimanBye,1635,0,0,0,0,2,319,4068,5010,0,19,23,41,44,67,1,45,15,70,1,2,4,20,10,100,0,0,50,0,0,0,False,True,False,True,False,False,False,False,False,False,False,False
93,逐月幻狼瑪納加爾姆,,0,0,0,1,0,0,SE_Bt_Etc_FenrirWhistle,SE_Bt_Etc_GuuBooWhistle_only,SE_Bt_Etc_FenrirBye,1629,0,0,0,0,2,319,4067,3281,0,9,21,41,42,68,1,45,15,70,1,2,35,20,10,100,0,6,70,0,0,0,False,True,False,False,False,False,False,False,False,False,False,False
94,威斯帕前進號,,0,0,0,1,0,0,SE_Bt_Etc_YoukaiWhistle,SE_Bt_Etc_GuuBooWhistle_only,SE_Bt_Etc_YoukaiBye,1646,0,0,0,0,2,319,4069,40501,0,18,20,43,42,69,1,45,15,15,1,2,34,0,10,200,0,0,70,0,0,0,False,True,False,True,False,False,False,False,False,False,False,False
95,轟天,,0,0,0,1,0,0,SE_Bt_Etc_GaroWhistle,SE_Bt_Etc_GuuBooWhistle_only,SE_Bt_Etc_GaroBye,1585,0,0,0,0,2,319,4074,40600,0,9,19,41,40,70,1,45,70,70,1,2,36,20,10,100,0,0,55,0,0,0,False,True,False,False,False,False,False,False,False,False,False,False
96,銀牙,,0,0,0,1,0,0,SE_Bt_Etc_GaroWhistle,SE_Bt_Etc_GuuBooWhistle_only,SE_Bt_Etc_GaroBye,1586,0,0,0,0,2,319,4075,40601,0,9,19,41,40,71,1,45,70,70,1,2,36,20,10,100,0,0,55,0,0,0,False,True,False,False,False,False,False,False,False,False,False,False
97,仙術熊貓,,0,0,0,1,0,0,SE_Bt_Etc_PandaWhistle,SE_Bt_Etc_GuuBooWhistle_only,SE_Bt_Etc_PandaBye,1593,0,0,0,0,2,638,4070,3252,0,9,19,41,38,72,1,45,15,70,1,2,9,20,10,65,12,3,70,0,0,0,False,True,False,False,False,False,False,False,False,False,False,False
98,睿智獵鷹,,0,0,0,1,0,0,SE_Bt_Etc_BirdWhistle,SE_Bt_Etc_GuuBooWhistle_only,SE_Bt_Etc_BirdBye,1768,0,0,0,0,2,415,4071,30105,0,8,23,41,40,73,1,45,15,70,1,2,28,20,10,90,0,0,50,0,0,0,False,True,False,False,False,False,False,False,False,False,False,False
99,星芒熊,,0,0,0,1,0,0,SE_Bt_Etc_XmasKumaWhistle,SE_Bt_Etc_GuuBooWhistle_only,SE_Bt_Etc_XmasKumaBye,1658,0,0,0,0,2,319,4102,3253,32,9,19,41,38,74,1,45,15,70,1,2,9,20,10,65,12,3,70,0,0,0,False,True,False,False,True,False,False,False,False,False,False,False
100,黑天馬,,0,0,0,1,0,0,SE_Bt_Etc_UnicornWhistle,SE_Bt_Etc_GuuBooWhistle_only,SE_Bt_Etc_UnicornBye,1472,0,0,0,0,2,319,4072,3021,0,9,19,41,40,75,1,45,15,80,1,2,24,20,10,65,0,0,60,0,0,0,False,True,False,False,False,False,False,False,False,False,False,False
101,阿里達烏斯,,0,0,0,1,0,0,SE_Bt_Etc_AlxWhistle,SE_Bt_Etc_MadoWhistle_only,SE_Bt_Etc_AlxBye,1704,0,0,0,0,2,416,4073,10600,0,18,21,41,40,76,1,45,15,15,1,2,38,0,10,100,0,0,70,0,0,0,False,False,False,True,False,False,False,False,False,False,False,False
102,雷剛,,0,0,0,1,0,0,SE_Bt_Etc_GaroWhistle,SE_Bt_Etc_GuuBooWhistle_only,SE_Bt_Etc_GaroBye,1587,0,0,0,0,2,319,4076,40602,0,9,19,41,40,79,1,45,70,70,1,2,39,20,10,100,0,0,55,0,0,0,False,True,False,False,False,False,False,False,False,False,False,False
103,尼祿專用魔導裝甲,,0,0,0,1,0,0,SE_Bt_Etc_MadoWhistle,SE_Bt_Etc_MadoWhistle_only,SE_Bt_Etc_MadoBye,2,0,327681,0,0,2,331,0,0,23,30,23,41,40,-1,0,45,0,15,0,0,0,0,10,77,0,0,70,0,0,0,False,True,False,False,False,False,False,False,False,False,False,False
104,厲鬼獵鷹,,0,0,0,1,0,0,SE_Bt_Etc_BirdWhistle,SE_Bt_Etc_GuuBooWhistle_only,SE_Bt_Etc_BirdBye,1857,0,0,0,0,2,424,4077,30106,0,8,23,41,40,77,1,45,15,70,1,2,28,20,10,90,0,0,50,0,0,0,False,True,False,False,False,False,False,False,False,False,False,False
105,鳳皇,,0,0,0,1,0,0,SE_Bt_Etc_HououWhistle,SE_Bt_Etc_HououBye,SE_Bt_Etc_HououBye,1765,0,0,0,0,2,425,4078,30150,0,18,21,41,42,78,1,45,15,70,1,2,46,20,10,55,0,0,60,0,0,0,False,True,False,True,False,False,False,False,False,False,False,False
106,彩蛋系統,,0,0,0,1,0,0,SE_Bt_Etc_DaragabWhistle,SE_Bt_Etc_MadoWhistle_only,SE_Bt_Etc_EggBye,1777,0,0,0,0,2,319,4079,16030,25,17,18,39,40,80,1,45,15,15,1,0,0,0,10,100,0,0,70,0,0,0,False,True,False,True,True,False,False,False,False,False,False,False
107,,,0,0,0,1,0,0,SE_Bt_Etc_DaragabWhistle,SE_Bt_Etc_MadoWhistle_only,SE_Bt_Etc_EggBye,1777,0,0,0,0,2,319,0,0,24,17,18,39,40,-1,1,45,15,15,1,0,0,0,10,100,0,0,70,0,0,0,False,True,False,False,False,False,False,False,False,False,False,False
108,孤傲煉獄獵犬,,0,0,0,1,0,0,SE_Bt_Etc_FenrirWhistle,SE_Bt_Etc_GuuBooWhistle_only,SE_Bt_Etc_FenrirBye,1276,0,0,0,0,2,319,4080,3300,0,9,21,41,42,81,1,45,15,70,1,0,40,20,10,65,0,6,70,0,0,0,False,True,False,False,False,False,False,False,False,False,False,False
109,首領煉獄獵犬,,0,0,0,1,0,0,SE_Bt_Etc_FenrirWhistle,SE_Bt_Etc_GuuBooWhistle_only,SE_Bt_Etc_FenrirBye,1837,0,0,0,0,2,319,4081,3301,0,9,21,41,42,82,1,45,15,70,1,0,40,20,10,65,0,6,70,0,0,0,False,True,False,False,False,False,False,False,False,False,False,False
110,賢者座椅,,0,0,0,1,0,0,SE_Bt_Etc_IsuWhistle,SE_Bt_Etc_GuuBooWhistle_only,SE_Bt_Etc_IsuBye,1776,0,0,0,0,2,319,4084,16040,0,17,19,39,38,83,1,45,15,15,1,2,41,0,10,100,0,0,70,0,0,0,False,True,False,True,False,False,False,False,False,False,False,False
111,希爾德拉,,0,0,0,1,0,0,SE_Bt_Etc_ShirudoraWhistle,SE_Bt_Etc_GuuBooWhistle_only,SE_Bt_Etc_ShirudoraBye,1676,0,0,0,0,2,319,4085,7020,0,17,19,41,40,95,1,45,70,70,1,2,42,20,10,100,0,0,100,0,0,0,False,True,False,True,False,False,False,False,False,False,False,False
112,飛隼號,,0,0,0,1,0,0,SE_Bt_Etc_HitorinoriWhistle,SE_Bt_Etc_GuuBooWhistle_only,SE_Bt_Etc_HitorinoriBye,1773,0,0,0,0,2,319,4086,10080,0,9,22,41,40,96,1,45,15,15,3,4,43,0,10,100,0,0,100,0,0,0,False,True,False,False,False,False,False,False,False,False,False,False
113,孤傲妖精犬,,0,0,0,1,0,0,SE_Bt_Etc_FenrirWhistle,SE_Bt_Etc_GuuBooWhistle_only,SE_Bt_Etc_FenrirBye,1858,0,0,0,0,2,319,4082,3302,0,9,21,41,42,85,1,45,15,70,1,0,40,20,10,65,0,6,70,0,0,0,False,True,False,False,False,False,False,False,False,False,False,False
114,首領妖精犬,,0,0,0,1,0,0,SE_Bt_Etc_FenrirWhistle,SE_Bt_Etc_GuuBooWhistle_only,SE_Bt_Etc_FenrirBye,1876,0,0,0,0,2,319,4083,3303,0,9,21,41,42,84,1,45,15,70,1,0,40,20,10,65,0,6,70,0,0,0,False,True,False,False,False,False,False,False,False,False,False,False
115,極樂神威,,0,0,0,1,0,0,SE_Bt_Etc_InugamiWhistle,SE_Bt_Etc_GuuBooWhistle_only,SE_Bt_Etc_InugamiBye,1835,0,0,0,0,2,494,4087,30200,0,9,19,41,42,86,1,45,85,85,1,0,44,20,10,100,0,0,70,0,0,0,False,True,False,False,False,False,False,False,False,False,False,False
116,狂歡神威,,0,0,0,1,0,0,SE_Bt_Etc_InugamiWhistle,SE_Bt_Etc_GuuBooWhistle_only,SE_Bt_Etc_InugamiBye,1836,0,0,0,0,2,493,4088,30201,0,9,19,41,42,87,1,45,85,85,1,0,44,20,10,100,0,0,70,0,0,0,False,True,False,False,False,False,False,False,False,False,False,False
117,,,0,0,0,1,0,0,SE_Bt_Etc_HarpieWhistle,SE_Bt_Etc_HarpieWhistle_only,SE_Bt_Etc_HarpieBye,1894,0,0,0,0,2,319,0,0,0,18,21,41,42,-1,1,45,15,70,1,0,46,20,10,100,0,0,60,0,0,0,False,True,False,True,False,False,False,False,False,False,False,False
118,,,0,0,0,1,0,0,SE_Bt_Etc_MantaWhistle,SE_Bt_Etc_GuuBooWhistle_only,SE_Bt_Etc_MantaBye,1995,0,0,0,0,2,319,0,0,0,9,19,41,40,-1,1,45,15,15,5,2,45,20,10,100,9,3,70,0,0,0,False,True,False,True,False,False,False,False,False,False,False,False
119,,,0,0,0,1,0,0,SE_Bt_Etc_BirdWhistle,SE_Bt_Etc_GuuBooWhistle_only,SE_Bt_Etc_BirdBye,1953,0,0,0,0,2,483,0,0,0,8,23,41,40,-1,1,45,15,70,1,2,28,20,10,90,0,0,50,0,0,0,False,True,False,False,False,False,False,False,False,False,False,False
120,,,0,0,0,1,0,0,SE_Bt_Etc_UnicornWhistle,SE_Bt_Etc_GuuBooWhistle_only,SE_Bt_Etc_UnicornBye,1952,0,0,0,0,2,319,0,0,0,9,19,41,40,-1,0,45,15,15,0,0,5,20,10,65,0,0,100,0,0,0,False,True,False,False,False,False,False,False,False,False,False,False
121,魔導獵手,,0,0,0,1,0,0,SE_Bt_Etc_MadoWhistle,SE_Bt_Etc_MadoWhistle_only,SE_Bt_Etc_MadoBye,2298,0,0,0,0,2,319,4089,10010,0,0,23,39,38,88,1,45,0,15,1,2,0,0,10,100,0,0,70,0,0,0,False,True,False,False,False,False,False,False,False,False,False,False
122,鬥獅,,0,0,0,1,0,0,SE_Bt_Etc_LionWhistle,SE_Bt_Etc_GuuBooWhistle_only,SE_Bt_Etc_LionBye,1725,0,0,0,0,2,319,4090,3241,0,9,21,43,40,89,1,45,70,50,1,2,8,20,10,150,13,4,70,0,0,0,False,True,False,False,False,False,False,False,False,False,False,False
123,鬥熊,,0,0,0,1,0,0,SE_Bt_Etc_KumaWhistle,SE_Bt_Etc_GuuBooWhistle_only,SE_Bt_Etc_KumaBye,718,0,0,0,0,2,319,4091,3251,0,9,19,41,38,90,1,45,15,70,1,2,9,20,10,65,12,3,70,0,0,0,False,True,False,False,False,False,False,False,False,False,False,False
124,鬥豹,,0,0,0,1,0,0,SE_Bt_Etc_CuahrWhistle,SE_Bt_Etc_GuuBooWhistle_only,SE_Bt_Etc_CuahrBye,2049,0,0,0,0,2,319,4092,3202,0,10,21,41,42,91,1,45,70,70,1,2,3,20,10,60,0,0,60,0,0,0,False,True,False,False,False,False,False,False,False,False,False,False
125,胡鷹,,0,0,0,1,0,0,SE_Bt_Etc_HarpieWhistle,SE_Bt_Etc_HarpieWhistle_only,SE_Bt_Etc_HarpieBye,1894,0,0,0,0,2,319,4093,5030,0,18,21,41,42,92,1,45,15,70,1,0,46,20,10,100,0,0,80,0,0,0,False,True,False,True,False,False,False,False,False,False,False,False
126,老者,,0,0,0,1,0,0,SE_Bt_Etc_JuraeibisWhistle,SE_Bt_Etc_GuuBooWhistle_only,SE_Bt_Etc_JuraeibisBye,1713,0,0,0,0,2,534,4094,7030,0,0,0,37,37,93,1,45,15,85,1,2,47,20,10,100,0,0,70,0,0,0,False,True,False,True,False,False,False,False,False,False,False,False
127,兵團虎,,0,0,0,1,0,0,SE_Bt_Etc_ToraWhistle,SE_Bt_Etc_GuuBooWhistle_only,SE_Bt_Etc_ToraBye,2173,0,0,0,0,2,319,4095,3310,0,9,19,41,42,94,1,45,15,65,1,2,48,20,10,100,0,0,70,0,0,0,False,True,False,False,False,False,False,False,False,False,False,False
128,捕獲的魔導裝甲,,0,0,0,1,0,0,SE_Bt_Etc_MadoWhistle,SE_Bt_Etc_MadoWhistle_only,SE_Bt_Etc_MadoBye,2,0,65537,0,0,2,121,0,0,27,30,23,41,40,-1,0,45,0,15,0,0,0,0,10,77,0,0,70,0,0,0,False,True,False,False,False,False,False,False,False,False,False,False
129,,,0,0,0,1,0,0,SE_Bt_Etc_MantaWhistle,SE_Bt_Etc_GuuBooWhistle_only,SE_Bt_Etc_MantaBye,1995,0,0,0,0,2,319,0,0,26,9,19,41,40,-1,1,45,15,15,5,0,45,20,10,100,9,3,70,0,0,0,False,True,False,True,False,False,False,False,False,False,False,False
130,伊克西翁,,0,0,0,1,0,0,SE_Bt_Etc_IxionWhistle,SE_Bt_Etc_GuuBooWhistle_only,SE_Bt_Etc_IxionBye,2061,0,0,0,0,2,319,4096,3320,0,9,19,39,40,97,1,45,70,85,1,2,49,20,20,100,0,0,70,0,0,0,False,True,False,False,False,False,False,False,False,False,False,False
131,,,0,0,0,1,0,0,SE_Bt_Etc_GobrinTunkWhistle,SE_Bt_Etc_MadoWhistle_only,SE_Bt_Etc_GobrinTunkBye,2095,0,0,0,0,2,397,0,0,28,0,0,37,37,-1,0,45,15,15,0,0,0,0,10,30,0,0,100,0,0,0,False,True,False,False,False,False,True,True,False,False,False,False
132,,,0,0,0,1,0,0,SE_Bt_Etc_GobrinTunkWhistle,SE_Bt_Etc_MadoWhistle_only,SE_Bt_Etc_GobrinTunkBye,2096,0,0,0,0,2,397,0,0,28,0,0,37,37,-1,0,45,15,15,0,0,0,0,10,30,0,0,100,0,0,0,False,True,False,False,False,False,True,True,False,False,False,False
133,夢幻神威,,0,0,0,1,0,0,SE_Bt_Etc_InugamiWhistle,SE_Bt_Etc_GuuBooWhistle_only,SE_Bt_Etc_InugamiBye,2116,0,0,0,0,2,505,4101,30202,0,9,19,41,42,99,1,45,85,85,1,0,44,20,10,100,0,0,70,0,0,0,False,True,False,False,False,False,False,False,False,False,False,False
134,,,0,0,0,1,0,0,SE_Bt_Etc_XmasKumaWhistle,SE_Bt_Etc_GuuBooWhistle_only,SE_Bt_Etc_XmasKumaBye,1658,0,0,0,0,2,319,0,0,31,9,19,41,38,-1,1,45,15,70,1,2,9,20,10,65,12,3,70,0,0,0,False,True,False,False,False,False,False,False,False,False,False,False
135,風火輪,,0,0,0,1,0,0,SE_Bt_Etc_FuukaNirinWhistle,SE_Bt_Etc_GuuBooWhistle_only,SE_Bt_Etc_FuukaNirinBye,2030,0,0,0,0,2,637,4097,15000,0,9,19,39,38,98,1,45,15,15,1,2,50,0,20,100,0,0,70,0,0,0,False,True,False,False,False,False,False,False,False,False,False,False
136,鬼蝠魟,,0,0,0,1,0,0,SE_Bt_Etc_MantaWhistle,SE_Bt_Etc_GuuBooWhistle_only,SE_Bt_Etc_MantaBye,2117,0,0,0,0,2,319,4103,7040,30,9,19,41,40,100,1,45,15,15,5,2,45,20,10,30,9,3,70,0,0,0,False,True,False,True,True,False,False,False,False,False,False,False
137,,,0,0,0,1,0,0,SE_Bt_Etc_MantaWhistle,SE_Bt_Etc_GuuBooWhistle_only,SE_Bt_Etc_MantaBye,2117,0,0,0,0,2,319,0,0,29,9,19,41,40,-1,1,45,15,15,5,2,45,20,10,30,9,3,70,0,0,0,False,True,False,True,False,False,False,False,False,False,False,False
138,卡邦庫爾-海藍石,,0,0,0,1,0,0,SE_Bt_Etc_CarbuncleWhistle,SE_Bt_Etc_HarpieWhistle_only,SE_Bt_Etc_CarbuncleBye,2073,0,0,0,0,2,638,4104,3330,0,9,21,41,40,101,1,45,70,70,1,2,51,20,10,120,0,0,50,0,0,0,False,True,False,False,False,False,False,False,False,False,False,False
139,卡邦庫爾-黃寶石,,0,0,0,1,0,0,SE_Bt_Etc_CarbuncleWhistle,SE_Bt_Etc_HarpieWhistle_only,SE_Bt_Etc_CarbuncleBye,2125,0,0,0,0,2,638,4105,3331,0,9,21,41,40,102,1,45,70,70,1,2,51,20,10,120,0,0,50,0,0,0,False,True,False,False,False,False,False,False,False,False,False,False
140,飛行座椅,,0,0,0,1,0,0,SE_Bt_Etc_LanosceasofaWhistle,SE_Bt_Etc_GuuBooWhistle_only,SE_Bt_Etc_LanosceasofaBye,2115,0,0,0,0,2,319,4106,16050,0,17,18,41,40,103,1,45,85,85,1,2,52,0,10,100,0,0,70,0,0,0,False,True,False,True,False,False,False,False,False,False,False,False
141,魔導復仇者騎乘型,,0,0,0,1,0,0,SE_Bt_Etc_MekagoriraWhistle,SE_Bt_Etc_MadoWhistle_only,SE_Bt_Etc_MekagoriraBye,2072,0,0,0,0,2,319,4107,10090,0,0,23,41,40,104,1,45,15,70,1,0,53,20,10,100,12,3,50,0,0,0,False,True,False,False,False,False,False,False,False,False,False,False
142,葉大妖,,0,0,0,1,0,0,SE_Bt_Etc_MarimokunWhistle,SE_Bt_Etc_GuuBooWhistle_only,SE_Bt_Etc_MarimokunBye,2071,0,0,0,0,2,319,4108,1040,0,8,19,37,38,105,1,45,15,70,1,2,54,20,10,120,0,0,40,0,0,0,False,True,False,False,False,False,False,False,False,False,False,False
143,赤兔馬,,0,0,0,1,0,0,SE_Bt_Etc_SekitobaWhistle,SE_Bt_Etc_GuuBooWhistle_only,SE_Bt_Etc_SekitobaBye,2119,0,0,0,0,2,637,4109,3040,0,9,19,41,40,106,1,10,70,70,1,2,55,20,10,100,0,0,55,0,0,0,False,True,False,False,False,False,False,False,False,False,False,False
144,白帝神威,,0,0,0,1,0,0,SE_Bt_Etc_InugamiWhistle,SE_Bt_Etc_GuuBooWhistle_only,SE_Bt_Etc_InugamiBye,2167,0,0,0,0,2,536,4110,30203,0,9,19,41,42,107,1,45,85,85,1,0,44,20,10,100,0,0,70,0,0,0,False,True,False,False,False,False,False,False,False,False,False,False
145,拘束型魔導死亡爪,,0,0,0,1,0,0,SE_Bt_Etc_DeathClawWhistle,SE_Bt_Etc_MadoWhistle_only,SE_Bt_Etc_DeathClawBye,2118,0,0,0,0,2,319,4111,10020,0,18,19,37,37,108,1,45,70,70,1,2,0,0,10,100,0,0,50,0,0,0,False,True,False,True,False,False,False,False,False,False,False,False
146,魔象,,0,0,0,1,0,0,SE_Bt_Etc_ElephantWhistle,SE_Bt_Etc_GuuBooWhistle_only,SE_Bt_Etc_ElephantBye,2074,0,0,0,0,2,319,4112,3340,38,0,18,39,38,109,1,45,70,15,1,0,0,20,10,100,0,0,60,0,0,0,False,True,False,False,True,False,False,False,False,False,False,False
147,力氣大的魔象,,0,0,0,1,0,0,SE_Bt_Etc_ElephantWhistle,SE_Bt_Etc_GuuBooWhistle_only,SE_Bt_Etc_ElephantBye,2074,0,0,0,0,2,319,0,0,37,0,18,39,38,-1,1,45,70,15,1,0,0,20,10,100,0,0,60,0,0,0,False,True,False,False,False,False,False,False,False,False,False,False
148,真獅鷲,,0,0,0,1,0,0,SE_Bt_Etc_GrifinWhistle,SE_Bt_Etc_GuuBooWhistle_only,SE_Bt_Etc_GrifinBye,2191,0,0,0,0,2,319,4113,3291,36,9,21,41,40,110,1,45,70,60,1,2,20,20,20,60,9,3,60,0,0,0,False,True,False,False,True,False,False,False,False,False,False,False
149,真獅鷲,,0,0,0,1,0,0,SE_Bt_Etc_GrifinWhistle,SE_Bt_Etc_GuuBooWhistle_only,SE_Bt_Etc_GrifinBye,2191,0,0,0,0,2,319,0,0,35,9,21,41,40,-1,1,45,70,60,1,2,20,20,20,60,9,3,60,0,0,0,False,True,False,False,False,False,False,False,False,False,False,False
150,暴龍,,0,0,0,1,0,0,SE_Bt_Etc_TRexWhistle,SE_Bt_Etc_GuuBooWhistle_only,SE_Bt_Etc_TRexBye,2126,0,0,0,0,2,319,4116,1050,0,8,19,39,40,111,1,45,30,30,1,2,56,20,20,100,0,0,60,0,0,0,False,True,False,False,False,False,False,False,False,False,False,False
151,雷迦利亞G型,,0,0,0,1,0,0,SE_Bt_Etc_CarWhistle,SE_Bt_Etc_MadoWhistle_only,SE_Bt_Etc_CarBye,2135,0,0,0,0,2,614,4138,40010,0,0,19,37,37,112,1,45,85,85,1,2,57,0,10,100,0,0,70,3,0,0,False,True,False,False,False,False,False,False,False,False,False,False
152,飛天半心椅（右）,,0,0,0,1,0,0,SE_Bt_Etc_RightHeartWhistle,SE_Bt_Etc_GuuBooWhistle_only,SE_Bt_Etc_RightHeartBye,2179,0,0,0,0,2,319,4114,16061,0,9,19,51,50,113,1,45,85,85,1,2,41,0,10,100,0,0,70,0,0,0,False,True,False,True,False,False,False,False,False,False,False,False
153,飛天半心椅（左）,,0,0,0,1,0,0,SE_Bt_Etc_RightHeartWhistle,SE_Bt_Etc_GuuBooWhistle_only,SE_Bt_Etc_RightHeartBye,2180,0,0,0,0,2,319,4115,16060,0,9,19,37,37,114,1,45,85,85,1,2,41,0,10,100,0,0,70,0,0,0,False,True,False,True,False,False,False,False,False,False,False,False
154,杜彭老師,,0,0,0,1,0,0,SE_Bt_Etc_TyuponeWhistle,SE_Bt_Etc_GuuBooWhistle_only,SE_Bt_Etc_TyuponeBye,2175,0,0,0,0,2,319,4136,7050,0,19,23,41,42,115,1,45,15,15,1,2,58,20,20,100,0,0,70,0,0,0,False,True,False,True,False,False,False,False,False,False,False,False
155,,,0,0,0,1,0,0,SE_Bt_Etc_TyuponeWhistle,SE_Bt_Etc_GuuBooWhistle_only,SE_Bt_Etc_TyuponeBye,2175,0,0,0,0,2,319,0,0,34,19,23,41,42,-1,1,45,15,15,1,2,58,20,20,100,0,0,70,0,0,0,False,True,False,False,False,False,False,False,False,False,False,False
156,空軍裝甲,,0,0,0,1,0,0,SE_Bt_Etc_AirForceWhistle,SE_Bt_Etc_GuuBooWhistle_only,SE_Bt_Etc_AirForceBye,2174,0,0,0,0,2,535,4117,11020,0,18,23,41,42,116,1,45,70,70,6,2,59,0,10,100,0,0,50,0,0,0,False,True,False,True,False,False,False,False,False,False,False,False
157,,,0,0,0,1,0,0,SE_Bt_Etc_AirForceWhistle,SE_Bt_Etc_GuuBooWhistle_only,SE_Bt_Etc_AirForceBye,2174,0,0,0,0,2,319,0,0,0,18,23,41,42,-1,1,45,70,70,6,2,59,0,10,100,0,0,50,0,0,0,False,True,False,False,False,False,False,False,False,False,False,False
158,幽夜神威,,0,0,0,1,0,0,SE_Bt_Etc_InugamiWhistle,SE_Bt_Etc_GuuBooWhistle_only,SE_Bt_Etc_InugamiBye,2195,0,0,0,0,2,552,4127,30204,0,9,19,41,42,117,1,45,85,85,1,0,44,20,10,100,0,0,70,0,0,0,False,True,False,False,False,False,False,False,False,False,False,False
159,渡渡鳥,,0,0,0,1,0,0,SE_Bt_Etc_DodoWhistle,SE_Bt_Etc_GuuBooWhistle_only,SE_Bt_Etc_DodoBye,2194,0,0,0,0,2,319,4122,1060,0,30,19,41,40,118,1,45,15,70,1,2,61,20,10,100,0,0,50,0,0,0,False,True,False,False,False,False,False,False,False,False,False,False
160,鬚鯨,,0,0,0,1,0,0,SE_Bt_Etc_KujiraWhistle,SE_Bt_Etc_GuuBooWhistle_only,SE_Bt_Etc_KujiraBye,2176,0,0,0,0,2,638,4119,7060,0,16,18,37,37,119,1,45,15,15,1,2,0,20,10,100,0,0,70,1,0,0,False,True,False,True,False,False,False,False,False,False,False,False
161,火龍,,0,0,0,1,0,0,SE_Bt_Etc_NIKUBossWhistle,SE_Bt_Etc_GuuBooWhistle_only,SE_Bt_Etc_NIKUBossBye,2257,0,0,0,0,2,564,4125,40700,0,0,24,41,44,120,1,45,15,70,1,2,62,20,10,100,0,0,50,0,0,0,False,True,False,False,False,False,False,False,False,False,False,False
162,魔導運輸器,,0,0,0,1,0,0,SE_Bt_Etc_HakaseIsuWhistle,SE_Bt_Etc_MadoWhistle_only,SE_Bt_Etc_HakaseIsuBye,2258,0,0,0,0,2,319,4123,10030,0,17,19,39,38,121,1,45,15,15,1,2,63,0,10,100,0,0,50,0,0,0,False,True,False,True,False,False,False,False,False,False,False,False
163,原型運輸器,,0,0,0,1,0,0,SE_Bt_Etc_HakaseIsuWhistle,SE_Bt_Etc_MadoWhistle_only,SE_Bt_Etc_HakaseIsuBye,2307,0,0,0,0,2,319,4124,10031,0,17,19,39,38,122,1,45,15,15,1,2,63,0,10,100,0,0,50,0,0,0,False,True,False,True,False,False,False,False,False,False,False,False
164,巨鯰魚神轎,,0,0,0,1,0,0,SE_Bt_Etc_NamazuoWhistle,SE_Bt_Etc_GuuBooWhistle_only,SE_Bt_Etc_NamazuoBye,2202,0,0,0,0,2,570,4118,4500,41,0,21,41,40,123,1,45,15,15,1,2,70,20,10,100,0,0,50,0,0,0,False,False,False,False,True,False,False,False,False,False,False,False
165,,,0,0,0,1,0,0,SE_Bt_Etc_NamazuoWhistle,SE_Bt_Etc_GuuBooWhistle_only,SE_Bt_Etc_NamazuoBye,2202,0,0,0,0,2,570,0,0,40,0,21,41,40,-1,1,45,15,15,1,2,70,20,10,100,0,0,50,0,0,0,False,False,False,False,False,False,False,False,False,False,False,False
166,絕地,,0,0,0,1,0,0,SE_Bt_Etc_SekitobaWhistle,SE_Bt_Etc_GuuBooWhistle_only,SE_Bt_Etc_SekitobaBye,2304,0,0,0,0,2,565,4126,3050,0,9,20,41,40,124,1,10,70,70,1,2,64,20,10,100,0,0,55,0,0,0,False,True,False,False,False,False,False,False,False,False,False,False
167,輸送系統,,0,0,0,1,0,0,SE_Bt_Etc_DaragabWhistle,SE_Bt_Etc_MadoWhistle_only,SE_Bt_Etc_DaragabBye,2305,0,0,0,0,2,895,4121,10502,9,17,19,39,40,125,1,45,15,15,1,0,16,0,10,100,12,4,100,0,0,0,False,True,False,True,True,False,False,False,False,False,False,False
168,護送系統,,0,0,0,1,0,0,SE_Bt_Etc_DaragabWhistle,SE_Bt_Etc_MadoWhistle_only,SE_Bt_Etc_DaragabBye,2306,0,0,0,0,2,121,4120,10503,9,17,19,39,40,126,1,45,15,15,1,0,16,0,10,100,12,4,100,0,0,0,False,True,False,True,True,False,False,False,False,False,False,False
169,,,0,0,0,1,0,0,SE_Bt_Etc_UnicornWhistle,SE_Bt_Etc_GuuBooWhistle_only,SE_Bt_Etc_UnicornBye,1952,0,0,0,0,2,319,0,0,0,9,19,41,40,-1,0,45,15,15,0,0,5,20,10,65,0,0,100,0,0,0,False,True,False,False,False,False,False,False,False,False,False,False
170,格拉尼,,0,0,0,1,0,0,SE_Bt_Etc_DarkUnicornWhistle,SE_Bt_Etc_GuuBooWhistle_only,SE_Bt_Etc_DarkUnicornBye,2268,0,0,0,0,2,319,4128,3060,0,9,19,41,40,128,1,45,70,70,1,2,69,20,10,100,0,0,50,0,0,0,False,True,False,False,False,False,False,False,False,False,False,False
171,貓大胖,,0,0,0,1,0,0,SE_Bt_Etc_DebuNekoWhistle,SE_Bt_Etc_GuuBooWhistle_only,SE_Bt_Etc_DebuNekoBye,2312,0,0,0,0,2,638,4129,3350,0,10,21,43,42,129,1,45,70,70,1,2,66,20,10,120,9,3,50,0,0,0,False,True,False,False,False,False,False,False,False,False,False,False
172,朱焰神威,,0,0,0,1,0,0,SE_Bt_Etc_InugamiWhistle,SE_Bt_Etc_GuuBooWhistle_only,SE_Bt_Etc_InugamiBye,2359,0,0,0,0,2,588,4130,30205,0,9,19,41,42,130,1,45,85,85,1,0,44,20,10,100,0,0,70,0,0,0,False,True,False,False,False,False,False,False,False,False,False,False
173,歐米茄,,0,0,0,1,0,0,SE_Bt_Etc_OmegaWhistle,SE_Bt_Etc_MadoWhistle_only,SE_Bt_Etc_OmegaBye,2360,0,0,0,0,2,589,4131,10100,0,0,21,39,37,131,1,45,15,15,3,4,67,0,10,100,9,3,70,0,0,0,False,True,False,False,False,False,False,False,False,False,False,False
174,魔導浮空裝甲,,0,0,0,1,0,0,SE_Bt_Etc_SyumitWhistle,SE_Bt_Etc_MadoWhistle_only,SE_Bt_Etc_SyumitBye,2362,0,0,0,0,2,319,4132,10040,0,17,19,41,40,132,1,45,15,15,1,2,68,0,10,100,0,0,70,0,0,0,False,True,False,True,False,False,False,False,False,False,False,False
175,魔法飛毯,,0,0,0,1,0,0,SE_Bt_Etc_JuutanWhistle,SE_Bt_Etc_GuuBooWhistle_only,SE_Bt_Etc_JuutanBye,2340,0,0,0,0,2,637,4147,16080,0,17,19,39,38,136,1,45,15,15,1,2,0,0,10,100,0,0,60,0,0,0,False,True,False,True,False,False,False,False,False,False,False,False
176,魔導機車大魔,,0,0,0,1,0,0,SE_Bt_Etc_MagunarodersWhistle,SE_Bt_Etc_MadoWhistle_only,SE_Bt_Etc_MagunarodersBye,2361,0,0,0,0,2,319,4133,10050,0,8,22,41,42,133,1,45,15,15,1,2,71,20,10,100,0,0,70,0,0,0,False,True,False,False,False,False,False,False,False,False,False,False
177,黑色胖陸行鳥,,0,0,0,1,0,0,SE_Bt_Etc_DebuCyokoboWhistle,SE_Bt_Etc_ChocoboWhistle_only,SE_Bt_Etc_DebuCyokoboBye,2385,0,0,0,0,2,193,4134,303,0,8,23,37,37,134,1,45,0,15,1,0,0,20,10,100,0,0,70,0,0,0,True,False,False,False,False,False,False,False,False,False,False,False
178,火巨人,,0,0,0,1,0,0,SE_Bt_Etc_FireIetyWhistle,SE_Bt_Etc_GuuBooWhistle_only,SE_Bt_Etc_FireIetyBye,2437,0,0,0,0,2,319,4137,1070,0,8,19,39,40,135,1,45,15,15,1,2,0,15,9,100,0,0,60,0,0,0,False,True,False,False,False,False,False,False,False,False,False,False
179,改良型魔導機車大魔,,0,0,0,1,0,0,SE_Bt_Etc_MagunarodersWhistle,SE_Bt_Etc_MadoWhistle_only,SE_Bt_Etc_MagunarodersBye,2467,0,0,0,0,2,319,4139,10051,0,8,22,41,42,137,1,45,15,15,1,2,71,20,10,100,0,0,70,0,0,0,False,True,False,False,False,False,False,False,False,False,False,False
180,帝王仙人掌怪,,0,0,0,1,0,0,SE_Bt_Etc_SabotenderWhistle,SE_Bt_Etc_GuuBooWhistle_only,SE_Bt_Etc_SabotenderBye,2406,0,0,0,0,2,703,4140,1080,0,8,17,37,37,138,1,45,15,15,1,2,73,20,10,100,9,3,50,0,0,0,False,True,False,False,False,False,False,False,False,False,False,False
181,九尾神威,,0,0,0,1,0,0,SE_Bt_Etc_KyuubiWhistle,SE_Bt_Etc_GuuBooWhistle_only,SE_Bt_Etc_KyuubiBye,2526,0,0,0,0,2,636,4141,30250,0,9,21,41,42,139,1,45,15,70,1,2,17,20,10,65,0,6,70,0,0,0,False,True,False,False,False,False,False,False,False,False,False,False
182,青君神威,,0,0,0,1,0,0,SE_Bt_Etc_InugamiWhistle,SE_Bt_Etc_GuuBooWhistle_only,SE_Bt_Etc_InugamiBye,2452,0,0,0,0,2,635,4142,30206,0,9,19,41,42,140,1,45,85,85,1,0,44,20,10,100,0,0,70,0,0,0,False,True,False,False,False,False,False,False,False,False,False,False
183,戰虎,,0,0,0,1,0,0,SE_Bt_Etc_ToraWhistle,SE_Bt_Etc_GuuBooWhistle_only,SE_Bt_Etc_ToraBye,2465,0,0,0,0,2,319,4143,3360,0,9,19,41,42,141,1,45,15,65,1,2,48,20,10,100,0,0,70,0,0,0,False,True,False,False,False,False,False,False,False,False,False,False
184,優雷卡鹽藍燕,,0,0,0,1,0,0,SE_Bt_Etc_UmiushiWhistle,SE_Bt_Etc_GuuBooWhistle_only,SE_Bt_Etc_UmiushiBye,2468,0,0,0,0,2,319,4144,7070,0,9,19,41,40,142,1,45,15,15,5,2,45,20,10,30,9,3,70,0,0,0,False,True,False,True,False,False,False,False,False,False,False,False
185,魔導復仇者寒冷地區特製型,,0,0,0,1,0,0,SE_Bt_Etc_MekagoriraWhistle,SE_Bt_Etc_MadoWhistle_only,SE_Bt_Etc_MekagoriraBye,2466,0,0,0,0,2,319,4145,10091,0,0,23,41,40,143,1,45,15,70,1,0,53,20,10,100,0,0,50,0,0,0,False,True,False,False,False,False,False,False,False,False,False,False
186,半靈奧斯瑪,,0,0,0,1,0,0,SE_Bt_Etc_OzmanWhistle,SE_Bt_Etc_GuuBooWhistle_only,SE_Bt_Etc_OzmaBye,2409,0,0,0,0,2,319,4146,11030,0,0,0,39,38,144,1,45,15,15,7,0,72,0,10,100,0,0,100,0,0,0,False,True,False,True,False,False,False,False,False,False,False,False
187,阿馬羅,,0,0,0,1,0,0,SE_Bt_Etc_RakudaDragoneWhistle,SE_Bt_Etc_GuuBooWhistle_only,SE_Bt_Etc_RakudaDragoneBye,2539,0,65537,65537,0,2,715,4156,1090,0,8,19,39,40,153,1,45,50,50,1,2,74,20,20,100,0,0,60,0,0,0,False,True,False,False,False,False,False,False,False,False,False,False
188,氣墊船,,0,0,0,1,0,0,SE_Bt_Etc_HoverWhistle,SE_Bt_Etc_MadoWhistle_only,SE_Bt_Etc_HoverBye,2458,0,0,0,0,2,702,4149,11040,0,8,18,37,37,145,1,45,15,15,1,2,0,0,10,100,0,0,60,3,0,0,True,True,False,True,False,False,False,False,False,False,False,False
189,仙子玲龍,,0,0,0,1,0,0,SE_Bt_Etc_BanshinryuuWhistle,SE_Bt_Etc_GuuBooWhistle_only,SE_Bt_Etc_BanshinryuuBye,2482,0,0,0,0,2,700,4148,30300,0,8,22,41,42,146,1,45,15,50,1,2,76,20,20,100,0,0,60,0,0,0,False,True,False,False,False,False,False,False,False,False,False,False
190,三角龍,,0,0,0,1,0,0,SE_Bt_Etc_TorikeratopusuWhistle,SE_Bt_Etc_GuuBooWhistle_only,SE_Bt_Etc_TorikeratopusuBye,2536,0,0,0,0,2,319,4150,3370,0,8,19,51,50,147,1,45,70,70,1,2,77,20,10,100,0,0,60,0,0,0,False,True,False,False,False,False,False,False,False,False,False,False
191,青蛙號M,,0,0,0,1,0,0,SE_Bt_Etc_DowarfWhistle,SE_Bt_Etc_GuuBooWhistle_only,SE_Bt_Etc_DowarfBye,2608,0,0,0,0,2,319,4151,10110,0,8,20,41,44,148,1,45,15,15,1,2,75,0,10,100,0,0,70,0,0,0,False,True,False,False,False,False,False,False,False,False,False,False
192,無瑕玲龍,,0,0,0,1,0,0,SE_Bt_Etc_BanshinryuuWhistle,SE_Bt_Etc_GuuBooWhistle_only,SE_Bt_Etc_BanshinryuuBye,2584,0,0,0,0,2,701,4153,30301,0,8,22,41,42,149,1,45,15,50,1,2,76,20,20,100,0,0,60,0,0,0,False,True,False,False,False,False,False,False,False,False,False,False
193,魔法飛床,,0,0,0,1,0,0,SE_Bt_Etc_ShroudBedWhistle,SE_Bt_Etc_GuuBooWhistle_only,SE_Bt_Etc_ShroudBedBye,2646,0,0,0,0,2,319,4152,16090,0,8,18,37,37,150,1,45,85,85,1,2,41,0,10,100,0,0,70,0,0,0,False,False,False,True,False,False,False,False,False,False,False,False
194,小惡精靈·阿里曼,,0,0,0,1,0,0,SE_Bt_Etc_AhrimanWhistle,SE_Bt_Etc_ChocoboWhistle_only,SE_Bt_Etc_AhrimanBye,2645,0,0,0,0,2,330,4154,5001,43,19,23,37,52,151,1,45,15,70,1,2,4,20,10,100,0,0,50,0,0,0,False,True,False,True,True,False,False,False,False,False,False,False
195,金斗雲,,0,0,0,1,0,0,SE_Bt_Etc_KintounWhistle,SE_Bt_Etc_GuuBooWhistle_only,SE_Bt_Etc_KintounBye,2703,0,0,0,0,2,637,4155,16011,0,16,19,37,52,152,1,45,15,15,1,2,30,20,20,100,0,0,70,0,0,0,False,True,False,True,False,False,False,False,False,False,False,False
196,,,0,0,0,1,0,0,SE_Bt_Etc_RakudaDragoneWhistle,SE_Bt_Etc_GuuBooWhistle_only,SE_Bt_Etc_RakudaDragoneBye,2539,0,65537,65537,0,2,715,0,0,0,8,19,39,40,-1,1,45,50,50,1,2,74,20,20,100,0,0,60,0,0,0,False,True,False,False,False,False,False,False,False,False,False,False
197,鬥虎,,0,0,0,1,0,0,SE_Bt_Etc_ToraWhistle,SE_Bt_Etc_GuuBooWhistle_only,SE_Bt_Etc_ToraBye,2733,0,0,0,0,2,319,4157,3361,0,9,19,41,42,154,1,45,15,65,1,2,48,20,10,100,0,0,70,0,0,0,False,True,False,False,False,False,False,False,False,False,False,False
198,,,0,0,0,1,0,0,SE_Bt_Etc_RakudaDragoneWhistle,SE_Bt_Etc_GuuBooWhistle_only,SE_Bt_Etc_RakudaDragoneBye,2539,0,65537,65537,0,2,715,0,0,0,8,19,39,40,-1,3,45,50,50,1,2,74,20,20,100,0,0,60,0,0,0,False,True,False,False,False,False,False,False,False,False,False,False
199,,,0,0,0,1,0,0,SE_Bt_Etc_AhrimanWhistle,SE_Bt_Etc_ChocoboWhistle_only,SE_Bt_Etc_AhrimanBye,2645,0,0,0,0,2,330,0,0,42,19,23,37,52,-1,0,45,15,70,1,2,4,20,10,100,0,0,50,0,0,0,False,True,False,True,False,False,False,False,False,False,False,False
200,毛爾波爾,,0,0,0,1,0,0,SE_Bt_Etc_MolbolWhistle,SE_Bt_Etc_GuuBooWhistle_only,SE_Bt_Etc_MolbolBye,2752,0,0,0,0,2,731,4158,4510,46,31,20,37,37,155,1,45,85,85,1,2,80,20,10,100,0,0,60,0,80,80,False,True,False,False,True,False,False,False,False,False,False,False
201,豬大仙,,0,0,0,1,0,0,SE_Bt_Etc_FairyOakWhistle,SE_Bt_Etc_GuuBooWhistle_only,SE_Bt_Etc_FairyOakBye,2760,0,0,0,0,2,319,4159,5040,45,18,21,43,42,156,1,45,50,50,1,2,81,20,10,100,0,0,60,0,0,0,False,True,False,True,True,False,False,False,False,False,False,False
202,厄毗米修斯,,0,0,0,1,0,0,SE_Bt_Etc_PrometeusWhistle,SE_Bt_Etc_MadoWhistle_only,SE_Bt_Etc_PrometeusBye,2761,0,0,0,0,2,730,4160,10060,0,8,20,41,44,157,1,45,15,15,1,2,79,0,10,100,0,0,60,0,0,0,False,True,False,False,False,False,False,False,False,False,False,False
203,墨諾提俄斯,,0,0,0,1,0,0,SE_Bt_Etc_PrometeusWhistle,SE_Bt_Etc_MadoWhistle_only,SE_Bt_Etc_PrometeusBye,2762,0,0,0,0,2,730,4161,10061,0,8,20,41,44,158,1,45,15,15,1,2,79,0,10,100,0,0,60,0,0,0,False,True,False,False,False,False,False,False,False,False,False,False
204,建築7號,,0,0,0,1,0,0,SE_Bt_Etc_KoboldGolemWhistle,SE_Bt_Etc_MadoWhistle_only,SE_Bt_Etc_KoboldGolemBye,2771,0,0,0,0,2,729,4162,10120,0,9,21,37,37,159,1,45,15,15,1,2,82,0,10,100,0,0,60,0,0,0,False,False,False,False,False,False,False,False,False,False,False,False
205,暗影玲龍,,0,0,0,1,0,0,SE_Bt_Etc_BanshinryuuWhistle,SE_Bt_Etc_GuuBooWhistle_only,SE_Bt_Etc_BanshinryuuBye,2772,0,0,0,0,2,728,4163,30302,0,8,22,41,42,160,1,45,15,50,1,2,76,20,20,100,0,0,60,0,0,0,False,True,False,False,False,False,False,False,False,False,False,False
206,搬運魔石精,,0,0,0,1,0,0,SE_Bt_Etc_SpriganWhistle,SE_Bt_Etc_GuuBooWhistle_only,SE_Bt_Etc_SpriganBye,2717,0,0,0,0,2,638,4164,1100,0,8,18,39,40,161,1,45,15,15,1,2,78,20,10,100,0,0,60,0,0,0,False,True,False,False,False,False,False,False,False,False,False,False
207,得到寬恕的沉默,,0,0,0,1,0,0,SE_Bt_Etc_YonsokuTenshiWhistle,SE_Bt_Etc_GuuBooWhistle_only,SE_Bt_Etc_YonsokuTenshiBye,2728,0,0,0,0,2,319,4165,3380,0,8,19,41,40,162,1,45,85,85,1,2,83,20,10,100,9,3,60,0,0,0,False,True,False,False,False,False,False,False,False,False,False,False
208,長頸駝,,0,0,0,1,0,0,SE_Bt_Etc_DhalmelWhistle,SE_Bt_Etc_GuuBooWhistle_only,SE_Bt_Etc_DhalmelBye,2726,0,0,0,0,2,319,4166,3390,0,8,18,41,40,163,1,45,85,85,1,2,84,20,10,100,0,0,60,0,80,80,False,True,False,False,False,False,False,False,False,False,False,False
209,白化黑羊,,0,0,0,1,0,0,SE_Bt_Etc_SheepWhistle,SE_Bt_Etc_GuuBooWhistle_only,SE_Bt_Etc_SheepBye,2798,0,0,0,0,2,319,4167,3400,0,9,19,41,40,164,1,45,85,85,1,2,85,20,10,100,9,3,60,0,0,0,False,True,False,False,False,False,False,False,False,False,False,False
210,,,0,0,0,1,0,0,SE_Bt_Etc_FairyOakWhistle,SE_Bt_Etc_GuuBooWhistle_only,SE_Bt_Etc_FairyOakBye,2760,0,0,0,0,2,319,0,0,44,18,21,43,42,-1,1,45,50,50,1,2,81,20,10,100,0,0,60,0,0,0,False,True,False,False,False,False,False,False,False,False,False,False
211,巫菲提,,0,0,0,1,0,0,SE_Bt_Etc_GorilaWhistle,SE_Bt_Etc_GuuBooWhistle_only,SE_Bt_Etc_GorilaBye,2838,0,0,0,0,2,319,4168,1110,0,0,23,41,40,165,1,45,85,85,1,2,53,20,10,100,12,3,50,0,0,0,False,True,False,False,False,False,False,False,False,False,False,False
212,恐爪龍,,0,0,0,1,0,0,SE_Bt_Etc_RaptorWhistle,SE_Bt_Etc_GuuBooWhistle_only,SE_Bt_Etc_RaptorBye,2725,0,0,0,0,2,319,4208,1120,0,8,19,41,40,199,1,45,70,70,1,2,101,20,10,100,0,0,60,0,80,80,False,True,False,False,False,False,False,False,False,False,False,False
213,勞動十四號,,0,0,0,1,0,0,SE_Bt_Etc_Labor8Whistle,SE_Bt_Etc_GuuBooWhistle_only,SE_Bt_Etc_Labor8Bye,2727,0,0,0,0,2,319,4175,10130,0,0,21,37,37,166,1,45,15,15,1,2,86,0,10,100,0,0,60,0,80,60,False,True,False,False,False,False,False,False,False,False,False,False
214,王孔雀,,0,0,0,1,0,0,SE_Bt_Etc_PeacockWhistle,SE_Bt_Etc_GuuBooWhistle_only,SE_Bt_Etc_PeacockBye,2799,0,0,0,0,2,638,4176,1130,47,8,21,41,40,167,1,45,15,50,1,2,87,20,10,100,0,0,60,0,80,80,False,True,False,False,True,False,False,False,False,False,False,False
215,水蛇大人的罐子,,0,0,0,1,0,0,SE_Bt_Etc_TsuchinokoWhistle,SE_Bt_Etc_GuuBooWhistle_only,SE_Bt_Etc_TsuchinokoBye,2861,0,0,0,0,2,319,4174,7080,49,18,20,39,38,168,1,45,15,15,1,2,0,0,10,100,0,0,60,0,80,80,False,True,False,True,True,False,False,False,False,False,False,False
216,無齒翼龍,,0,0,0,1,0,0,SE_Bt_Etc_PteranodonWhistle,SE_Bt_Etc_GuuBooWhistle_only,SE_Bt_Etc_PteranodonBye,2862,0,0,0,0,2,788,4169,5050,0,18,22,41,40,169,1,45,15,70,1,2,88,20,10,100,0,0,40,0,80,80,False,True,False,True,False,False,False,False,False,False,False,False
217,紅寶石玲龍,,0,0,0,1,0,0,SE_Bt_Etc_BanshinryuuWhistle,SE_Bt_Etc_GuuBooWhistle_only,SE_Bt_Etc_BanshinryuuBye,2863,0,0,0,0,2,753,4170,30303,0,8,22,41,42,170,1,45,15,50,1,2,76,20,20,100,0,0,60,0,0,0,False,True,False,False,False,False,False,False,False,False,False,False
218,弓鮫,,0,0,0,1,0,0,SE_Bt_Etc_SharkWhistle,SE_Bt_Etc_GuuBooWhistle_only,SE_Bt_Etc_SharkBye,2900,0,0,0,0,2,319,4171,7090,0,18,19,39,38,171,1,45,15,15,1,2,89,20,20,100,0,0,60,0,80,80,False,False,False,True,False,False,False,False,False,False,False,False
219,拉姆,,0,0,0,1,0,0,SE_Bt_Etc_1stRamuhWhistle,SE_Bt_Etc_GuuBooWhistle_only,SE_Bt_Etc_1stRamuhBye,2901,0,0,0,0,2,754,4172,7100,0,8,18,37,37,172,1,45,85,85,1,2,90,20,20,100,0,0,60,0,80,80,False,True,False,True,False,False,False,False,False,False,False,False
220,卡邦庫爾 紅電氣石,,0,0,0,1,0,0,SE_Bt_Etc_CarbuncleWhistle,SE_Bt_Etc_HarpieWhistle_only,SE_Bt_Etc_CarbuncleBye,2913,0,0,0,0,2,638,4173,3332,0,9,21,41,40,173,1,45,70,70,1,2,51,20,10,120,0,0,50,0,0,0,False,True,False,False,False,False,False,False,False,False,False,False
221,,,0,0,0,1,0,0,SE_Bt_Etc_TsuchinokoWhistle,SE_Bt_Etc_GuuBooWhistle_only,SE_Bt_Etc_TsuchinokoBye,2861,0,0,0,0,2,319,0,0,48,18,20,39,38,-1,1,45,15,15,1,2,0,0,10,100,0,0,60,0,80,80,False,True,False,False,False,False,False,False,False,False,False,False
222,陸行鳥篷車,,0,0,0,1,0,0,SE_Bt_Etc_CCarriageWhistle,SE_Bt_Etc_ChocoboWhistle_only,SE_Bt_Etc_CCarriageBye,2949,0,0,0,0,2,62,4177,210,0,8,17,37,37,175,1,5,15,15,1,2,0,20,10,100,0,0,60,3,80,80,False,True,False,False,False,False,False,False,False,False,False,False
223,矮人戰車,,0,0,0,1,0,0,SE_Bt_Etc_DTankWhistle,SE_Bt_Etc_MadoWhistle_only,SE_Bt_Etc_DTankBye,2950,0,0,0,0,2,319,4178,10140,51,0,18,37,37,176,1,45,15,15,1,2,0,0,10,100,0,0,100,0,80,80,False,True,False,False,True,False,False,False,False,False,False,False
224,加百列α,,0,0,0,1,0,0,SE_Bt_Etc_ZeroGabrielWhistle,SE_Bt_Etc_MadoWhistle_only,SE_Bt_Etc_ZeroGabrieBye,2951,0,0,0,0,2,779,4179,11050,0,17,21,59,37,177,1,45,15,15,1,2,91,0,10,100,0,0,60,0,80,80,False,False,False,True,False,False,False,False,False,False,False,False
225,碩山羊,,0,0,0,1,0,0,SE_Bt_Etc_GazelleWhistle,SE_Bt_Etc_GuuBooWhistle_only,SE_Bt_Etc_GazelleBye,2952,0,0,0,0,2,319,4180,3410,0,8,19,39,40,178,1,45,85,85,1,2,92,20,10,100,0,0,60,0,80,80,False,True,False,False,False,False,False,False,False,False,False,False
226,光之玲龍,,0,0,0,1,0,0,SE_Bt_Etc_BanshinryuuWhistle,SE_Bt_Etc_GuuBooWhistle_only,SE_Bt_Etc_BanshinryuuBye,2976,0,0,0,0,2,778,4181,30304,0,8,22,41,42,179,1,45,15,50,1,2,76,20,20,100,0,0,60,0,0,0,False,True,False,False,False,False,False,False,False,False,False,False
227,,,0,0,0,1,0,0,SE_Bt_Etc_DTankWhistle,SE_Bt_Etc_MadoWhistle_only,SE_Bt_Etc_DTankBye,2950,0,0,0,0,2,319,0,0,50,0,18,37,37,-1,1,45,15,15,1,2,0,0,10,100,0,0,100,0,80,80,False,True,False,False,False,False,False,False,False,False,False,False
228,吉胖喵沙發,,0,0,0,1,0,0,SE_Bt_Etc_YKWChairWhistle,SE_Bt_Etc_GuuBooWhistle_only,SE_Bt_Etc_YKWChairBye,2974,0,0,0,0,2,319,4182,40502,0,17,19,41,40,180,1,45,15,15,1,2,94,0,10,100,0,0,60,0,80,80,False,True,False,True,False,False,False,False,False,False,False,False
229,改良型魔導運輸器,,0,0,0,1,0,0,SE_Bt_Etc_HakaseIsuWhistle,SE_Bt_Etc_MadoWhistle_only,SE_Bt_Etc_HakaseIsuBye,3005,0,0,0,0,2,319,4183,10032,0,17,19,39,38,181,1,45,15,15,1,2,63,0,10,100,0,0,50,0,0,0,False,True,False,True,False,False,False,False,False,False,False,False
230,艾爾·圖,,0,0,0,1,0,0,SE_Bt_Etc_ErtoWhistle,SE_Bt_Etc_GuuBooWhistle_only,SE_Bt_Etc_ErtoBye,2975,0,0,0,0,2,319,4184,1140,0,8,20,41,40,182,1,45,15,50,1,2,93,20,20,100,0,0,60,0,80,80,False,True,False,False,False,False,False,False,False,False,False,False
231,英西塔土斯,,0,0,0,1,0,0,SE_Bt_Etc_UnicornWhistle,SE_Bt_Etc_GuuBooWhistle_only,SE_Bt_Etc_UnicornBye,3006,0,0,0,0,2,319,4185,30010,0,9,19,41,40,183,1,45,70,70,1,2,5,20,10,65,0,0,70,0,0,0,False,True,False,False,False,False,False,False,False,False,False,False
232,雪人,,0,0,0,1,0,0,SE_Bt_Etc_SnowmanWhistle,SE_Bt_Etc_GuuBooWhistle_only,SE_Bt_Etc_SnowmanBye,3043,0,0,0,0,2,319,4186,15010,0,8,19,37,37,174,1,45,15,15,1,2,96,0,10,100,0,0,60,0,80,80,False,False,False,False,False,False,False,False,False,False,False,False
233,真月魔導鯨,,0,0,0,1,0,0,SE_Bt_Etc_FF4MadosenWhistle,SE_Bt_Etc_MadoWhistle_only,SE_Bt_Etc_FF4MadosenBye,3044,0,0,0,0,2,805,4187,11060,0,16,17,37,37,184,1,45,15,15,1,2,0,0,10,100,0,0,60,7,80,80,False,False,False,True,False,False,False,False,False,False,False,False
234,伊甸,,0,0,0,1,0,0,SE_Bt_Etc_EdenPrimelWhistle,SE_Bt_Etc_MadoWhistle_only,SE_Bt_Etc_EdenPrimeBye,3045,0,0,0,0,2,804,4188,11070,52,17,18,63,62,185,1,45,15,15,1,2,97,0,10,100,0,0,60,0,80,80,False,True,False,True,True,False,False,False,False,False,False,False
235,地獄三頭犬,,0,0,0,1,0,0,SE_Bt_Etc_CerberusWhistle,SE_Bt_Etc_GuuBooWhistle_only,SE_Bt_Etc_CerberusBye,3046,0,0,0,0,2,779,4189,3420,0,8,19,37,37,186,1,45,70,70,1,2,95,20,20,100,0,0,60,3,80,80,False,True,False,False,False,False,False,False,False,False,False,False
236,大殼蟹,,0,0,0,1,0,0,SE_Bt_Etc_FF11CrabWhistle,SE_Bt_Etc_GuuBooWhistle_only,SE_Bt_Etc_FF11CrabBye,3047,0,0,0,0,2,319,4190,3430,0,8,17,41,40,187,1,45,15,15,1,2,98,20,20,100,0,0,60,0,80,80,False,True,False,False,False,False,False,False,False,False,False,False
237,阿里翁,,0,0,0,1,0,0,SE_Bt_Etc_6LeggedHorseWhistle,SE_Bt_Etc_GuuBooWhistle_only,SE_Bt_Etc_6LeggedHorseBye,3099,0,0,0,0,2,895,4191,3070,0,9,19,41,40,188,1,45,70,70,1,2,99,20,10,100,0,0,55,0,80,80,False,True,False,False,False,False,False,False,False,False,False,False
238,綠寶石玲龍,,0,0,0,1,0,0,SE_Bt_Etc_BanshinryuuWhistle,SE_Bt_Etc_GuuBooWhistle_only,SE_Bt_Etc_BanshinryuuBye,3100,0,0,0,0,2,803,4192,30305,0,8,22,41,42,189,1,45,15,50,1,2,76,20,20,100,0,0,60,0,0,0,False,True,False,False,False,False,False,False,False,False,False,False
239,原型魔導機車大魔,,0,0,0,1,0,0,SE_Bt_Etc_MagunarodersWhistle,SE_Bt_Etc_MadoWhistle_only,SE_Bt_Etc_MagunarodersBye,3101,0,0,0,0,2,319,4193,10052,0,8,22,41,42,190,1,45,15,15,1,2,71,20,10,100,0,0,70,0,0,0,False,True,False,False,False,False,False,False,False,False,False,False
240,巧克力小妖,,0,0,0,1,0,0,SE_Bt_Etc_MarimokunWhistle,SE_Bt_Etc_GuuBooWhistle_only,SE_Bt_Etc_MarimokunBye,3102,0,0,0,0,2,319,4194,1041,0,8,19,37,38,191,1,45,15,70,1,2,54,20,10,120,0,0,40,0,0,0,False,True,False,False,False,False,False,False,False,False,False,False
241,加百列III號機,,0,0,0,1,0,0,SE_Bt_Etc_ZeroGabrielWhistle,SE_Bt_Etc_MadoWhistle_only,SE_Bt_Etc_ZeroGabrieBye,3103,0,0,0,0,2,779,4195,11051,0,17,21,59,37,192,1,45,15,15,1,2,91,0,10,100,0,0,60,0,80,80,False,False,False,True,False,False,False,False,False,False,False,False
242,雌羚羊,,0,0,0,1,0,0,SE_Bt_Etc_YackleFWhistle,SE_Bt_Etc_GuuBooWhistle_only,SE_Bt_Etc_YackleFBye,3104,0,0,0,0,2,319,4197,3440,0,8,17,39,38,203,1,45,70,70,1,2,1,20,10,100,0,0,55,0,80,80,False,True,False,False,False,False,False,False,False,False,False,False
243,雄羚羊,,0,0,0,1,0,0,SE_Bt_Etc_YackleMWhistle,SE_Bt_Etc_GuuBooWhistle_only,SE_Bt_Etc_YackleMBye,3105,0,0,0,0,2,319,4198,3441,0,8,17,39,38,204,1,45,70,70,1,2,1,20,10,100,0,0,55,0,80,80,False,True,False,False,False,False,False,False,False,False,False,False
244,,,0,0,0,1,0,0,SE_Bt_Etc_MadoWhistle,SE_Bt_Etc_MadoWhistle_only,SE_Bt_Etc_MadoBye,2,0,524289,0,0,2,121,0,0,0,30,23,41,40,-1,0,45,0,15,0,0,0,0,10,77,0,0,70,0,0,0,False,True,False,False,False,False,False,False,False,False,False,False
245,黑鋼機龍連達巴非,,0,0,0,1,0,0,SE_Bt_Etc_MechDragonWhistle,SE_Bt_Etc_MadoWhistle_only,SE_Bt_Etc_MechDragonBye,3115,0,0,0,0,2,813,4199,30350,0,8,21,43,44,200,1,45,15,15,1,2,100,0,10,100,0,0,70,1,80,80,False,True,False,False,False,False,False,False,False,False,False,False
246,王冠號,,0,0,0,1,0,0,SE_Bt_Etc_Bike12Whistle,SE_Bt_Etc_MadoWhistle_only,SE_Bt_Etc_Bike12Bye,3171,0,0,0,0,2,779,4200,10230,0,9,19,37,37,201,1,45,15,15,1,2,0,0,10,100,0,0,70,1,80,80,False,True,False,True,False,False,False,False,False,False,False,False
247,巡航驅逐者,,0,0,0,1,0,0,SE_Bt_Etc_CChaserWhistle,SE_Bt_Etc_MadoWhistle_only,SE_Bt_Etc_CChaserBye,3172,0,0,0,0,2,812,4201,10610,0,17,26,61,40,202,1,45,15,15,1,2,102,0,10,100,0,0,70,1,80,80,False,True,False,True,False,False,False,False,False,False,False,False
248,建築06S號,,0,0,0,1,0,0,SE_Bt_Etc_KoboldGolemWhistle,SE_Bt_Etc_MadoWhistle_only,SE_Bt_Etc_KoboldGolemBye,3175,0,0,0,0,2,319,4196,10121,0,9,21,37,37,193,1,45,15,15,1,2,82,0,10,100,0,0,60,0,0,0,False,False,False,False,False,False,False,False,False,False,False,False
249,鑽石玲龍,,0,0,0,1,0,0,SE_Bt_Etc_BanshinryuuWhistle,SE_Bt_Etc_GuuBooWhistle_only,SE_Bt_Etc_BanshinryuuBye,3235,0,0,0,0,2,811,4209,30306,0,8,22,41,42,194,1,45,15,50,1,2,76,20,20,100,0,0,60,0,0,0,False,True,False,False,False,False,False,False,False,False,False,False
250,極地熊,,0,0,0,1,0,0,SE_Bt_Etc_XmasKumaWhistle,SE_Bt_Etc_GuuBooWhistle_only,SE_Bt_Etc_XmasKumaBye,3236,0,0,0,0,2,319,4210,3254,53,9,19,41,38,195,1,45,15,70,1,2,9,20,10,65,12,3,70,0,0,0,False,True,False,False,True,False,False,False,False,False,False,False
251,,,0,0,0,1,0,0,SE_Bt_Etc_MadoWhistle,SE_Bt_Etc_MadoWhistle_only,SE_Bt_Etc_MadoBye,1059,0,65537,0,0,2,121,0,0,0,30,23,41,40,-1,0,45,0,15,0,0,0,0,10,77,0,0,70,0,0,0,False,True,False,False,False,False,False,False,False,False,False,False
252,巨鯰魚金轎,,0,0,0,1,0,0,SE_Bt_Etc_NamazuoWhistle,SE_Bt_Etc_GuuBooWhistle_only,SE_Bt_Etc_NamazuoBye,3237,0,0,0,0,2,570,4211,4501,41,0,21,41,40,196,1,45,15,15,1,2,70,20,10,100,0,0,50,0,0,0,False,False,False,False,True,False,False,False,False,False,False,False
253,金蛇大人的罐子,,0,0,0,1,0,0,SE_Bt_Etc_TsuchinokoWhistle,SE_Bt_Etc_GuuBooWhistle_only,SE_Bt_Etc_TsuchinokoBye,3238,0,0,0,0,2,815,4212,7081,49,18,20,39,38,197,1,45,15,15,1,2,0,0,10,100,0,0,60,0,80,80,False,True,False,True,True,False,False,False,False,False,False,False
254,魔法幻卡,,0,0,0,1,0,0,SE_Bt_Etc_TTCWhistle,SE_Bt_Etc_GuuBooWhistle_only,SE_Bt_Etc_TTCBye,3239,0,0,0,0,2,814,4213,16100,0,16,18,39,40,198,1,45,15,15,1,2,103,0,10,100,0,0,60,0,80,80,False,True,False,True,False,False,False,False,False,False,False,False
255,海島曼德拉草,,0,0,0,1,0,0,SE_Bt_Etc_Mount_Mandragora_call,SE_Bt_Etc_GuuBooWhistle_only,SE_Bt_Etc_Mount_Mandragora_bye,3229,0,0,0,0,2,943,4202,1150,0,8,18,41,40,238,1,45,15,15,1,2,1,20,10,100,0,0,60,0,80,80,False,True,False,False,False,False,False,False,False,False,False,False
256,海島洋蔥王子,,0,0,0,1,0,0,SE_Bt_Etc_Mount_Mandragora_call,SE_Bt_Etc_GuuBooWhistle_only,SE_Bt_Etc_Mount_Mandragora_bye,3230,0,0,0,0,2,943,4203,1151,0,8,18,41,40,239,1,45,15,15,1,2,1,20,10,100,0,0,60,0,80,80,False,True,False,False,False,False,False,False,False,False,False,False
257,海島茄子騎士,,0,0,0,1,0,0,SE_Bt_Etc_Mount_Mandragora_call,SE_Bt_Etc_GuuBooWhistle_only,SE_Bt_Etc_Mount_Mandragora_bye,3231,0,0,0,0,2,943,4204,1152,0,8,18,41,40,240,1,45,15,15,1,2,1,20,10,100,0,0,60,0,80,80,False,True,False,False,False,False,False,False,False,False,False,False
258,海島蒜頭明星,,0,0,0,1,0,0,SE_Bt_Etc_Mount_Mandragora_call,SE_Bt_Etc_GuuBooWhistle_only,SE_Bt_Etc_Mount_Mandragora_bye,3232,0,0,0,0,2,943,4205,1153,0,8,18,41,40,241,1,45,15,15,1,2,1,20,10,100,0,0,60,0,80,80,False,True,False,False,False,False,False,False,False,False,False,False
259,海島番茄國王,,0,0,0,1,0,0,SE_Bt_Etc_Mount_Mandragora_call,SE_Bt_Etc_GuuBooWhistle_only,SE_Bt_Etc_Mount_Mandragora_bye,3233,0,0,0,0,2,943,4206,1154,0,8,18,41,40,242,1,45,15,15,1,2,1,20,10,100,0,0,60,0,80,80,False,True,False,False,False,False,False,False,False,False,False,False
260,海島曼德拉王后,,0,0,0,1,0,0,SE_Bt_Etc_Mount_Mandragora_call,SE_Bt_Etc_GuuBooWhistle_only,SE_Bt_Etc_Mount_Mandragora_bye,3234,0,0,0,0,2,943,4207,1155,0,8,18,41,40,243,1,45,15,15,1,2,1,20,10,100,0,0,60,0,80,80,False,True,False,False,False,False,False,False,False,False,False,False
261,永暗猞猁,,0,0,0,1,0,0,SE_Bt_Etc_Mount_Maju_call,SE_Bt_Etc_GuuBooWhistle_only,SE_Bt_Etc_Mount_Maju_bye,3240,0,0,0,0,2,889,4214,30400,0,9,21,41,42,205,1,45,70,70,1,2,1,20,10,100,0,0,60,0,80,80,False,True,False,False,False,False,False,False,False,False,False,False
262,聖光猞猁,,0,0,0,1,0,0,SE_Bt_Etc_Mount_Maju_call,SE_Bt_Etc_GuuBooWhistle_only,SE_Bt_Etc_Mount_Maju_bye,3418,0,0,0,0,2,890,4215,30401,0,9,21,41,42,206,1,45,70,70,1,2,1,20,10,100,0,0,60,0,80,80,False,True,False,False,False,False,False,False,False,False,False,False
263,阿爾戈斯,,0,0,0,1,0,0,SE_Bt_Etc_Mount_MoonDog_call,SE_Bt_Etc_GuuBooWhistle_only,SE_Bt_Etc_Mount_MoonDog_bye,3241,0,0,0,0,2,895,4216,3450,0,8,19,39,38,207,1,45,70,70,1,2,0,20,10,100,0,0,60,0,80,80,False,True,False,False,False,False,False,False,False,False,False,False
264,恐慌裝甲,,0,0,0,1,0,0,SE_Bt_Etc_Mount_Dread_call,SE_Bt_Etc_MadoWhistle_only,SE_Bt_Etc_Mount_Dread_bye,3280,0,0,0,0,2,895,4217,10150,0,30,22,41,42,208,1,45,15,15,1,2,104,0,10,100,0,0,60,0,80,80,False,True,False,False,False,False,False,False,False,False,False,False
265,亞靈菲尼克斯,,0,0,0,1,0,0,SE_Bt_Etc_Mount_Phoenix_call,SE_Bt_Etc_GuuBooWhistle_only,SE_Bt_Etc_Mount_Phoenix_bye,3281,0,0,0,0,2,891,4218,5060,0,18,19,37,37,209,1,45,70,70,1,2,105,20,10,100,0,0,60,0,80,80,False,True,False,True,False,False,False,False,False,False,False,False
266,卡呂冬堤斯,,0,0,0,1,0,0,SE_Bt_Etc_Mount_Boar_call,SE_Bt_Etc_GuuBooWhistle_only,SE_Bt_Etc_Mount_Boar_bye,3282,0,0,0,0,2,895,4219,3460,0,8,21,41,44,210,1,45,70,70,1,2,1,20,10,100,0,0,60,0,80,80,False,True,False,False,False,False,False,False,False,False,False,False
267,優勝犬,,0,0,0,1,0,0,SE_Bt_Etc_Mount_Bulldog_call,SE_Bt_Etc_GuuBooWhistle_only,SE_Bt_Etc_Mount_Bulldog_bye,3283,0,0,0,0,2,895,4220,3470,0,8,21,41,44,211,1,45,70,70,1,2,1,20,10,100,0,0,60,0,80,80,False,True,False,False,False,False,False,False,False,False,False,False
268,等級檢測儀,,0,0,0,1,0,0,SE_Bt_Etc_Mount_LvChecker_call,SE_Bt_Etc_MadoWhistle_only,SE_Bt_Etc_Mount_LvChecker_bye,3284,0,0,0,0,2,895,4221,10160,0,8,23,37,37,212,1,45,15,15,1,2,107,0,10,100,0,0,60,0,80,80,False,True,False,False,False,False,False,False,False,False,False,False
269,猴面雀爸爸,,0,0,0,1,0,0,SE_Bt_Etc_Mount_Paissa_call,SE_Bt_Etc_GuuBooWhistle_only,SE_Bt_Etc_Mount_Paissa_bye,3285,0,0,0,0,2,638,4222,1160,55,8,19,37,37,213,1,45,15,15,1,2,106,20,10,100,0,0,60,0,80,80,False,False,False,False,True,False,False,False,False,False,False,False
270,,,0,0,0,1,0,0,SE_Bt_Etc_TwinTaniaWhistle,SE_Bt_Etc_GuuBooWhistle_only,SE_Bt_Etc_TwinTaniaBye,1412,0,0,0,0,2,0,0,0,0,8,21,39,38,-1,1,45,15,50,1,2,25,20,20,120,9,3,60,0,0,0,False,True,False,False,False,False,False,False,True,False,False,False
271,,,0,0,0,1,0,0,SE_Bt_Etc_Bike12Whistle,SE_Bt_Etc_MadoWhistle_only,SE_Bt_Etc_Bike12Bye,3171,0,0,0,0,2,0,0,0,0,9,19,37,37,-1,1,45,15,15,1,2,0,0,10,100,0,0,70,1,80,80,False,True,False,True,False,False,False,False,True,False,False,False
272,,,0,0,0,1,0,0,SE_Bt_Etc_MadoWhistle,SE_Bt_Etc_MadoWhistle_only,SE_Bt_Etc_MadoBye,3416,0,65539,0,0,2,895,0,0,54,30,23,41,40,-1,0,45,0,15,0,0,0,0,10,77,0,0,70,0,0,0,False,True,False,False,False,False,False,True,False,False,False,False
273,犀蜴,,0,0,0,1,0,0,SE_Bt_Etc_Mount_FF11Wivre_call,SE_Bt_Etc_GuuBooWhistle_only,SE_Bt_Etc_Mount_FF11Wivre_bye,3419,0,0,0,0,2,895,4223,3480,0,8,19,51,50,214,1,45,70,70,1,2,77,20,10,100,0,0,60,0,0,0,False,True,False,False,False,False,False,False,False,False,False,False
274,仙子豬大王,,0,0,0,1,0,0,SE_Bt_Etc_FairyOakWhistle,SE_Bt_Etc_GuuBooWhistle_only,SE_Bt_Etc_FairyOakBye,3420,0,0,0,0,2,895,4224,5041,45,18,21,43,42,215,1,45,50,50,1,2,81,20,10,100,0,0,60,0,0,0,False,True,False,True,True,False,False,False,False,False,False,False
275,,,0,0,0,1,0,0,SE_Bt_Etc_DodoWhistle,SE_Bt_Etc_GuuBooWhistle_only,SE_Bt_Etc_DodoBye,3553,0,0,0,0,2,895,0,0,0,30,19,41,40,-1,1,45,15,70,1,2,61,20,10,100,0,0,50,0,0,0,False,True,False,False,False,False,False,False,False,False,False,False
276,,,0,0,0,0,0,0,,,,0,0,0,0,0,0,0,0,0,0,0,0,0,0,0,0,0,0,0,0,0,0,0,0,0,0,0,0,0,0,0,False,False,False,False,False,False,False,False,False,False,False,False
277,加隆德GL-II,,0,0,0,1,0,0,SE_Bt_Etc_Mount_AmericanBike_call,SE_Bt_Etc_MadoWhistle_only,SE_Bt_Etc_Mount_AmericanBike_bye,3470,0,0,0,0,2,943,4235,10190,0,9,19,38,39,237,1,20,15,15,1,2,116,0,10,100,0,0,60,0,80,80,False,True,False,False,False,False,False,False,False,False,False,False
278,,,0,0,0,0,0,0,,,,0,0,0,0,0,0,0,0,0,0,0,0,0,0,0,0,0,0,0,0,0,0,0,0,0,0,0,0,0,0,0,False,False,False,False,False,False,False,False,False,False,False,False
279,機巧蓮座,,0,0,0,1,0,0,SE_Bt_Etc_Mount_Lotus_call,SE_Bt_Etc_GuuBooWhistle_only,SE_Bt_Etc_Mount_Lotus_bye,3472,0,0,0,0,2,638,4098,16110,0,16,17,41,40,216,1,45,15,15,1,2,110,0,10,100,0,0,60,0,80,80,False,True,False,True,False,False,False,False,False,False,False,False
280,菲爾亞,,0,0,0,1,0,0,SE_Bt_Etc_Mount_ColorDragon_call,SE_Bt_Etc_GuuBooWhistle_only,SE_Bt_Etc_Mount_ColorDragon_bye,3473,0,0,0,0,2,895,4225,3490,0,8,22,41,40,217,1,45,70,70,1,2,109,20,10,100,0,0,60,0,80,80,False,True,False,False,False,False,False,False,False,False,False,False
281,阿爾科諾斯特,,0,0,0,1,0,0,SE_Bt_Etc_Mount_Peryton_call,SE_Bt_Etc_GuuBooWhistle_only,SE_Bt_Etc_Mount_Peryton_bye,3474,0,0,0,0,2,895,4226,1170,0,8,18,41,40,218,1,45,70,70,1,2,111,20,10,100,0,0,60,0,80,80,False,True,False,False,False,False,False,False,False,False,False,False
282,海島水牛,,0,0,0,1,0,0,SE_Bt_Etc_Mount_Kujata_call,SE_Bt_Etc_GuuBooWhistle_only,SE_Bt_Etc_Mount_Kujata_bye,3496,0,0,0,0,2,943,4265,3500,0,8,18,41,40,262,1,45,70,70,1,2,124,20,10,100,0,0,60,0,80,80,False,True,False,False,False,False,False,False,False,False,False,False
283,腕龍,,0,0,0,1,0,0,SE_Bt_Etc_Mount_Brachioraidos_call,SE_Bt_Etc_GuuBooWhistle_only,SE_Bt_Etc_Mount_Brachioraidos_bye,3497,0,0,0,0,2,895,4304,3640,0,8,18,41,40,302,1,45,70,70,1,2,142,20,10,100,0,0,60,0,80,80,False,True,False,False,False,False,False,False,False,False,False,False
284,輔助機602,,0,0,0,1,0,0,SE_Bt_Etc_Mount_YTCPod_call,SE_Bt_Etc_MadoWhistle_only,SE_Bt_Etc_Mount_YTCPod_bye,3544,0,0,0,0,2,919,4227,40800,0,19,21,37,37,219,1,45,50,50,1,2,0,0,10,100,0,0,60,0,80,80,False,False,False,True,False,False,False,False,False,False,False,False
285,月面躍動機,,0,0,0,1,0,0,SE_Bt_Etc_Mount_BuildSupporter_call,SE_Bt_Etc_MadoWhistle_only,SE_Bt_Etc_Mount_BuildSupporter_bye,3567,0,0,0,0,2,895,4245,11080,63,17,20,39,42,245,1,45,15,15,1,2,120,0,10,100,0,0,60,0,80,80,False,True,False,True,True,False,False,False,False,False,False,False
286,海島短吻鱷,,0,0,0,1,0,0,SE_Bt_Etc_Mount_Crocodile_call,SE_Bt_Etc_GuuBooWhistle_only,SE_Bt_Etc_Mount_Crocodile_bye,3568,0,0,0,0,2,943,4255,3510,0,0,17,37,37,254,1,45,70,70,1,2,119,20,10,100,0,0,60,0,80,80,False,True,False,False,False,False,False,False,False,False,False,False
287,河馬車,,0,0,0,1,0,0,SE_Bt_Etc_Mount_HippoCar_call,SE_Bt_Etc_GuuBooWhistle_only,SE_Bt_Etc_Mount_HippoCar_bye,3569,0,0,0,0,2,895,4228,3520,57,0,18,39,38,220,1,5,70,70,1,2,0,20,10,100,0,0,60,0,80,80,False,True,False,False,True,False,False,False,False,False,False,False
288,巨怪,,0,0,0,1,0,0,SE_Bt_Etc_Mount_Troll_call,SE_Bt_Etc_GuuBooWhistle_only,SE_Bt_Etc_Mount_Troll_bye,3570,0,0,0,0,2,895,4229,1180,0,8,19,39,40,221,1,45,15,15,1,2,0,15,9,100,0,0,60,0,80,80,False,True,False,False,False,False,False,False,False,False,False,False
289,,,0,0,0,1,0,0,SE_Bt_Etc_MadoWhistle,SE_Bt_Etc_MadoWhistle_only,SE_Bt_Etc_MadoBye,2,0,131073,0,0,2,121,0,0,3,30,23,41,40,-1,0,45,0,15,0,0,0,0,10,77,0,0,70,0,0,0,False,True,False,False,False,False,False,False,False,False,False,False
290,不明飛行物體？,,0,0,0,1,0,0,SE_Bt_Etc_Mount_FF8-UFO_call,SE_Bt_Etc_MadoWhistle_only,SE_Bt_Etc_Mount_FF8-UFO_bye,3597,0,0,0,0,2,895,4230,11090,0,16,17,37,37,222,1,45,15,15,1,2,0,0,10,100,0,0,60,0,80,80,False,False,False,True,False,False,False,False,False,False,False,False
291,醋蠍龍,,0,0,0,1,0,0,SE_Bt_Etc_Mount_Biter_call,SE_Bt_Etc_GuuBooWhistle_only,SE_Bt_Etc_Mount_Biter_bye,3580,0,0,0,0,2,895,4231,1190,0,8,19,39,40,223,1,45,30,30,1,2,56,20,20,100,0,0,60,0,0,0,False,True,False,False,False,False,False,False,False,False,False,False
292,正統裂鉗蟹,,0,0,0,1,0,0,SE_Bt_Etc_Mount_HorseshoeCrab_call,SE_Bt_Etc_GuuBooWhistle_only,SE_Bt_Etc_Mount_HorseshoeCrab_bye,3598,0,0,0,0,2,895,4232,3530,0,0,20,37,37,224,1,45,15,15,1,2,113,20,10,100,0,0,60,0,80,80,False,True,False,False,False,False,False,False,False,False,False,False
293,藍羽猞猁,,0,0,0,1,0,0,SE_Bt_Etc_Mount_Maju_call,SE_Bt_Etc_GuuBooWhistle_only,SE_Bt_Etc_Mount_Maju_bye,3596,0,0,0,0,2,917,4233,30402,0,9,21,41,42,225,1,45,70,70,1,2,1,20,10,100,0,0,60,0,80,80,False,True,False,False,False,False,False,False,False,False,False,False
294,大大柴,,0,0,0,1,0,0,SE_Bt_Etc_Mount_Shiba_call,SE_Bt_Etc_GuuBooWhistle_only,SE_Bt_Etc_Mount_Shiba_bye,3495,0,0,0,0,2,638,4234,3540,58,9,19,39,38,226,1,45,70,70,1,2,112,20,10,100,0,0,60,0,80,80,False,True,False,False,True,False,False,False,False,False,False,False
295,,,0,0,0,1,0,0,SE_Bt_Etc_Mount_HippoCar_call,SE_Bt_Etc_GuuBooWhistle_only,SE_Bt_Etc_Mount_HippoCar_bye,3569,0,0,0,0,2,895,0,0,0,0,18,39,38,-1,0,45,0,15,0,0,0,20,10,100,0,0,60,0,0,0,False,True,False,False,False,False,False,False,False,False,False,False
296,,,0,0,0,1,0,0,SE_Bt_Etc_Mount_HippoCar_call,SE_Bt_Etc_GuuBooWhistle_only,SE_Bt_Etc_Mount_HippoCar_bye,3569,0,0,0,0,2,895,0,0,56,0,18,39,38,-1,1,5,70,70,1,2,0,20,10,100,0,0,60,0,80,80,False,True,False,False,False,False,False,False,False,False,False,False
297,旅行協助機,,0,0,0,1,0,0,SE_Bt_Etc_Mount_MainteRobo_call,SE_Bt_Etc_MadoWhistle_only,SE_Bt_Etc_Mount_MainteRobo_bye,3631,0,0,0,0,2,895,4264,10170,0,9,23,37,42,227,1,45,15,15,1,2,114,0,10,100,0,0,60,0,80,80,False,True,False,False,False,False,False,False,False,False,False,False
298,繆·繆咻,,0,0,0,1,0,0,SE_Bt_Etc_Mount_SpaceJellyfish_call,SE_Bt_Etc_GuuBooWhistle_only,SE_Bt_Etc_Mount_SpaceJellyfish_bye,3638,0,0,0,0,2,895,4236,7110,60,18,23,37,37,228,1,45,70,70,1,2,118,20,10,100,0,0,60,0,80,80,False,True,False,True,True,False,False,False,False,False,False,False
299,幻奇獵鷹,,0,0,0,1,0,0,SE_Bt_Etc_BirdWhistle,SE_Bt_Etc_GuuBooWhistle_only,SE_Bt_Etc_BirdBye,3639,0,0,0,0,2,895,4237,30110,0,8,23,41,40,229,1,45,15,70,1,2,28,20,10,90,0,0,50,0,0,0,False,True,False,False,False,False,False,False,False,False,False,False
300,魔法雨傘,,0,0,0,1,0,0,SE_Bt_Etc_Mount_Umbrella_call,SE_Bt_Etc_GuuBooWhistle_only,SE_Bt_Etc_Mount_Umbrella_bye,3651,0,0,0,0,2,638,4238,16120,0,16,16,37,37,230,1,5,15,15,1,2,115,0,10,100,0,0,60,0,80,80,False,False,False,True,False,False,False,False,False,False,False,False
301,魔法陽傘,,0,0,0,1,0,0,SE_Bt_Etc_Mount_Umbrella_call,SE_Bt_Etc_GuuBooWhistle_only,SE_Bt_Etc_Mount_Umbrella_bye,3688,0,0,0,0,2,638,4239,16130,0,16,16,37,37,231,1,5,15,15,1,2,115,0,10,100,0,0,60,0,80,80,False,False,False,True,False,False,False,False,False,False,False,False
302,幻象閃電,,0,0,0,1,0,0,SE_Bt_Etc_Mount_Reindeer_call,SE_Bt_Etc_GuuBooWhistle_only,SE_Bt_Etc_Mount_Reindeer_bye,3670,0,0,0,0,2,895,4240,3550,61,8,17,39,38,232,1,45,70,70,1,2,1,20,10,100,0,0,60,0,80,80,False,True,False,False,True,False,False,False,False,False,False,False
303,希拉狄哈王座,,0,0,0,1,0,0,SE_Bt_Etc_Mount_VVDChair_call,SE_Bt_Etc_GuuBooWhistle_only,SE_Bt_Etc_Mount_VVDChair_bye,3671,0,0,0,0,2,945,4243,16070,0,17,19,39,40,233,1,45,15,15,1,2,52,0,10,100,0,0,70,0,0,0,False,True,False,True,False,False,False,False,False,False,False,False
304,羽衣精,,0,0,0,1,0,0,SE_Bt_Etc_Mount_NanaFamiliar_call,SE_Bt_Etc_GuuBooWhistle_only,SE_Bt_Etc_Mount_NanaFamiliar_bye,3654,0,0,0,0,2,944,4244,3560,0,8,17,41,40,234,1,45,70,70,1,2,1,20,10,100,0,0,60,0,80,80,False,True,False,False,False,False,False,False,False,False,False,False
305,炎靈獸,,0,0,0,1,0,0,SE_Bt_Etc_Mount_FlameBeast_call,SE_Bt_Etc_GuuBooWhistle_only,SE_Bt_Etc_Mount_FlameBeast_bye,3655,0,0,0,0,2,942,4241,7031,0,0,19,37,37,235,1,45,70,70,1,2,117,20,10,100,0,0,60,0,0,0,False,True,False,True,False,False,False,False,False,False,False,False
306,煞風猞猁,,0,0,0,1,0,0,SE_Bt_Etc_Mount_Maju_call,SE_Bt_Etc_GuuBooWhistle_only,SE_Bt_Etc_Mount_Maju_bye,3690,0,0,0,0,2,941,4242,30403,0,9,21,41,42,236,1,45,70,70,1,2,1,20,10,100,0,0,60,0,80,80,False,True,False,False,False,False,False,False,False,False,False,False
307,,,0,0,0,1,0,0,SE_Bt_Etc_Mount_SpaceJellyfish_call,SE_Bt_Etc_GuuBooWhistle_only,SE_Bt_Etc_Mount_SpaceJellyfish_bye,3638,0,0,0,0,2,895,0,0,59,18,23,37,37,-1,1,45,70,70,1,2,118,20,10,100,0,0,60,0,80,80,False,True,False,False,False,False,False,False,False,False,False,False
308,永恆,,0,0,0,1,0,0,SE_Bt_Etc_ToraWhistle,SE_Bt_Etc_GuuBooWhistle_only,SE_Bt_Etc_ToraBye,3744,0,0,0,0,2,895,4246,3311,0,9,19,41,42,244,1,45,15,65,1,2,48,20,10,100,0,0,70,0,0,0,False,True,False,False,False,False,False,False,False,False,False,False
309,,,0,0,0,1,0,0,SE_Bt_Etc_Mount_BuildSupporter_call,SE_Bt_Etc_MadoWhistle_only,SE_Bt_Etc_Mount_BuildSupporter_bye,3567,0,0,0,0,2,895,0,0,62,17,20,39,42,-1,1,45,15,15,1,2,120,0,10,100,0,0,60,0,80,80,False,True,False,True,False,False,False,False,False,False,False,False
310,青磷氣球,,0,0,0,1,0,0,SE_Bt_Etc_Mount_Balloon_call,SE_Bt_Etc_GuuBooWhistle_only,SE_Bt_Etc_Mount_Balloon_bye,3738,0,0,0,0,2,638,4247,16140,0,0,0,37,37,246,1,3,15,15,1,2,115,0,10,100,0,0,60,0,80,80,False,False,False,True,False,False,False,False,False,False,False,False
311,安登三世,,0,0,0,1,0,0,SE_Bt_Etc_Mount_GrassFace_call,SE_Bt_Etc_GuuBooWhistle_only,SE_Bt_Etc_Mount_GrassFace_bye,3740,0,0,0,0,2,895,4248,4520,0,0,0,41,42,247,1,45,70,70,1,2,121,20,10,100,0,0,60,0,80,80,False,True,False,False,False,False,False,False,False,False,False,False
312,黑傑克號,,0,0,0,1,0,0,SE_Bt_Etc_Mount_BlackJack_call,SE_Bt_Etc_MadoWhistle_only,SE_Bt_Etc_Mount_BlackJack_bye,3749,0,0,0,0,2,895,4249,11100,0,16,16,37,37,248,1,45,15,15,1,2,123,0,10,100,0,0,70,3,80,80,False,False,False,True,False,False,False,False,False,False,False,False
313,法厄同,,0,0,0,1,0,0,SE_Bt_Etc_IxionWhistle,SE_Bt_Etc_GuuBooWhistle_only,SE_Bt_Etc_IxionBye,3790,0,0,0,0,2,895,4250,3321,0,9,19,39,40,249,1,45,70,85,1,2,49,20,20,100,0,0,70,0,0,0,False,True,False,False,False,False,False,False,False,False,False,False
314,粉紅,,0,0,0,1,0,0,SE_Bt_Etc_ElephantWhistle,SE_Bt_Etc_GuuBooWhistle_only,SE_Bt_Etc_ElephantBye,3837,0,0,0,0,2,895,4251,3341,0,0,18,39,38,250,1,45,70,15,1,0,122,20,10,100,0,0,60,0,0,0,False,True,False,False,False,False,False,False,False,False,False,False
315,煬火猞猁,,0,0,0,1,0,0,SE_Bt_Etc_Mount_Maju_call,SE_Bt_Etc_GuuBooWhistle_only,SE_Bt_Etc_Mount_Maju_bye,3792,0,0,0,0,2,961,4252,30404,0,9,21,41,42,251,1,45,70,70,1,2,1,20,10,100,0,0,60,0,80,80,False,True,False,False,False,False,False,False,False,False,False,False
316,魔導復仇者金色塗裝特製型,,0,0,0,1,0,0,SE_Bt_Etc_MekagoriraWhistle,SE_Bt_Etc_MadoWhistle_only,SE_Bt_Etc_MekagoriraBye,3793,0,0,0,0,2,815,4253,10092,0,0,23,41,40,252,1,45,15,15,1,0,53,20,10,100,12,3,50,0,0,0,False,True,False,False,False,False,False,False,False,False,False,False
317,克律索馬羅斯,,0,0,0,1,0,0,SE_Bt_Etc_SheepWhistle,SE_Bt_Etc_GuuBooWhistle_only,SE_Bt_Etc_SheepBye,3794,0,0,0,0,2,815,4254,3401,0,9,19,41,40,253,1,45,85,85,1,2,85,20,10,100,9,3,60,0,0,0,False,True,False,False,False,False,False,False,False,False,False,False
318,加隆德GL-IS,,0,0,0,1,0,0,SE_Bt_Etc_Mount_Sidecar_call,SE_Bt_Etc_MadoWhistle_only,SE_Bt_Etc_Mount_Sidecar_bye,3822,0,0,0,0,2,985,4256,10200,0,6,19,39,38,263,1,45,70,70,1,2,127,0,10,100,0,0,60,1,80,80,False,True,False,False,False,False,False,False,False,False,False,False
319,巨型鈍口螈,,0,0,0,1,0,0,SE_Bt_Etc_Mount_WooperLooper_call,SE_Bt_Etc_GuuBooWhistle_only,SE_Bt_Etc_Mount_WooperLooper_bye,3823,0,0,0,0,2,980,4257,7120,0,18,21,41,40,255,1,45,70,70,1,2,126,20,10,100,0,0,60,0,80,80,False,True,False,True,False,False,False,False,False,False,False,False
320,新生鳳凰,,0,0,0,1,0,0,SE_Bt_Etc_Mount_10thPhoenix_call,SE_Bt_Etc_GuuBooWhistle_only,SE_Bt_Etc_Mount_10thPhoenix_bye,3858,0,0,0,0,2,358,4258,5061,64,18,19,37,37,256,1,45,70,70,1,2,46,20,10,100,0,0,60,0,80,80,False,False,False,True,True,False,False,False,False,False,False,False
321,蕩悠悠,,0,0,0,1,0,0,SE_Bt_Etc_Mount_VVD2-ObakeChochin_call,SE_Bt_Etc_GuuBooWhistle_only,SE_Bt_Etc_Mount_VVD2-ObakeChochin_bye,3903,0,0,0,0,2,981,4259,7130,0,18,21,37,37,257,1,45,70,70,1,2,128,20,10,100,0,0,60,0,80,80,False,True,False,True,False,False,False,False,False,False,False,False
322,獅子王子,,0,0,0,1,0,0,SE_Bt_Etc_Mount_VVD2-Nue_call,SE_Bt_Etc_GuuBooWhistle_only,SE_Bt_Etc_Mount_VVD2-Nue_bye,3904,0,0,0,0,2,982,4260,3570,0,9,19,39,40,258,1,45,70,70,1,2,129,20,10,65,0,6,70,0,80,80,False,True,False,False,False,False,False,False,False,False,False,False
323,影狼,,0,0,0,1,0,0,SE_Bt_Etc_Mount_KageOh_call,SE_Bt_Etc_GuuBooWhistle_only,SE_Bt_Etc_Mount_KageOh_bye,3821,0,0,0,0,2,637,4261,3580,0,8,20,41,42,259,1,45,70,70,1,2,125,20,10,100,0,0,60,0,80,80,False,True,False,False,False,False,False,False,False,False,False,False
324,魔法兒童床,,0,0,0,1,0,0,SE_Bt_Etc_Mount_BedKusocho_call,SE_Bt_Etc_GuuBooWhistle_only,SE_Bt_Etc_Mount_BedKusocho_bye,3860,0,0,0,0,2,895,4262,16091,0,8,18,37,37,260,1,45,85,85,1,0,41,0,10,100,0,0,70,0,0,0,False,False,False,True,False,False,False,False,False,False,False,False
325,暗影猞猁,,0,0,0,1,0,0,SE_Bt_Etc_Mount_Maju_call,SE_Bt_Etc_GuuBooWhistle_only,SE_Bt_Etc_Mount_Maju_bye,3859,0,0,0,0,2,979,4263,30405,0,9,21,41,42,261,1,45,70,70,1,2,1,20,10,100,0,0,60,0,80,80,False,True,False,False,False,False,False,False,False,False,False,False
326,托加爾,,0,0,0,1,0,0,SE_Bt_Etc_Mount_SXT_call,SE_Bt_Etc_MadoWhistle_only,SE_Bt_Etc_Mount_SXT_bye,3972,0,0,0,0,2,20011,4266,40020,67,8,19,41,42,264,1,45,70,70,1,2,132,20,10,100,0,0,60,0,80,80,False,True,False,False,True,False,False,False,False,False,False,False
327,方舟,,0,0,0,1,0,0,SE_Bt_Etc_Mount_CEArk_call,SE_Bt_Etc_MadoWhistle_only,SE_Bt_Etc_Mount_CEArk_bye,3973,0,0,0,0,2,20097,4267,11110,0,17,18,37,37,265,1,45,15,15,1,2,135,0,10,100,0,0,60,0,80,80,False,False,False,True,False,False,False,False,False,False,False,False
328,巴哈姆特·幽願,,0,0,0,1,0,0,SE_Bt_Etc_Mount_FF4-Bahamut_call,SE_Bt_Etc_GuuBooWhistle_only,SE_Bt_Etc_Mount_FF4-Bahamut_bye,3974,0,0,0,0,2,998,4268,30450,0,16,17,37,37,266,1,15,70,70,1,2,134,20,10,100,0,0,60,0,80,80,False,True,False,True,False,False,False,False,False,False,False,False
329,弦月,,0,0,0,1,0,0,SE_Bt_Etc_Mount_Tsuki_to_Leporrit_call,SE_Bt_Etc_GuuBooWhistle_only,SE_Bt_Etc_Mount_Tsuki_to_Leporrit_bye,3975,0,0,0,0,2,638,4269,16150,0,18,22,37,37,267,1,45,70,70,1,2,0,20,10,100,0,0,60,0,80,80,False,True,False,True,False,False,False,False,False,False,False,False
330,糖豆犀牛,,0,0,0,1,0,0,SE_Bt_Etc_Mount_FGS_call,SE_Bt_Etc_MadoWhistle_only,SE_Bt_Etc_Mount_FGS_bye,3976,0,0,0,0,2,20021,4270,40900,0,8,19,37,37,268,1,45,70,70,1,2,133,0,10,100,0,0,60,0,80,80,False,False,False,False,False,False,False,False,False,False,False,False
331,壓迫者,,0,0,0,1,0,0,SE_Bt_Etc_Mount_Yosai_2soku_call,SE_Bt_Etc_MadoWhistle_only,SE_Bt_Etc_Mount_Yosai_2soku_bye,3977,0,0,0,0,2,895,4271,10620,0,8,18,37,37,269,1,45,15,15,1,2,131,0,10,100,0,0,60,0,80,80,False,True,False,False,False,False,False,False,False,False,False,False
332,深淵猞猁,,0,0,0,1,0,0,SE_Bt_Etc_Mount_Maju_call,SE_Bt_Etc_GuuBooWhistle_only,SE_Bt_Etc_Mount_Maju_bye,4015,0,0,0,0,2,995,4272,30406,0,9,21,41,42,270,1,45,70,70,1,2,1,20,10,100,0,0,60,0,80,80,False,True,False,False,False,False,False,False,False,False,False,False
333,月光仙人掌怪,,0,0,0,1,0,0,SE_Bt_Etc_Mount_UchuSaboten_call,SE_Bt_Etc_GuuBooWhistle_only,SE_Bt_Etc_Mount_UchuSaboten_bye,3743,0,0,0,0,2,895,4273,1081,0,8,19,39,38,271,1,45,70,70,1,2,130,20,10,100,0,0,60,0,80,80,False,True,False,False,False,False,False,False,False,False,False,False
334,斯塔緹絲幻影,,0,0,0,1,0,0,SE_Bt_Etc_Mount_Nimue_call,SE_Bt_Etc_GuuBooWhistle_only,SE_Bt_Etc_Mount_Nimue_bye,3978,65537,65537,65537,0,2,996,4274,5070,0,18,21,37,37,272,1,45,70,70,1,2,0,20,10,100,0,0,60,0,80,80,False,True,False,True,False,False,False,False,False,False,False,False
335,加隆德GL-IIT,,0,0,0,1,0,0,SE_Bt_Etc_Mount_TractorBike_call,SE_Bt_Etc_MadoWhistle_only,SE_Bt_Etc_Mount_TractorBike_bye,4012,0,0,0,0,2,943,4275,10191,0,8,19,39,40,273,1,20,15,15,1,2,136,0,10,100,0,0,60,1,80,80,False,True,False,False,False,False,False,False,False,False,False,False
336,皮蒂,,0,0,0,1,0,0,SE_Bt_Etc_GuuBooWhistle,SE_Bt_Etc_GuuBooWhistle_only,SE_Bt_Etc_GuuBooBye,4013,0,0,0,0,4,895,4276,1002,66,8,19,39,40,274,1,45,15,15,1,2,0,15,9,100,0,0,60,0,0,0,False,True,False,False,True,False,False,False,False,False,False,False
337,,,0,0,0,0,0,0,,,,0,0,0,0,0,0,0,0,0,0,0,0,0,0,0,0,0,0,0,0,0,0,0,0,0,0,0,0,0,0,0,False,False,False,False,False,False,False,False,False,False,False,False
338,庫阿庫阿,,0,0,0,1,0,0,SE_Bt_Etc_Mount_SenreijuCu_call,SE_Bt_Etc_GuuBooWhistle_only,SE_Bt_Etc_Mount_SenreijuCu_bye,4011,0,0,0,0,2,997,4278,3590,0,9,19,39,42,276,1,45,70,70,1,2,1,20,10,100,0,0,60,0,80,80,False,True,False,False,False,False,False,False,False,False,False,False
339,海島皮里福爾,,0,0,0,1,0,0,SE_Bt_Etc_Mount_Mandragora_call,SE_Bt_Etc_GuuBooWhistle_only,SE_Bt_Etc_Mount_Mandragora_bye,4020,0,0,0,0,2,943,4279,1156,0,8,18,41,40,277,1,45,15,15,1,2,1,20,10,100,0,0,60,0,80,80,False,True,False,False,False,False,False,False,False,False,False,False
340,海島沙漠玫瑰,,0,0,0,1,0,0,SE_Bt_Etc_Mount_Mandragora_call,SE_Bt_Etc_GuuBooWhistle_only,SE_Bt_Etc_Mount_Mandragora_bye,4021,0,0,0,0,2,943,4280,1157,0,8,18,41,40,278,1,45,15,15,1,2,1,20,10,100,0,0,60,0,80,80,False,True,False,False,False,False,False,False,False,False,False,False
341,,,0,0,0,1,0,0,SE_Bt_Etc_GuuBooWhistle,SE_Bt_Etc_GuuBooWhistle_only,SE_Bt_Etc_GuuBooBye,4013,0,0,0,0,4,895,0,0,65,8,19,39,40,-1,1,45,15,15,1,2,0,15,9,100,0,0,60,0,0,0,False,True,False,False,False,False,False,False,False,False,False,False
342,小鳴鼠,,0,0,0,1,0,0,SE_Bt_Etc_Mount_BladeMomonga_call,SE_Bt_Etc_GuuBooWhistle_only,SE_Bt_Etc_Mount_BladeMomonga_bye,4060,0,0,0,0,2,895,4292,3600,69,8,23,41,42,280,1,45,70,70,1,2,138,20,10,100,0,0,60,0,80,80,False,True,False,False,True,False,False,False,False,False,False,False
343,飛梭A9,,0,0,0,1,0,0,SE_Bt_Etc_Mount_9thAirBike_call,SE_Bt_Etc_MadoWhistle_only,SE_Bt_Etc_Mount_9thAirBike_bye,4061,0,0,0,0,2,895,4281,10210,0,10,24,41,40,281,1,45,70,70,1,2,139,0,10,100,0,0,60,0,80,80,False,True,False,False,False,False,False,False,False,False,False,False
344,羊駝,,0,0,0,1,0,0,SE_Bt_Etc_Mount_Alpaca_call,SE_Bt_Etc_GuuBooWhistle_only,SE_Bt_Etc_Mount_Alpaca_bye,4073,0,0,0,0,2,895,4282,3610,0,8,18,41,40,279,1,45,70,70,1,2,137,20,10,100,0,0,60,0,80,80,False,True,False,False,False,False,False,False,False,False,False,False
345,天災之翼,,0,0,0,1,0,0,SE_Bt_Etc_Mount_Wing_call,SE_Bt_Etc_GuuBooWhistle_only,SE_Bt_Etc_Mount_Wing_bye,4074,0,0,0,0,2,20095,4283,30500,0,18,21,37,37,282,1,45,70,70,1,2,1,0,10,100,0,0,60,0,80,80,False,True,False,True,False,False,False,False,False,False,False,False
346,奇蹟之翼,,0,0,0,1,0,0,SE_Bt_Etc_Mount_Wing_call,SE_Bt_Etc_GuuBooWhistle_only,SE_Bt_Etc_Mount_Wing_bye,4075,0,0,0,0,2,20096,4284,30501,0,18,21,37,37,283,1,45,70,70,1,2,1,0,10,100,0,0,60,0,80,80,False,True,False,True,False,False,False,False,False,False,False,False
347,外勤機,,0,0,0,1,0,0,SE_Bt_Etc_Mount_Guideroid_call,SE_Bt_Etc_MadoWhistle_only,SE_Bt_Etc_Mount_Guideroid_bye,4076,0,0,0,0,2,895,4285,11120,68,18,21,39,38,284,1,45,15,15,1,2,1,0,10,100,0,0,60,0,80,80,False,True,False,True,True,False,False,False,False,False,False,False
348,梅瓦皮亞拉,,0,0,0,1,0,0,SE_Bt_Etc_Mount_Capybara_call,SE_Bt_Etc_GuuBooWhistle_only,SE_Bt_Etc_Mount_Capybara_bye,4077,0,0,0,0,2,895,4286,3620,0,9,21,39,38,285,1,45,70,70,1,2,141,20,10,100,0,0,60,0,80,80,False,True,False,False,False,False,False,False,False,False,False,False
349,獨輪車S1,,0,0,0,1,0,0,SE_Bt_Etc_Mount_MonoBike_call,SE_Bt_Etc_MadoWhistle_only,SE_Bt_Etc_Mount_MonoBike_bye,4078,0,0,0,0,2,20098,4287,10220,0,9,19,39,38,286,1,45,15,15,1,2,140,0,10,100,0,0,60,0,80,80,False,False,False,False,False,False,False,False,False,False,False,False
350,犎牛,,0,0,0,1,0,0,SE_Bt_Etc_Mount_AmericanBison_call,SE_Bt_Etc_GuuBooWhistle_only,SE_Bt_Etc_Mount_AmericanBison_bye,4231,0,0,0,0,2,895,4288,3630,0,8,18,41,40,287,1,45,70,70,1,2,124,20,10,100,0,0,60,0,80,80,False,True,False,False,False,False,False,False,False,False,False,False
351,烏勒爾,,0,0,0,1,0,0,SE_Bt_Etc_Mount_ArmoredWyvern_call,SE_Bt_Etc_GuuBooWhistle_only,SE_Bt_Etc_Mount_ArmoredWyvern_bye,4232,0,0,0,0,2,895,4289,1021,0,8,21,39,38,288,1,45,15,50,1,2,25,20,20,100,9,3,100,0,0,0,False,True,False,False,False,False,False,False,False,False,False,False
352,凱吉古拉,,0,0,0,1,0,0,SE_Bt_Etc_Mount_PteranodonRock_call,SE_Bt_Etc_GuuBooWhistle_only,SE_Bt_Etc_Mount_PteranodonRock_bye,4233,0,0,0,0,2,895,4290,5080,0,18,22,41,40,289,1,45,15,70,1,2,88,20,10,100,0,0,40,0,80,80,False,True,False,True,False,False,False,False,False,False,False,False
353,半機器龜,,0,0,0,1,0,0,SE_Bt_Etc_Mount_AdamanCyber_call,SE_Bt_Etc_MadoWhistle_only,SE_Bt_Etc_Mount_AdamanCyber_bye,4234,0,0,0,0,2,895,4291,3271,0,0,0,37,37,290,1,45,15,15,1,0,15,5,3,65,0,0,70,0,0,0,False,True,False,False,False,False,False,False,False,False,False,False
354,浪祖,,0,0,0,1,0,0,SE_Bt_Etc_ZooWhistle,SE_Bt_Etc_GuuBooWhistle_only,SE_Bt_Etc_ZooBye,4276,0,0,0,0,2,895,4293,1032,0,8,21,41,40,291,1,45,15,60,1,2,27,20,20,55,9,3,55,0,0,0,False,True,False,False,False,False,False,False,False,False,False,False
355,,,0,0,0,1,0,0,SE_Bt_Etc_Mount_Alpaca_call,SE_Bt_Etc_GuuBooWhistle_only,SE_Bt_Etc_Mount_Alpaca_bye,4073,0,0,0,0,2,895,0,0,0,8,18,41,40,-1,1,45,70,70,1,2,137,20,10,100,0,0,60,0,80,80,False,True,False,False,False,False,False,False,False,False,False,False
356,酒桶仙人掌怪,,0,0,0,1,0,0,SE_Bt_Etc_Mount_MachoSaboten_call,SE_Bt_Etc_GuuBooWhistle_only,SE_Bt_Etc_Mount_MachoSaboten_bye,4330,0,0,0,0,2,895,4294,1082,74,8,18,37,37,292,1,45,70,70,1,2,144,20,10,100,0,0,60,0,80,80,False,True,False,False,True,False,False,False,False,False,False,False
357,,,0,0,0,0,0,0,,,,0,0,0,0,0,0,0,0,0,0,0,0,0,0,0,0,0,0,0,0,0,0,0,0,0,0,0,0,0,0,0,False,False,False,False,False,False,False,False,False,False,False,False
358,海牛,,0,0,0,1,0,0,SE_Bt_Etc_Mount_BigManatee_call,SE_Bt_Etc_GuuBooWhistle_only,SE_Bt_Etc_Mount_BigManatee_bye,4332,0,0,0,0,2,895,4296,7140,72,16,27,39,38,294,1,45,70,70,1,2,145,20,10,100,0,0,60,0,80,80,False,True,False,True,True,False,False,False,False,False,False,False
359,,,0,0,0,0,0,0,,,,0,0,0,0,0,0,0,0,0,0,0,0,0,0,0,0,0,0,0,0,0,0,0,0,0,0,0,0,0,0,0,False,False,False,False,False,False,False,False,False,False,False,False
360,,,0,0,0,0,0,0,,,,0,0,0,0,0,0,0,0,0,0,0,0,0,0,0,0,0,0,0,0,0,0,0,0,0,0,0,0,0,0,0,False,False,False,False,False,False,False,False,False,False,False,False
361,,,0,0,0,0,0,0,,,,0,0,0,0,0,0,0,0,0,0,0,0,0,0,0,0,0,0,0,0,0,0,0,0,0,0,0,0,0,0,0,False,False,False,False,False,False,False,False,False,False,False,False
362,,,0,0,0,0,0,0,,,,0,0,0,0,0,0,0,0,0,0,0,0,0,0,0,0,0,0,0,0,0,0,0,0,0,0,0,0,0,0,0,False,False,False,False,False,False,False,False,False,False,False,False
363,永恆之翼,,0,0,0,1,0,0,SE_Bt_Etc_Mount_Wing_call,SE_Bt_Etc_GuuBooWhistle_only,SE_Bt_Etc_Mount_Wing_bye,4381,0,0,0,0,2,20109,4301,30502,0,18,21,37,37,299,1,45,70,70,1,2,1,0,10,100,0,0,60,0,80,80,False,True,False,True,False,False,False,False,False,False,False,False
364,,,0,0,0,0,0,0,,,,0,0,0,0,0,0,0,0,0,0,0,0,0,0,0,0,0,0,0,0,0,0,0,0,0,0,0,0,0,0,0,False,False,False,False,False,False,False,False,False,False,False,False
365,商賈神威,,0,0,0,1,0,0,SE_Bt_Etc_InugamiWhistle,SE_Bt_Etc_GuuBooWhistle_only,SE_Bt_Etc_InugamiBye,4383,0,0,0,0,2,895,4303,30210,0,9,19,41,42,301,1,45,85,85,1,0,44,20,10,100,0,0,70,0,0,0,False,True,False,False,False,False,False,False,False,False,False,False
366,,,0,0,0,0,0,0,,,,0,0,0,0,0,0,0,0,0,0,0,0,0,0,0,0,0,0,0,0,0,0,0,0,0,0,0,0,0,0,0,False,False,False,False,False,False,False,False,False,False,False,False
367,,,0,0,0,0,0,0,,,,0,0,0,0,0,0,0,0,0,0,0,0,0,0,0,0,0,0,0,0,0,0,0,0,0,0,0,0,0,0,0,False,False,False,False,False,False,False,False,False,False,False,False
368,,,0,0,0,0,0,0,,,,0,0,0,0,0,0,0,0,0,0,0,0,0,0,0,0,0,0,0,0,0,0,0,0,0,0,0,0,0,0,0,False,False,False,False,False,False,False,False,False,False,False,False
369,,,0,0,0,1,0,0,SE_Bt_Etc_Mount_BigManatee_call,SE_Bt_Etc_GuuBooWhistle_only,SE_Bt_Etc_Mount_BigManatee_bye,4332,0,0,0,0,2,895,0,0,71,16,27,39,38,-1,1,45,70,70,1,2,145,20,10,100,0,0,60,0,80,80,False,True,False,True,False,False,False,False,False,False,False,False
370,,,0,0,0,0,0,0,,,,0,0,0,0,0,0,0,0,0,0,0,0,0,0,0,0,0,0,0,0,0,0,0,0,0,0,0,0,0,0,0,False,False,False,False,False,False,False,False,False,False,False,False
371,,,0,0,0,0,0,0,,,,0,0,0,0,0,0,0,0,0,0,0,0,0,0,0,0,0,0,0,0,0,0,0,0,0,0,0,0,0,0,0,False,False,False,False,False,False,False,False,False,False,False,False
372,,,0,0,0,0,0,0,,,,0,0,0,0,0,0,0,0,0,0,0,0,0,0,0,0,0,0,0,0,0,0,0,0,0,0,0,0,0,0,0,False,False,False,False,False,False,False,False,False,False,False,False
373,,,0,0,0,0,0,0,,,,0,0,0,0,0,0,0,0,0,0,0,0,0,0,0,0,0,0,0,0,0,0,0,0,0,0,0,0,0,0,0,False,False,False,False,False,False,False,False,False,False,False,False
374,,,0,0,0,0,0,0,,,,0,0,0,0,0,0,0,0,0,0,0,0,0,0,0,0,0,0,0,0,0,0,0,0,0,0,0,0,0,0,0,False,False,False,False,False,False,False,False,False,False,False,False
375,,,0,0,0,0,0,0,,,,0,0,0,0,0,0,0,0,0,0,0,0,0,0,0,0,0,0,0,0,0,0,0,0,0,0,0,0,0,0,0,False,False,False,False,False,False,False,False,False,False,False,False
376,,,0,0,0,0,0,0,,,,0,0,0,0,0,0,0,0,0,0,0,0,0,0,0,0,0,0,0,0,0,0,0,0,0,0,0,0,0,0,0,False,False,False,False,False,False,False,False,False,False,False,False
377,,,0,0,0,0,0,0,,,,0,0,0,0,0,0,0,0,0,0,0,0,0,0,0,0,0,0,0,0,0,0,0,0,0,0,0,0,0,0,0,False,False,False,False,False,False,False,False,False,False,False,False
378,,,0,0,0,0,0,0,,,,0,0,0,0,0,0,0,0,0,0,0,0,0,0,0,0,0,0,0,0,0,0,0,0,0,0,0,0,0,0,0,False,False,False,False,False,False,False,False,False,False,False,False
379,,,0,0,0,0,0,0,,,,0,0,0,0,0,0,0,0,0,0,0,0,0,0,0,0,0,0,0,0,0,0,0,0,0,0,0,0,0,0,0,False,False,False,False,False,False,False,False,False,False,False,False
380,,,0,0,0,0,0,0,,,,0,0,0,0,0,0,0,0,0,0,0,0,0,0,0,0,0,0,0,0,0,0,0,0,0,0,0,0,0,0,0,False,False,False,False,False,False,False,False,False,False,False,False
381,,,0,0,0,0,0,0,,,,0,0,0,0,0,0,0,0,0,0,0,0,0,0,0,0,0,0,0,0,0,0,0,0,0,0,0,0,0,0,0,False,False,False,False,False,False,False,False,False,False,False,False
382,,,0,0,0,0,0,0,,,,0,0,0,0,0,0,0,0,0,0,0,0,0,0,0,0,0,0,0,0,0,0,0,0,0,0,0,0,0,0,0,False,False,False,False,False,False,False,False,False,False,False,False
383,,,0,0,0,0,0,0,,,,0,0,0,0,0,0,0,0,0,0,0,0,0,0,0,0,0,0,0,0,0,0,0,0,0,0,0,0,0,0,0,False,False,False,False,False,False,False,False,False,False,False,False
384,,,0,0,0,0,0,0,,,,0,0,0,0,0,0,0,0,0,0,0,0,0,0,0,0,0,0,0,0,0,0,0,0,0,0,0,0,0,0,0,False,False,False,False,False,False,False,False,False,False,False,False
385,,,0,0,0,0,0,0,,,,0,0,0,0,0,0,0,0,0,0,0,0,0,0,0,0,0,0,0,0,0,0,0,0,0,0,0,0,0,0,0,False,False,False,False,False,False,False,False,False,False,False,False
386,,,0,0,0,0,0,0,,,,0,0,0,0,0,0,0,0,0,0,0,0,0,0,0,0,0,0,0,0,0,0,0,0,0,0,0,0,0,0,0,False,False,False,False,False,False,False,False,False,False,False,False
387,,,0,0,0,0,0,0,,,,0,0,0,0,0,0,0,0,0,0,0,0,0,0,0,0,0,0,0,0,0,0,0,0,0,0,0,0,0,0,0,False,False,False,False,False,False,False,False,False,False,False,False
388,,,0,0,0,0,0,0,,,,0,0,0,0,0,0,0,0,0,0,0,0,0,0,0,0,0,0,0,0,0,0,0,0,0,0,0,0,0,0,0,False,False,False,False,False,False,False,False,False,False,False,False
389,,,0,0,0,0,0,0,,,,0,0,0,0,0,0,0,0,0,0,0,0,0,0,0,0,0,0,0,0,0,0,0,0,0,0,0,0,0,0,0,False,False,False,False,False,False,False,False,False,False,False,False
390,,,0,0,0,0,0,0,,,,0,0,0,0,0,0,0,0,0,0,0,0,0,0,0,0,0,0,0,0,0,0,0,0,0,0,0,0,0,0,0,False,False,False,False,False,False,False,False,False,False,False,False
391,,,0,0,0,0,0,0,,,,0,0,0,0,0,0,0,0,0,0,0,0,0,0,0,0,0,0,0,0,0,0,0,0,0,0,0,0,0,0,0,False,False,False,False,False,False,False,False,False,False,False,False
392,,,0,0,0,0,0,0,,,,0,0,0,0,0,0,0,0,0,0,0,0,0,0,0,0,0,0,0,0,0,0,0,0,0,0,0,0,0,0,0,False,False,False,False,False,False,False,False,False,False,False,False
393,,,0,0,0,0,0,0,,,,0,0,0,0,0,0,0,0,0,0,0,0,0,0,0,0,0,0,0,0,0,0,0,0,0,0,0,0,0,0,0,False,False,False,False,False,False,False,False,False,False,False,False
394,,,0,0,0,0,0,0,,,,0,0,0,0,0,0,0,0,0,0,0,0,0,0,0,0,0,0,0,0,0,0,0,0,0,0,0,0,0,0,0,False,False,False,False,False,False,False,False,False,False,False,False
395,,,0,0,0,0,0,0,,,,0,0,0,0,0,0,0,0,0,0,0,0,0,0,0,0,0,0,0,0,0,0,0,0,0,0,0,0,0,0,0,False,False,False,False,False,False,False,False,False,False,False,False
396,,,0,0,0,0,0,0,,,,0,0,0,0,0,0,0,0,0,0,0,0,0,0,0,0,0,0,0,0,0,0,0,0,0,0,0,0,0,0,0,False,False,False,False,False,False,False,False,False,False,False,False
397,,,0,0,0,0,0,0,,,,0,0,0,0,0,0,0,0,0,0,0,0,0,0,0,0,0,0,0,0,0,0,0,0,0,0,0,0,0,0,0,False,False,False,False,False,False,False,False,False,False,False,False
398,,,0,0,0,0,0,0,,,,0,0,0,0,0,0,0,0,0,0,0,0,0,0,0,0,0,0,0,0,0,0,0,0,0,0,0,0,0,0,0,False,False,False,False,False,False,False,False,False,False,False,False
399,,,0,0,0,0,0,0,,,,0,0,0,0,0,0,0,0,0,0,0,0,0,0,0,0,0,0,0,0,0,0,0,0,0,0,0,0,0,0,0,False,False,False,False,False,False,False,False,False,False,False,False
400,,,0,0,0,0,0,0,,,,0,0,0,0,0,0,0,0,0,0,0,0,0,0,0,0,0,0,0,0,0,0,0,0,0,0,0,0,0,0,0,False,False,False,False,False,False,False,False,False,False,False,False
