#,Text,Unknown0,Unknown1,Name,Unknown2,Unknown3
0,,,,0,0,0
1,,,,0,0,0
2,,,,0,0,0
3,,,,0,0,0
4,,,,0,0,0
5,,,,0,0,0
6,,,,0,0,0
7,,,,0,0,0
8,,,,0,0,0
9,,,,0,0,0
10,"……怎麼了？
想買勒昂羅的話，1枚孚布特金幣可不夠哦？",,,10,61,1
11,水晶公說了什麼來著……,,,11,61,1
12,"好黑啊……
要不要從上面借點蠟燭過來？",,,12,61,1
13,"…………
幹嘛一直盯著我看啊？
這邊的調查還需要點時間。",,,13,61,1
14,"好痛……
為、為什麼要瞄準我啊……",,,14,61,1
15,"即使被擊中也紋絲不動，一直盯著這邊看。
看來至少不是矮人族……",,,0,57,7
16,"哦哦，射對啦！
為你的判斷力和行動力鼓掌啦哩！",,,15,61,1
17,"射錯啦！
我戴的可是真真正正的特爾頭盔！
錯啦錯啦！嗯……錯啦！",,,16,61,1
18,"嘎哈哈哈！哼哼！哼哼哼！
不可以對我進行射擊哦，看來你還差得遠呢！",,,17,61,1
19,發現了疑似目標人物！,,,0,57,7
20,"……穩重的氣場。
不過並不是貓秘族。",,,0,57,7
21,"看起來很舊的壁畫。
身處中央的人物舉著武器。
黑色野獸被打倒，周圍的人們看起來都很開心……",,,0,57,7
22,"看起來非常舊的壁畫。
坐在王座上的人物正在接受很多人的謁見……",,,0,57,7
23,"看起來相當舊的壁畫。
裡面畫有數名與湧動的黑暗對峙的人物，
不過中央部分被刮掉許多……",,,0,57,7
24,"那個是垂涎欲滴烙餅！
裡面加入了又酸又甜的仙人掌的果實，
所以乾一點也沒關係！有助於健康！",,,10,61,1
25,"那個是鬥志熊熊火腿！
是將蜥蜴的貴重部位利用秘傳香料製成的火腿！
雖然味道有點奇怪，但是吃了它能讓身體變得結實！",,,10,61,1
26,"那個是黏黏小串！
是將隱藏在附近石場中的小型青蛙簡單烤製得到的！
很爽口，不黏牙！",,,10,61,1
27,"那個是軟軟醃白蚯蚓！
是將大家都很喜歡的白蚯蚓蘸到蜜汁裡的夢幻美食！
吃完這個就吃不下其他甜食了！",,,10,61,1
28,發現了古舊的石板！,,,0,57,7
29,"嗯……這個應該是祭壇，
不過卻沒看到夜之民的代表性祭具水鏡啊。
是他們離開的時候只把那個帶走了吧……",,,18,61,1
30,"發現了疑似目標人物！
但是往村落那邊逃走了……",,,0,57,7
31,"一直在盯著這邊看。
似乎不是神秘的人影……",,,0,57,7
32,"啦哩吼！幹得漂亮！
保持這個狀態，正式挑戰的時候也要加油啊！",,,15,61,1
33,"高聳著的細長建築，上面有很多窗戶。
是不曾在其他地方見到過的獨特設計。",,,0,57,7
34,"……為什麼會有鯨頭鸛？
完全不知道為什麼，但就是莫名其妙地出現在那裡。",,,0,57,7
35,"冰海天使的幼體臉上一副柔弱的表情……
肯定是個特別老實的生物。",,,0,57,7
36,"咦？！不要趁亂瞄準我啊！
兜帽我是不會摘下來的！",,,14,61,1
37,"即使被擊中也紋絲不動，
一直、一直盯著這邊看。
看來並不是矮人族……",,,0,57,7
38,,,,0,0,0
39,"哎呀？！
你幹嘛！
請不要打擾我工作！",,,22,61,1
40,"嗯……從這裡看得不是很清楚，
水箱上面連著金色的管子吧？","然後透過稍微靠下的窗戶看過去……
水箱的下部似乎也連接著巨大的管子。","也就是說，這是用來對採集的水
進行過濾除雜的淨水裝置吧。",20,61,1
41,"有一個巨大的筒矗立在牆的旁面……
從聲音來判斷，牆的另一面是水源吧？","然後筒的頂端突出的那個軸，
則透過傳導裝置與旋轉的車輪狀動力裝置相連……","也就是說，這就是打水裝置！
筒裡應該有能夠旋轉的螺旋槳。",20,61,1
42,"哦，這個在最偉大的森林裡也有。
依我看，這是巨大的樹吧？！","不是嗎？這樣啊……
上部的容積特別大，往下就開始變細了……
最關鍵的是，這非比尋常的高度……","我知道了！這是用水壓輸水的供水塔！
它的高度是用來調節水壓的！",20,61,1
43,"鈍口螈！
有活力的鈍口螈！","可見，在那之後它的理念順利地通過了審核，
由此成為了生息於世間的萬物之一繁衍綿延至今。
彷彿從它的身上感受到了歷史的厚重滄桑……",,0,57,7
44,"哎呀？！
居然能用慕斯肉丸打到我……
看來你不是一般人啊？！",,,21,61,1
45,麻醉針射中的鳥並不是目標……,,,0,57,7
46,"這座神像屬於我們薩雷安的守護神沙利亞克，
他是艾奧傑亞的十二神之一，
是司掌河流與知識的男神。","我國曾採用直接民主主義
通過全體市民都參與的市民議會決定各種國策。
守護神也是在當時通過民眾投票決定的。","但選擇知識神的原因，
與其說是信仰心，更像是一種思想信條。
國民們都懷揣著一種身為知識收集者的使命感。",23,61,1
47,"神話中說，知識神擁有
能湧出知識之水的水瓶。","這個石像的水瓶就是對傳說的重現。
從管道中抽出的水被源源不斷地注入了大海。
這其中也飽含著人們對於薩雷安作為知識之都的願望。","聽說為了實現這一設計也是花了不少工夫。
魔法大學引以為傲的所思大書院中
還收藏有當時的石匠們留下的奮鬥歷史。",23,61,1
48,"相傳第六靈災發生時，大洪水襲擊了艾奧傑亞。
被後人稱為十二賢者的英雄挺身而出，
拯救了眾多的百姓。","我們的祖國薩雷安
就是由十二賢者之一的紐恩克雷夫
與他從洪水中救出的倖存者們一同創立的。","最早的一批居民登陸
就是在那個石像旁邊的海邊……
那已經是距今近1600年前的事了。",23,61,1
49,,,,0,0,0
50,,,,0,0,0
51,"奧密克戎佇立著。
那一動不動的樣子一看就是在待命。",,,0,57,7
52,"奧密克戎待在裝置旁邊。
沒有什麼特別的行動，似乎只是在待命。",,,0,57,7
53,"奧密克戎正在和阿爾菲諾交流。
不知道交流得是否開心，
不過看起來沒什麼異常。",,,0,57,7
54,"不是奧密克戎，而是鈍口螈！
真沒想到鈍口螈還挺適合在宇宙中活動的！","是在迷津培養的個體
潛入了魔導船嗎？
真是有活力啊……",,0,57,7
55,"這個奧密克戎漫不經心地徘徊著。
毫無章法的行動似乎並不具備目的性……",,,0,57,7
56,"乍一看有著粗獷的外表，不過畢竟是名門貴族，
總感覺隱約能看到有品位的紳士面容。","先把這件事放一邊……
他雖然還有呼吸，但卻沒有要甦醒的樣子……",,0,57,7
57,"健壯的手臂。
不過這是絕不會傷害他人的紳士手臂。","比起這件事……
他摸上去又冷又硬……",,0,57,7
58,"穿著紳士鞋。
想必是曼德維爾家的特製品。
不知道這雙鞋一共要多少錢……",,,0,57,7
59,"娜修在打盹。
是似曾相識的景象……",,,0,57,7
60,"帕利伽在調查架子。
圓圓的小手看起來很可愛……",,,0,57,7
61,"不明飛行物體正在搬運一個熟悉的人。
假裝沒看見吧……",,,0,57,7
62,"娜修正在和阿爾戈斯玩耍。
看起來非常溫馨……",,,0,57,7
63,"德里昂正在認真尋找不明飛行物體。
感受到了他的執念……",,,0,57,7
64,"這裡……雖然看起來像眼睛，
但是只鑲嵌了一顆寶石。
另一顆是掉了嗎？",,,25,61,1
65,"轎槓折掉了啊。
這下神轎可不好抬了，
畢竟它那麼大。",,,19,61,1
66,"尾羽的裝飾已經不成樣子了啊。
之前看到的時候感覺更華麗一些呢。",,,24,61,1
67,"爐子離這麼近太熱了，再加上通風又不好，
這樣根本無法好好工作啊……",,,24,61,1
68,"磨損得很嚴重啊。
差不多該好好修整一下了吧？",,,24,61,1
69,"這碗飯一點都沒吃啊！
涼了就不好吃了……",,,24,61,1
70,"這是襲擊過程中士兵使用的武器。
看起來像是火槍，但又區別於一般的形狀，
應該是高度文明的產物。",,,0,57,7
71,"雖然看不到眼睛和嘴巴對應的位置，
但是卻能看到帶有光的紋樣。",,,0,57,7
72,"從遠處看感覺像是甲胄，
但是離近了才知道其實是由複雜零件構成的機器。","不過其材質並不是常見的金屬。
也看不到類似青磷引擎的東西，不清楚其動力源是什麼。",,0,57,7
73,"我說……
你不是要調查我，而是要調查機器兵對吧？",,,19,61,1
74,雖然目前一切運行正常，但幾年後應該會出現劣化……,,,0,57,7
75,"這裡會定期排出氣化的青磷水。
目前來看一切正常。",,,0,57,7
76,"大木桶中裝有青磷水。
先不說密封性，這麼大的體積應該會很重吧。",,,0,57,7
77,"星戰士團的士兵暈倒了！
趕快去查看一下！",,,0,57,7
78,"人類的足跡……
可能是星戰士團的士兵或者拉札漢正義俠留下的。",,,0,57,7
79,"有魔物倒在了地上。
是拉札漢正義俠之前提到的魔物嗎……",,,0,57,7
80,"好多種素材啊……
感覺這下就可以全身心投入工作了，
還有什麼問題嗎？",,,24,61,1
81,"前方左邊的腦袋象徵著霍比格族，
嚴肅的表情代表它掌管著武力。
塗有紅色代表著「要贏下太陽照耀的大地」的決心。",,,26,61,1
82,"前方右邊的腦袋象徵著布涅瓦族，
冷靜的表情代表它掌管著智力。
塗有藍色代表著「要堅守藍色森林」的決心。",,,26,61,1
83,"這是慶祝雙頭輝鱗人誕生的旗子。
這其中還包含著這旗子風化之前
能誕生下一個雙頭輝鱗人的願望。",,,26,61,1
84,"雖然不是雕像，光是柱子就讓你如此在意嗎？
雖然整體設計得很抽象，
但據說是以森林中的動植物為原型做的雕刻。",,,26,61,1
85,"哎呀，你很在意那邊的大房子嗎？
那是特意為新族長準備的宅邸。","順便說一下若想成為族長的話，
必須得是雙頭族人的父輩……
不過這樣的規定今後應該也會發生變化吧。",,26,61,1
86,,,,0,0,0
87,,,,0,0,0
88,,,,0,0,0
