#,Name,Question,PopRange,ConditionSuccessEvent,ConditionFailEvent,ConfirmEvent,TerritoryType,WarpCondition,WarpLogic,StartCutscene,EndCutscene,CanSkipCutscene
131072,,,0,0,0,0,0,1,1,0,0,False
131073,,,2040811,0,0,0,148,2,2,0,0,False
131074,,要進入神勇隊司令室嗎？,3884000,590352,590353,0,204,3,1,0,0,False
131075,,要離開神勇隊司令室嗎？,3884182,0,0,0,132,1,1,0,0,False
131076,,要離開芙蓉圓桌嗎？,3878860,0,0,0,133,1,1,0,0,False
131077,前往花蜜棧橋,要乘船前往花蜜棧橋嗎？,1381039,590354,590355,0,152,4,1,0,0,False
131078,,要乘船前往格里達尼亞舊街嗎？,1381038,590356,590259,0,133,4,1,0,0,False
131079,,,4124796,0,0,0,177,5,3,0,0,False
131080,,,1359058,0,0,0,179,5,4,0,0,False
131081,,,4124801,0,0,0,178,5,5,0,0,False
131082,,要離開嗎？,4125264,0,0,0,128,1,1,0,0,False
131083,,要離開嗎？,2232680,0,0,0,132,1,1,0,0,False
131084,,要離開嗎？,4125288,0,0,0,130,1,1,0,0,False
131085,,要離開銀胄團總長室嗎？,4107979,0,0,0,131,1,1,0,0,False
131086,,"要乘船前往月牙灣嗎？
交通費為40Gil。",4143657,590441,590620,590448,140,6,1,0,0,False
131087,,"要乘船前往白銀市集嗎？
交通費為40Gil。",4143677,590442,590621,590449,140,6,1,0,0,False
131088,,要進入砂之家嗎？,4107477,0,590450,0,212,7,1,0,0,False
131089,,要離開砂之家嗎？,4132388,0,0,0,140,1,1,0,0,False
131090,,要進入拂曉之間嗎？,4148347,0,590564,0,212,21,1,0,0,False
131091,,要離開拂曉之間嗎？,4148350,0,0,0,212,1,1,0,0,False
131092,4層：利姆薩·羅敏薩飛艇坪,要前往4層的利姆薩·羅敏薩飛艇坪嗎？,4158063,0,0,0,128,1,1,0,0,False
131093,2層：沉溺海豚亭,要前往2層的沉溺海豚亭嗎？,4158069,0,0,0,128,1,1,0,0,False
131094,1層：工事大廳,要前往1層的工事大廳嗎？,4161445,0,0,0,129,1,1,0,0,False
131095,4層：烏爾達哈飛艇坪,要前往4層的烏爾達哈飛艇坪嗎？,4164411,0,0,0,130,1,1,0,0,False
131096,2層：政府層,要前往2層的政府層嗎？,4164414,0,0,0,131,1,1,0,0,False
131097,1層：紅玉大路國際市場,要前往1層的紅玉大路國際市場嗎？,4164413,0,0,0,130,1,1,0,0,False
131098,,要進入銀胄團總長室嗎？,4087066,590451,590452,0,210,8,1,0,0,False
131099,,要進入有關區域嗎？,4165046,590611,0,0,146,1,1,0,0,False
131100,,要從水邊離開嗎？,4165037,590610,0,0,145,1,1,0,0,False
131101,前往格里達尼亞,"要前往格里達尼亞嗎？
交通費為120Gil。",4103382,0,590530,590453,132,9,1,227,232,True
131102,前往利姆薩·羅敏薩,"要前往利姆薩·羅敏薩嗎？
交通費為120Gil。",4103399,0,590530,590453,128,9,1,227,230,True
131103,前往烏爾達哈,"要前往烏爾達哈嗎？
交通費為120Gil。",4103339,0,589916,590454,130,9,1,231,228,True
131104,前往利姆薩·羅敏薩,"要前往利姆薩·羅敏薩嗎？
交通費為120Gil。",4103399,0,589916,590454,128,9,1,231,230,True
131105,前往烏爾達哈,"要前往烏爾達哈嗎？
交通費為120Gil。",4103339,0,590531,590455,130,9,1,229,228,True
131106,前往格里達尼亞,"要前往格里達尼亞嗎？
交通費為120Gil。",4103382,0,590531,590455,132,9,1,229,232,True
131107,,"要前往利姆薩·羅敏薩嗎？
交通費為80Gil。",4165398,0,591076,590456,129,10,1,235,234,True
131108,,"要前往黃昏灣嗎？
交通費為80Gil。",4165376,0,591077,590457,140,10,1,233,236,True
131109,前往小麥酒港,"要前往小麥酒港嗎？
交通費為40Gil。",4165794,590514,590515,590622,138,11,1,0,0,False
131110,前往利姆薩·羅敏薩,"要前往利姆薩·羅敏薩嗎？
交通費為40Gil。",4165749,590516,590517,590623,129,11,1,0,0,False
131111,前往太陽海岸,"要前往太陽海岸嗎？
交通費為40Gil。",4165755,590518,590519,590624,137,12,1,0,0,False
131112,前往利姆薩·羅敏薩,"要前往利姆薩·羅敏薩嗎？
交通費為40Gil。",4165749,590520,590521,590625,129,12,1,0,0,False
131113,前往吉吉盧恩交易商店,"要前往吉吉盧恩交易商店嗎？
交通費為40Gil。",4165801,590510,0,590511,139,13,1,0,0,False
131114,前往梅梅盧恩交易商店,"要前往梅梅盧恩交易商店嗎？
交通費為40Gil。",4165797,590512,0,590513,139,13,1,0,0,False
131115,前往小麥酒港,"要前往小麥酒港嗎？
交通費為40Gil。",4165794,590522,590626,590628,138,14,1,0,0,False
131116,前往守炬碼頭,"要前往守炬碼頭嗎？
交通費為40Gil。",4165877,590523,590627,590629,135,14,1,0,0,False
131117,從白狼門離開,要走出白狼門嗎？,1317627,590524,590525,0,148,15,1,0,0,False
131118,,要進入格里達尼亞嗎？,1317561,590529,590526,0,132,15,1,0,0,False
131119,前往接雨草樹林,"要前往接雨草樹林嗎？
交通費為40Gil。",4165759,590527,0,590630,137,16,1,0,0,False
131120,前往隱密瀑布,"要前往隱密瀑布嗎？
交通費為40Gil。",4165758,590528,0,590631,137,16,1,0,0,False
131121,前往芙蓉圓桌,要前往芙蓉圓桌嗎？,3877982,590535,590536,0,205,19,1,0,0,False
131122,前往提督室,要前往提督室嗎？,4146949,590563,0,0,198,20,1,0,0,False
131123,,要離開提督室嗎？,4169071,0,0,0,129,1,1,0,0,False
131124,,,4190590,0,0,0,134,2,2,0,0,False
131125,,,4189532,0,0,0,141,2,2,0,0,False
131126,,要前往米諾陶洛斯里程嗎？,4165939,590603,0,0,146,1,1,0,0,False
131127,,要前往納爾神祠嗎？,4165935,590604,0,0,146,1,1,0,0,False
131128,,要返回休息廳嗎？,4103339,590607,0,0,130,1,1,0,0,False
131129,,要返回休息廳嗎？,4103382,590608,0,0,132,1,1,0,0,False
131130,,要返回休息廳嗎？,4103399,590609,0,0,128,1,1,0,0,False
131131,前往狼獄水上鬥技場,要前往狼獄水上鬥技場嗎？,4264415,590632,0,0,250,1,1,0,0,False
131132,前往莫拉比造船廠,要前往莫拉比造船廠嗎？,4264426,590633,0,0,135,1,1,0,0,False
131133,前往小麥酒港,要前往小麥酒港嗎？,4165794,590634,0,0,138,1,1,0,0,False
131134,前往幻影群島,"要前往幻影群島嗎？
交通費為40Gil。",4264587,590635,590636,590637,138,22,1,0,0,False
131135,前往小麥酒港,要前往小麥酒港嗎？,4165794,0,0,0,138,1,1,0,0,False
131136,前往海蛇巢穴,"要前往海蛇巢穴嗎？
交通費為40Gil。",4264605,590638,590639,590640,138,23,1,0,0,False
131137,,要離開秘密工坊嗎？,4321669,0,0,0,156,1,1,0,0,False
131138,,要前往格里達尼亞嗎？,4102803,590843,0,0,132,1,1,0,0,False
131139,,要退出「巴哈姆特大迷宮邂逅之章」嗎？,4332112,0,0,0,137,1,1,0,0,False
131140,,要退出「巴哈姆特大迷宮邂逅之章」嗎？,4332121,0,0,0,147,1,1,0,390,False
131141,,要啟動嗎？,4331241,0,0,0,247,1,1,389,0,False
131142,,要進入拂曉之間嗎？,4498658,0,0,0,351,1,1,0,0,False
131143,,要離開拂曉之間嗎？,4498656,0,0,0,351,1,1,0,0,False
131144,,要進入石之家嗎？,4498659,0,0,0,351,1,1,0,0,False
131145,,要離開石之家嗎？,4498857,0,0,0,156,1,1,0,0,False
131146,,要進入八劍士前庭嗎？,4506602,0,0,0,156,1,1,0,0,False
131147,,要離開八劍士前庭嗎？,4506605,0,0,0,156,1,1,0,0,False
131148,,要進入這間房屋嗎？,0,0,0,0,0,1,6,0,0,False
131149,,要離開這間房屋嗎？,0,0,0,0,0,1,7,0,0,False
131150,,,4549235,591149,0,0,340,1,1,0,0,False
131151,,,4549391,591150,0,0,148,1,1,0,0,False
131152,,要離開第13洞穴團鍊金工坊嗎？,4618997,0,0,0,180,1,1,0,0,False
131153,,要返回到諾布養育場嗎？,4629135,0,0,0,138,1,1,0,0,False
131154,,要返回到諾布養育場嗎？,4629135,0,0,0,138,1,1,0,0,False
131155,,要返回到諾布養育場嗎？,4629135,0,0,0,138,1,1,0,0,False
131156,,要返回到諾布養育場嗎？,4629135,0,0,0,138,1,1,0,0,False
131157,,要返回到諾布養育場嗎？,4629135,0,0,0,138,1,1,0,0,False
131158,前往薰衣草苗圃,,4549235,591254,591260,0,340,24,1,0,0,False
131159,,,1381038,591255,591261,0,133,24,1,0,0,False
131160,前往海霧村,,4664433,591256,591262,0,339,25,1,0,0,False
131161,,,4165749,591257,591263,0,129,25,1,0,0,False
131162,,,4656744,591258,591264,0,341,26,1,0,0,False
131163,,,4660251,591259,591265,0,131,26,1,0,0,False
131164,,要離開艾奧傑亞地下空間嗎？,4678209,0,0,0,154,1,1,0,0,False
131165,,要退出「巴哈姆特大迷宮入侵之章」嗎？,4332121,0,0,0,147,1,1,0,0,False
131166,,要進入接待室嗎？,5036036,591750,0,0,395,1,1,0,0,False
131167,,要離開接待室嗎？,5036025,0,0,0,155,1,1,0,0,False
131168,,要離開會場嗎？,5038695,0,0,0,152,1,1,0,0,False
131169,前往海上的大型船,要前往海上的大型船嗎？,5049372,590097,0,0,137,1,1,0,0,False
131170,前往太陽海岸,要前往太陽海岸嗎？,4165755,590098,0,0,137,1,1,0,0,False
131171,,要離開雙劍士行會嗎？,5341046,0,0,0,129,1,1,0,0,False
131172,進入雙劍士行會,要進入雙劍士行會嗎？,5341051,591865,0,0,129,27,1,0,0,False
131173,,要離開碼頭小屋嗎？,5341521,0,0,0,137,1,1,0,0,False
131174,進入碼頭小屋,要進入碼頭小屋嗎？,5341524,591889,591888,0,137,28,1,0,0,False
131175,,要離開艾奧傑亞地下空間嗎？,5404445,0,0,0,147,1,1,0,0,False
131176,,要進入久遠聖堂嗎？,5038252,0,0,0,392,1,8,0,0,False
131177,,要前往陸行鳥廣場嗎？,5448900,591975,0,0,388,1,1,0,0,False
131178,,要前往入口廣場嗎？,5448873,591981,0,0,144,1,1,0,0,False
131179,前往金碟遊樂園,"要前往金碟遊樂園嗎？
不收取任何交通費用。",5649379,0,591990,0,144,29,1,0,0,False
131180,前往金碟遊樂園,"要前往金碟遊樂園嗎？
不收取任何交通費用。",5649379,0,591990,0,144,29,1,0,0,False
131181,前往金碟遊樂園,"要前往金碟遊樂園嗎？
不收取任何交通費用。",5649379,0,591990,0,144,29,1,0,0,False
131182,前往利姆薩·羅敏薩,"要前往利姆薩·羅敏薩嗎？
交通費為120Gil。",4103399,0,0,592264,128,30,1,0,0,False
131183,前往烏爾達哈,"要前往烏爾達哈嗎？
不收取任何交通費用。",4103339,0,0,0,130,1,1,0,0,False
131184,前往格里達尼亞,"要前往格里達尼亞嗎？
交通費為120Gil。",4103382,0,0,592264,132,30,1,0,0,False
131185,,要前往伊修加爾德嗎？,5827477,592249,0,0,418,1,1,0,0,False
131186,,要前往大審門嗎？,5835896,592250,0,0,155,1,1,0,0,False
131187,前往輕羽鬥技場,要進入輕羽鬥技場嗎？,5822019,592251,0,0,439,1,1,0,0,False
131188,前往雲頂營地,"要前往雲頂營地嗎？
不收取任何交通費用。",5835987,0,0,0,401,1,1,0,0,False
131189,,要前往藍天窗嗎？,5836049,592253,0,0,401,1,1,0,0,False
131190,前往魔大陸阿濟茲拉,要前往魔大陸阿濟茲拉嗎？,5836085,592254,0,0,402,1,1,0,0,False
131191,,要進入聖恩達利姆神學院嗎？,5821242,592255,0,0,427,1,1,0,0,False
131192,,要進入福爾唐伯爵府嗎？,5822004,592256,0,0,433,1,1,0,0,False
131193,,要離開聖恩達利姆神學院嗎？,5827748,0,0,0,419,1,1,0,0,False
131194,,要離開神殿騎士團總騎士長室嗎？,5827491,0,0,0,418,1,1,0,0,False
131195,,要離開福爾唐伯爵府嗎？,5827750,0,0,0,419,1,1,0,0,False
131196,,要離開輕羽鬥技場嗎？,5827495,0,0,0,418,1,1,0,0,False
131197,,"要前往伊修加爾德飛艇坪嗎？
不收取任何交通費用。",5835975,592257,0,0,419,1,1,0,0,False
131198,,要前往伊修加爾德飛艇坪嗎？,5835975,0,0,0,419,1,1,0,0,False
131199,,要前往德拉瓦尼亞雲海嗎？,5836077,592259,0,0,400,1,1,0,0,False
131200,,要前往德拉瓦尼亞山麓地嗎？,5836076,0,0,0,398,1,1,0,0,False
131201,,要進入瑪托雅的洞穴嗎？,5851087,0,0,0,463,1,1,0,0,False
131202,,要離開瑪托雅的洞穴嗎？,5822097,0,0,0,399,1,1,0,0,False
131203,,要前往伊修加爾德飛艇坪嗎？,5835975,0,0,0,419,1,1,0,0,False
131204,,,5878288,0,0,0,429,5,9,0,0,False
131205,,要離開嗎？,5878405,0,0,0,418,1,1,0,0,False
131206,,要離開供奉洞嗎？,5857271,0,0,0,398,1,1,0,0,False
131207,,要前往阿爾法管區嗎？,5890154,0,0,0,402,1,1,0,0,False
131208,,要前往貝塔管區嗎？,5890159,0,0,0,402,1,1,0,0,False
131209,,要前往貝塔管區嗎？,5890166,0,0,0,402,1,1,0,0,False
131210,,要前往伽馬管區嗎？,5890180,0,0,0,402,1,1,0,0,False
131211,,要前往伽馬管區嗎？,5890183,0,0,0,402,1,1,0,0,False
131212,,要前往德爾塔管區嗎？,5890184,0,0,0,402,1,1,0,0,False
131213,,要離開魔大陸中樞嗎？,5867863,0,0,0,402,1,1,0,0,False
131214,,要離開亞歷山大關節點嗎？,5959290,0,0,0,399,1,1,0,0,False
131215,,要離開戈耳狄俄斯之結嗎？,5959290,0,0,0,399,1,1,0,0,False
131216,進行談話,要前往開發室嗎？,6034535,592868,0,0,504,31,1,0,0,False
131217,離開開發室,要離開開發室嗎？,6034570,0,0,0,130,1,1,0,0,False
131218,,要通過密道前往德拉瓦尼亞河谷地嗎？,6045307,0,0,0,399,1,1,0,0,False
131219,,要離開雙蛇黨軍營嗎？,6215554,0,0,0,132,1,1,0,0,False
131220,,要前往指路的好心冒險者的所在處嗎？,6235159,0,593136,0,399,32,1,0,0,False
131221,,要離開亞歷山大關節點嗎？,6236358,0,0,0,399,1,1,0,0,False
131222,,要離開彌達斯之結嗎？,6236358,0,0,0,399,1,1,0,0,False
131223,,要前往帕洛克繫留基地嗎？,6256320,0,0,0,567,1,1,0,0,False
131224,,要前往阿巴拉提亞雲海嗎？,6256553,0,0,0,401,1,1,0,0,False
131225,,要進入利奧法德的房間嗎？,6256675,0,0,0,568,1,1,0,0,False
131226,,要離開利奧法德的房間嗎？,6256329,0,0,0,567,1,1,0,0,False
131227,,要前往帕洛克島嗎？,6256327,0,0,0,567,1,1,0,0,False
131228,,要前往飛空艇著陸場嗎？,6256326,0,0,0,567,1,1,0,0,False
131229,前往伊修加爾德,"要前往伊修加爾德嗎？
交通費為150Gil。",5835975,0,0,590453,419,33,1,0,0,False
131230,前往伊修加爾德,"要前往伊修加爾德嗎？
交通費為150Gil。",5835975,0,0,590454,419,33,1,0,0,False
131231,前往伊修加爾德,"要前往伊修加爾德嗎？
交通費為150Gil。",5835975,0,0,590455,419,33,1,0,0,False
131232,前往烏爾達哈,"要前往烏爾達哈嗎？
交通費為150Gil。",4103339,0,0,592480,130,33,1,0,0,False
131233,前往格里達尼亞,"要前往格里達尼亞嗎？
交通費為150Gil。",4103382,0,0,592480,132,33,1,0,0,False
131234,前往利姆薩·羅敏薩,"要前往利姆薩·羅敏薩嗎？
交通費為150Gil。",4103399,0,0,592480,128,33,1,0,0,False
131235,,要前往伊修加爾德嗎？,5827477,0,0,0,418,1,1,0,0,False
131236,,要離開死者宮殿嗎？,6385473,0,0,0,153,1,1,0,0,False
131237,前往伊修加爾德,"要前往伊修加爾德嗎？
交通費為150Gil。",5835975,0,0,592480,419,33,1,0,0,False
131238,前往金碟遊樂園,"要前往金碟遊樂園嗎？
不收取任何交通費用。",5649379,0,0,592264,144,34,1,0,0,False
131239,,要離開中央管制室嗎？,6485807,0,0,0,399,1,1,0,0,False
131240,進行談話,要前往兒科病房嗎？,6483471,593427,593426,0,611,35,1,0,0,False
131241,,要離開兒科病房嗎？,6483427,0,0,0,131,1,1,0,0,False
131242,,要離開中樞大動力室嗎？,6485807,0,0,0,399,1,1,0,0,False
131243,,要離開黑渦團軍營嗎？,6515006,0,0,0,128,1,1,0,0,False
131244,,要離開不滅隊軍營嗎？,6515008,0,0,0,130,1,1,0,0,False
131245,,,6654103,0,0,0,629,5,10,0,0,False
131246,,要離開嗎？,6654162,0,0,0,628,1,1,0,0,False
131247,,要離開歐米茄控制室嗎？,6728838,0,0,0,156,1,1,0,0,False
131248,,,6663537,593638,0,0,641,1,1,0,0,False
131249,,,6654210,593640,593639,0,628,36,1,0,0,False
131250,,要前往阿馬里賽哨塔嗎？,6873899,593642,0,0,152,1,1,0,0,False
131251,,要前往帝國東方堡嗎？,6873933,593643,0,0,612,1,1,0,0,False
131252,,"要前往利姆薩·羅敏薩嗎？
交通費為300Gil。",6873901,0,0,593644,129,37,1,0,0,False
131253,,"要前往黃金港嗎？
交通費為300Gil。",6874066,0,0,593645,628,37,1,0,0,False
131254,,要前往無垢乾谷附近嗎？,6873937,593646,0,0,612,1,1,0,0,False
131255,,要前往尖槍瀑布附近嗎？,6873936,593647,0,0,612,1,1,0,0,False
131256,,要前往阿拉米格人居住區嗎？,6873958,593648,0,0,621,1,1,0,0,False
131257,,要前往地下水路嗎？,6873957,593649,0,0,621,1,1,0,0,False
131258,,要前往阿拉米格人居住區嗎？,6873954,593650,0,0,621,1,1,0,0,False
131259,,要離開阿拉米格人居住區嗎？,6873952,593651,0,0,621,1,1,0,0,False
131260,,要離開烏爾達哈商會館接待室嗎？,6874048,0,0,0,628,1,1,0,0,False
131261,進入烏爾達哈商會館接待室,要進入烏爾達哈商會館接待室嗎？,6874031,593652,0,0,639,1,1,0,0,False
131262,,要前往黃金港飛艇坪嗎？,6874050,0,0,0,628,1,1,0,0,False
131263,,要離開黃金港飛艇坪嗎？,6874054,0,0,0,628,1,1,0,0,False
131264,進入烈士庵,要進入烈士庵嗎？,6874512,593655,0,0,681,1,1,0,0,False
131265,,要進入烈士庵嗎？,6874127,593656,0,0,614,1,1,0,0,False
131266,,要離開烈士庵嗎？,6874125,593657,0,0,614,1,1,0,0,False
131267,,要前往多瑪飛地嗎？,6877425,593661,0,0,682,1,1,0,0,False
131268,,要前往無二江流域嗎？,6877422,593660,0,0,614,1,1,0,0,False
131269,,要走下晨曦王座嗎？,6874086,593658,0,0,622,1,1,0,0,False
131270,,要登上晨曦王座嗎？,6874087,593659,593665,0,622,38,1,0,0,False
131271,,要前往御制監望塔嗎？,6889710,593662,0,0,620,1,1,0,0,False
131272,,要離開御制監望塔嗎？,6889712,593663,0,0,620,1,1,0,0,False
131273,,要離開賈萳寢宮地下祭壇嗎？,6890265,0,0,0,612,1,1,0,0,False
131274,,要前往利姆薩·羅敏薩嗎？,6873901,0,0,0,129,1,1,0,0,False
131275,,要前往滿身傷痕的壯漢的所在地嗎？,6938717,0,593703,0,612,39,1,0,0,False
131276,,要離開屋頂庭園嗎？,6988578,0,0,0,621,1,1,0,0,False
131277,,要移動到門的另一側嗎？,6889710,0,0,0,620,1,1,0,0,False
131278,,要移動到門的另一側嗎？,6889712,0,0,0,620,1,1,0,0,False
131279,,要離開時空狹縫嗎？,6999027,0,0,0,612,1,1,0,0,False
131280,,要離開小黑屋嗎？,7073364,0,0,0,140,1,1,0,0,False
131281,,要前往道具間嗎？,7078657,594538,0,0,735,1,1,0,0,False
131282,,要前往黃金港嗎？,7082407,0,0,0,628,1,1,0,0,False
131283,,要前往艦橋嗎？,7080658,0,0,0,736,1,1,0,0,False
131284,,要前往道具間嗎？,7080809,0,0,0,735,1,1,0,0,False
131285,,要離開阿拉米格王宮嗎？,7083135,0,0,0,621,1,1,0,0,False
131286,,要離開超越技術研究所嗎？,7102724,0,0,0,621,1,1,0,0,False
131287,,要前往空中庭園嗎？,7151251,594578,0,0,740,1,1,0,0,False
131288,,要離開空中庭園嗎？,7103377,0,0,0,621,1,1,0,0,False
131289,,要離開阿拉米格王宮嗎？,7083135,594628,0,0,621,1,1,0,0,False
131290,,"要前往酒杯島嗎？
交通費為30Gil。",7156750,594638,0,594639,613,40,1,0,0,False
131291,,"要前往自凝島嗎？
交通費為30Gil。",7156756,594640,0,594641,613,40,1,0,0,False
131292,,要前往多瑪飛地嗎？,7164043,593661,0,0,739,1,1,0,0,False
131293,,要前往多瑪飛地嗎？,7182462,594559,0,0,759,1,1,0,0,False
131294,,要離開歸燕館嗎？,7226681,0,0,0,759,1,1,0,0,False
131295,進入醴泉神社,要前往醴泉神社嗎？,7239198,594756,0,0,764,1,1,0,0,False
131296,,要前往延夏嗎？,7343563,0,0,0,614,1,1,0,0,False
131297,,要離開醴泉神社嗎？,7239363,594754,0,0,613,1,1,0,0,False
131298,,要離開天之御柱嗎？,7420749,0,0,0,613,1,1,0,0,False
131299,,要前往無垢乾谷附近嗎？,6873937,594718,0,0,612,1,1,0,0,False
131300,,要返回到劇場艇初見號的艦橋嗎？,7080658,594829,0,0,736,1,1,0,0,False
131301,,要飛下朵洛衣樓嗎？,7447849,594861,0,0,622,1,1,0,0,False
131302,,要飛上朵洛衣樓嗎？,7448849,594860,0,0,622,1,1,0,0,False
131303,,要前往廢棄宅邸嗎？,7672498,594983,0,0,809,1,1,0,0,False
131304,,要離開廢棄宅邸嗎？,9383310,0,0,0,133,1,1,0,0,False
131305,,要前往基拉巴尼亞湖區嗎？,7743671,0,0,0,621,1,1,0,0,False
131306,,要前往基拉巴尼亞湖區嗎？,7743671,0,0,0,621,1,1,0,0,False
131307,,要離開呼嘯眼石塔群嗎？,7761499,0,0,0,132,1,1,0,0,False
131308,,要前往道具間等候嗎？,7078657,596781,0,0,735,1,1,0,0,False
131309,,要前往道具間嗎？,7830042,0,0,0,828,1,1,0,0,False
131310,,要前往瓦爾河源流嗎？,7848800,0,0,0,827,1,1,0,0,False
131311,,要離開觀星室嗎？,7878066,0,0,0,819,1,1,0,0,False
131312,,要離開嗎？,7878085,0,0,0,819,1,1,0,0,False
131313,,要前往樹梢層嗎？,7878501,596477,0,0,820,1,1,0,0,False
131314,前往樹根層,要前往樹根層嗎？,7878500,596478,0,0,820,1,1,0,0,False
131315,,要前往觀星室嗎？,7878732,596475,596176,0,844,43,1,0,0,False
131316,進行談話,,7877999,0,0,0,843,41,11,0,0,False
131317,,要前往空無大地嗎？,7933894,0,0,0,878,1,1,0,0,False
131318,,要前往安穆·艾蘭嗎？,7933164,0,0,0,815,1,1,0,0,False
131319,,要前往伊甸內核嗎？,7932479,0,0,0,857,1,1,0,0,False
131320,,要前往空無大地嗎？,7932937,0,0,0,878,1,1,0,0,False
131321,,要前往態度溫和的退役士兵的所在處嗎？,7935659,0,595193,0,814,42,1,0,0,False
131322,,要前往希爾科斯峽谷嗎？,8010128,596573,0,0,842,1,1,0,0,False
131323,,要前往銀淚湖北岸嗎？,8010132,0,0,0,156,1,1,0,0,False
131324,,要接觸裝置，傳送至第一世界嗎？,8010063,596472,0,0,844,1,1,0,0,False
131325,傳送至原初世界,要傳送至原初世界嗎？,8010129,0,0,0,842,1,1,0,0,False
131326,,要前往珂露西亞島嗎？,8010180,0,0,0,814,1,1,0,0,False
131327,,要前往黑風海嗎？,8010338,0,0,0,818,1,1,0,0,False
131328,,要傳送至原初世界嗎？,8010129,596473,0,0,842,1,1,0,0,False
131329,前往珂露西亞島,要前往珂露西亞島嗎？,8015551,596474,0,0,814,1,1,0,0,False
131330,,要前往梯頂嗎？,8015653,596479,0,0,814,1,1,0,0,False
131331,,要前往梯底嗎？,8015648,596480,0,0,814,1,1,0,0,False
131332,,要前往水晶都嗎？,8015796,596482,0,0,819,1,1,0,0,False
131333,,要前往黑風海嗎？,8016454,596481,0,0,818,1,1,0,0,False
131334,,要前往珂露西亞島嗎？,8015677,0,0,0,814,1,1,0,0,False
131335,,要前往安穆·艾蘭嗎？,7980014,596476,0,0,815,1,1,0,0,False
131336,,要前往水晶都嗎？,8015796,595595,0,0,819,1,1,0,0,False
131337,前往水晶都,要前往水晶都嗎？,8015796,596533,0,0,819,1,1,0,0,False
131338,,要前往南琥珀丘嗎？,8050969,596572,0,0,815,1,1,0,0,False
131339,,要前往絡尾部落嗎？,8050970,0,0,0,815,1,1,0,0,False
131340,,要前往阿柯拉塔一層嗎？,8050982,0,0,0,818,1,1,0,0,False
131341,,要前往阿柯拉塔上層嗎？,8050981,0,0,0,818,1,1,0,0,False
131342,前往蒼天街,要前往蒼天街嗎？,8141167,0,0,0,886,45,1,0,0,False
131343,,要前往雲霧街嗎？,8141780,596706,0,0,418,1,1,0,0,False
131344,,要前往伊爾美格嗎？,8141925,596692,0,0,816,1,1,0,0,False
131345,,要前往麗耶美格夢園嗎？,8141929,596691,0,0,890,1,1,0,0,False
131346,,要前往麗耶美格夢園嗎？,8141930,596691,0,0,891,1,1,0,0,False
131347,,要前往麗耶美格夢園嗎？,8141931,596691,0,0,892,1,1,0,0,False
131348,,要離開機械遺跡坑道嗎？,8143255,0,0,0,814,1,1,0,0,False
131349,,要進入機械遺跡坑道嗎？,8143261,0,0,0,895,1,1,0,0,False
131350,,要進入複製工廠廢墟嗎？,8144702,0,0,0,896,1,1,0,0,False
131351,,要離開複製工廠廢墟嗎？,8143262,0,0,0,895,1,1,0,0,False
131352,,要前往第一區嗎？,8149903,0,0,0,896,1,1,0,0,False
131353,,要前往第四區嗎？,8149915,0,0,0,896,1,1,0,0,False
131354,,要前往第二區嗎？,8149924,0,0,0,896,1,1,0,0,False
131355,前往水晶都,要前往水晶都嗎？,8015796,595630,595631,0,819,44,1,0,0,False
131356,前往遊末邦,要前往遊末邦嗎？,8154983,595632,0,0,820,44,1,0,0,False
131357,,要前往第五區嗎？,8193602,0,0,0,896,1,1,0,0,False
131358,,要前往第四區嗎？,8193584,0,0,0,896,1,1,0,0,False
131359,,要前往甘戈斯嗎？,8276340,596734,0,0,915,1,1,0,0,False
131360,,要前往多瑪飛地嗎？,8276336,596735,0,0,759,1,1,0,0,False
131361,,要前往兒科病房嗎？,8321517,596820,596819,0,921,46,1,0,0,False
131362,,要離開兒科病房嗎？,8322370,0,0,0,131,1,1,0,0,False
131363,,要前往珂露西亞島嗎？,8341503,0,0,0,814,1,1,0,0,False
131364,,要前往基拉巴尼亞湖區嗎？,8367474,596931,0,0,621,1,1,0,0,False
131365,,要前往燕鷗崖嗎？,8368019,596932,0,0,919,1,1,0,0,False
131366,,要離開未明之間嗎？,8373584,0,0,0,351,1,1,0,0,False
131367,,要進入未明之間嗎？,8373588,0,0,0,351,1,1,0,0,False
131368,,要離開概念之間嗎？,8373708,0,0,0,814,1,1,0,0,False
131369,,要前往概念之間嗎？,8373710,596922,596923,0,918,48,1,0,0,False
131370,,要前往觀星室嗎？,7878732,596924,596925,0,844,47,1,0,0,False
131371,,要前往阿諾古的房間嗎？,8380784,0,0,0,895,1,1,0,0,False
131372,,要返回機械遺跡坑道嗎？,8378564,0,0,0,895,1,1,0,0,False
131373,,要前往人偶軍事基地嗎？,8380830,0,0,0,928,1,1,0,0,False
131374,,要前往珂露西亞島嗎？,8380461,0,0,0,814,1,1,0,0,False
131375,,,8141780,0,0,0,418,1,12,0,0,False
131376,,要前往侏儒山脈嗎？,8406262,0,0,0,928,1,1,0,0,False
131377,,,8375872,0,0,0,927,1,12,0,0,False
131378,,要從塔內離開前往水晶都嗎？,7878066,0,0,0,819,1,1,0,0,False
131379,,要離開廢棄宅邸嗎？,8460800,0,0,0,144,1,1,0,0,False
131380,,要前往地堡嗎？,8461297,0,0,0,928,1,1,0,0,False
131381,,要前往異星船艦嗎？,8461299,0,0,0,928,1,1,0,0,False
131382,,要前往廢棄宅邸嗎？,8461303,597187,597188,0,809,49,1,0,0,False
131383,,要前往兒科病房嗎？,8509483,597190,0,0,921,1,1,0,0,False
131384,,要離開兒科病房嗎？,8509472,0,0,0,131,1,1,0,0,False
131385,,要前往西薩納蘭嗎？,8537326,0,0,0,140,1,1,0,0,False
131386,,要前往聖羅艾勒廣場嗎？,8547746,597163,0,0,886,1,1,0,0,False
131387,,要前往甘戈斯嗎？,8568002,0,0,0,915,1,1,0,0,False
131388,,要前往空無大地嗎？,7933894,597244,0,0,965,1,1,0,0,False
131389,,要前往彩蛋預言雞舍嗎？,8679245,597351,0,0,133,1,1,0,0,False
131390,,要離開彩蛋預言雞舍嗎？,8678856,597352,0,0,133,1,1,0,0,False
131391,,要前往燕鷗崖嗎？,8657746,597362,0,0,919,1,1,0,0,False
131392,進入夜遊魂總部,要進入夜遊魂總部嗎？,8776840,597661,0,0,971,50,1,0,0,False
131393,,要離開夜遊魂總部嗎？,8777004,0,0,0,131,1,1,0,0,False
131394,,要離開作戰會議室嗎？,8879627,0,0,0,418,1,1,0,0,False
131395,前往穹頂皓天,,8901544,0,0,0,979,51,1,0,0,False
131396,,,8901555,597510,597511,0,418,53,1,0,0,False
131397,,,8934201,597509,0,0,979,1,1,0,0,False
131398,,,8941481,597512,597513,0,886,52,1,0,0,False
131399,前往黃金港,"要前往黃金港嗎？
交通費為300Gil。",7082407,0,0,597643,628,56,1,0,0,False
131400,前往拉札漢,"要前往拉札漢嗎？
交通費為300Gil。",8904508,0,0,597642,963,56,1,0,0,False
131401,前往休息室,,8918004,0,0,0,990,1,13,0,0,False
131402,,要離開嗎？,8917996,0,0,0,962,1,1,0,0,False
131403,,要進入正廳嗎？,8929915,0,0,0,987,1,1,0,0,False
131404,,要離開正廳嗎？,8929839,0,0,0,962,1,1,0,0,False
131405,,"要前往利姆薩·羅敏薩嗎？
交通費為300Gil。",6873901,598556,0,597723,129,58,1,0,0,False
131406,,"要前往舊薩雷安嗎？
交通費為300Gil。",9019549,0,0,597722,962,58,1,0,0,False
131407,,要前往迷津嗎？,8954010,598557,0,0,956,1,1,0,0,False
131408,,要前往舊薩雷安嗎？,8954012,598558,0,0,962,1,1,0,0,False
131409,,要前往拉札漢嗎？,8953665,598559,0,0,963,1,1,0,0,False
131410,,要前往薩維奈島嗎？,8953667,598560,0,0,957,1,1,0,0,False
131411,,要前往中環嗎？,8953996,598561,598555,0,956,59,1,0,0,False
131412,,要前往外環嗎？,8953982,598562,0,0,956,1,1,0,0,False
131413,,要前往內環嗎？,8954001,598563,0,0,956,1,1,0,0,False
131414,,要前往中環嗎？,8954000,598564,0,0,956,1,1,0,0,False
131415,,要前往無路總部下層嗎？,8954006,598565,0,0,956,1,1,0,0,False
131416,,要前往無路總部嗎？,8954005,598566,0,0,956,1,1,0,0,False
131417,,要前往天外天垓嗎？,8953942,598567,0,0,960,1,1,0,0,False
131418,,要前往迷津嗎？,8953972,0,0,0,956,1,1,0,0,False
131419,,要前往阿拉米格人居住區嗎？,8953920,598568,0,0,621,1,1,0,0,False
131420,,要前往加雷馬嗎？,8953889,598569,0,0,958,1,1,0,0,False
131421,,要前往萬魔殿嗎？,8953635,0,0,0,1025,1,14,0,0,False
131422,,要前往厄爾庇斯嗎？,8953634,0,0,0,961,1,14,0,0,False
131423,,要前往目光敏銳的星戰士的所在處嗎？,8953933,0,597693,0,957,57,1,0,0,False
131424,,要前往中層區嗎？,8953619,0,0,0,961,1,1,0,0,False
131425,,要前往出入口嗎？,8953618,0,0,0,961,1,1,0,0,False
131426,,要前往高層區嗎？,8953627,0,0,0,961,1,1,0,0,False
131427,,要前往中層區嗎？,8953626,0,0,0,961,1,1,0,0,False
131428,,要離開母水晶嗎？,8995256,0,0,0,956,1,1,0,0,False
131429,前往烏爾達哈,"要前往烏爾達哈嗎？
交通費為300Gil。",4103339,0,0,597643,130,54,1,0,0,False
131430,前往拉札漢,"要前往拉札漢嗎？
交通費為300Gil。",8904508,0,0,590453,963,54,1,0,0,False
131431,前往格里達尼亞,"要前往格里達尼亞嗎？
交通費為300Gil。",4103382,0,0,597643,132,54,1,0,0,False
131432,前往拉札漢,"要前往拉札漢嗎？
交通費為300Gil。",8904508,0,0,590454,963,54,1,0,0,False
131433,前往利姆薩·羅敏薩,"要前往利姆薩·羅敏薩嗎？
交通費為300Gil。",4103399,0,0,597643,128,54,1,0,0,False
131434,前往拉札漢,"要前往拉札漢嗎？
交通費為300Gil。",8904508,0,0,590455,963,54,1,0,0,False
131435,前往伊修加爾德,"要前往伊修加爾德嗎？
交通費為500Gil。",5835975,0,0,597643,419,55,1,0,0,False
131436,前往拉札漢,"要前往拉札漢嗎？
交通費為500Gil。",8904508,0,0,592480,963,55,1,0,0,False
131437,,要前往瓦銘癸己嗎？,8995906,0,0,0,960,1,15,0,0,False
131438,,要前往瓦銘丙嗎？,8995909,0,0,0,960,1,15,0,0,False
131439,,要前往殘破的傳送門嗎？,8995910,0,0,0,960,1,15,0,0,False
131440,,要前往凋零的傳送門嗎？,8995912,0,0,0,960,1,15,0,0,False
131441,,要前往遺忘的傳送門嗎？,8995914,0,0,0,960,1,15,0,0,False
131442,,要前往奧密克戎基地嗎？,8995915,0,0,0,960,1,15,0,0,False
131443,,要前往空中庭園嗎？,7151251,597655,0,0,740,1,1,0,0,False
131444,,要離開盡頭的終點嗎？,8996315,0,0,0,960,1,1,0,0,False
131445,,要離開天際嗎？,8996315,0,0,0,960,1,1,0,0,False
131446,,要離開廢棄宅邸嗎？,9011003,0,0,0,133,1,1,0,0,False
131447,,要前往廢棄宅邸嗎？,9010999,597658,597659,0,809,1,1,0,0,False
131448,,要前往薩維奈島嗎？,9019548,598570,0,0,957,1,1,0,0,False
131449,,要離開神門之間嗎？,9021011,0,0,0,958,1,1,0,0,False
131450,前往神門之間,要前往神門之間嗎？,9021094,598571,0,0,1024,1,1,0,0,False
131451,,要前往神門之間嗎？,9021101,0,0,0,1024,1,1,0,0,False
131452,,要傳送至觀星室嗎？,9021139,0,0,0,844,1,1,0,0,False
131453,傳送至厄爾庇斯,要傳送至厄爾庇斯嗎？,9021254,0,0,0,961,1,1,0,0,False
131454,,要前往南風航嗎？,9021258,0,0,0,961,1,14,0,0,False
131455,,要前往偏南西風航嗎？,9021260,0,0,0,961,1,14,0,0,False
131456,,要前往偏北西風航嗎？,9021262,0,0,0,961,1,14,0,0,False
131457,,要前往偏南北風航嗎？,9021264,0,0,0,961,1,14,0,0,False
131458,,要前往偏東北風航嗎？,9021268,0,0,0,961,1,14,0,0,False
131459,,要前往東風航嗎？,9021274,0,0,0,961,1,14,0,0,False
131460,,要前往上層嗎？,9020547,0,0,0,959,1,1,0,0,False
131461,,要前往下層嗎？,9020548,0,0,0,959,1,1,0,0,False
131462,,要前往嘆息海嗎？,9021116,0,0,0,959,1,1,0,0,False
131463,,要離開恩塞拉都斯魔導工廠的貨物站嗎？,9021011,0,0,0,958,1,1,0,0,False
131464,,要離開月球深處嗎？,9033592,0,0,0,959,1,1,0,0,False
131465,前往恩塞拉都斯魔導工廠的貨物站,要前往恩塞拉都斯魔導工廠的貨物站嗎？,9024233,598572,0,0,958,1,1,0,0,False
131466,,要前往天外天垓嗎？,8953942,598573,0,0,960,1,1,0,0,False
131467,,要傳送至觀星室嗎？,9021139,0,0,0,844,1,1,0,0,False
131468,,要離開後營門嗎？,9164270,0,0,0,147,1,1,0,0,False
131469,,要離開後營門廢墟嗎？,9164270,0,0,0,147,1,1,0,0,False
131470,閉目狀態下突破至中繼地點,要前往中繼地點嗎？,9174015,598925,0,0,137,60,1,0,0,False
131471,閉目狀態下突破至終點,要前往終點嗎？,9192223,598926,0,0,137,60,1,0,0,False
131472,,要前往翁法洛斯嗎？,9263980,0,0,0,1061,1,1,0,0,False
131473,,要前往摩杜納嗎？,9263987,0,0,0,156,1,1,0,0,False
131474,,要前往薩維奈島嗎？,9270776,0,0,0,957,1,1,0,0,False
131475,,要離開所思大書院禁書庫嗎？,9270762,0,0,0,962,1,1,0,0,False
131476,,要前往尋因星晶鏡嗎？,9318295,0,0,0,1079,1,1,0,0,False
131477,,要前往驚愕所嗎？,9318062,0,0,0,956,1,1,0,0,False
131478,,要前往生命奧秘研究層嗎？,9337844,0,0,0,1093,1,1,0,0,False
131479,,要前往萬魔殿正門嗎？,9321320,0,0,0,1025,1,1,0,0,False
131480,,要前往至福樂土嗎？,9326861,0,0,0,1073,1,1,0,0,False
131481,,要前往至福樂土嗎？,9401245,0,0,0,1074,1,15,0,0,False
131482,傳送至A4調查平臺,要前往A4調查平臺嗎？,9326102,0,0,0,960,1,1,0,0,False
131483,,要前往A4調查平臺嗎？,9325849,0,0,0,960,1,15,0,0,False
131484,,要前往奧密克戎基地嗎？,9325848,0,0,0,960,1,15,0,0,False
131485,傳送至背世咖啡廳,要前往背世咖啡廳嗎？,9325846,0,0,0,960,1,1,0,0,False
131486,傳送至A4調查平臺,要前往A4調查平臺嗎？,9325847,0,0,0,960,1,1,0,0,False
131487,,,0,0,0,0,0,0,0,0,0,False
131488,,要前往特羅亞城嗎？,9387120,0,0,0,1089,1,1,0,0,False
131489,,要前往封寶之間嗎？,9387141,0,0,0,1056,1,1,0,0,False
131490,,要前往特羅亞城嗎？,9387105,0,0,0,1089,1,1,0,0,False
131491,,要前往第四監獄嗎？,9387114,0,0,0,1089,1,1,0,0,False
131492,,要前往水占庭園嗎？,9387076,0,0,0,1089,1,1,0,0,False
131493,,要前往特羅亞城嗎？,9387103,0,0,0,1089,1,1,0,0,False
131494,,要前往零的領域嗎？,9387187,0,0,0,1077,1,1,0,0,False
131495,,要前往水占庭園嗎？,9387083,0,0,0,1089,1,1,0,0,False
131496,,要離開雲使宮客房嗎？,9387215,0,0,0,963,1,1,0,0,False
131497,,,9330752,0,0,0,1055,1,12,0,0,False
131498,,要前往水占庭園嗎？,9391419,599042,0,0,1089,1,1,0,0,False
131499,,要前往第四監獄嗎？,9387120,599047,0,0,1089,1,1,0,0,False
131500,,要前往格里達尼亞嗎？,9383313,0,0,0,133,1,1,0,0,False
131501,,要前往魔人的藏身之處嗎？,9387123,599008,599007,0,1094,62,1,0,0,False
131502,,要前往格里達尼亞嗎？,9383310,0,0,0,133,1,1,0,0,False
131503,,要前往廢棄宅邸嗎？,7672498,599010,599009,0,809,1,1,0,0,False
131504,,要前往魔人的藏身之處嗎？,9387123,599008,599025,0,1094,1,1,0,0,False
131505,,要前往封寶之間嗎？,9404119,599060,0,0,1056,1,1,0,0,False
131506,,要離開巴爾巴莉希亞的領域嗎？,9387187,0,0,0,1077,1,1,0,0,False
131507,,要進入雲使宮客房嗎？,9442673,599106,0,0,1078,1,1,0,0,False
131508,,要前往八劍士前庭嗎？,9560843,599222,0,0,156,1,1,0,0,False
131509,,要前往希望的貨艙嗎？,9562657,0,0,0,959,1,1,0,0,False
131510,,要前往最佳威兔洞嗎？,9562656,0,0,0,959,1,1,0,0,False
131511,,要前往加雷馬嗎？,9564012,0,0,0,958,1,1,0,0,False
131512,,要前往收割村嗎？,9564152,0,0,0,1119,1,1,0,0,False
131513,,要前往白嶺山腹嗎？,9564147,0,0,0,1119,1,1,0,0,False
131514,,要前往冥魂泉嗎？,9564166,0,0,0,1119,1,1,0,0,False
131515,,要前往收割村嗎？,9564162,0,0,0,1119,1,1,0,0,False
131516,,要前往薩維奈島嗎？,9618821,0,0,0,957,1,1,0,0,False
131517,,要離開正統優雷卡嗎？,9686188,0,0,0,156,1,1,0,0,False
131518,閉目狀態下突破至中繼地點,要前往中繼地點嗎？,9702463,599229,0,0,137,1,1,0,0,False
131519,閉目狀態下突破至終點,要前往終點嗎？,9702464,599230,0,0,137,1,1,0,0,False
131520,,要離開帝國中央堡嗎？,9737573,0,0,0,156,1,1,0,0,False
131521,,要離開帝國中央堡嗎？,9737573,0,0,0,156,1,1,0,0,False
131522,,要前往萬魔的產房嗎？,9830193,0,0,0,1158,1,1,0,0,False
131523,,要前往尋因星晶鏡嗎？,9830183,0,0,0,1079,1,1,0,0,False
131524,,要前往拉札漢嗎？,9387215,0,0,0,963,1,1,0,0,False
131525,,要前往元老院站嗎？,9878052,0,0,0,1160,1,1,0,0,False
131526,,要前往加雷馬嗎？,9899262,0,0,0,958,1,1,0,0,False
131527,,要前往嘆息海嗎？,9879485,0,0,0,959,1,1,0,0,False
131528,,要前往紅月嗎？,9906322,0,0,0,1162,1,1,0,0,False
131529,,要前往紅月嗎？,9906335,0,0,0,1162,1,1,0,0,False
131530,,要前往魔人的藏身之處嗎？,9387123,599008,599007,0,1094,67,1,0,0,False
131531,,要前往廢棄宅邸嗎？,7672498,599010,599009,0,809,67,1,0,0,False
131532,,要前往魔人的藏身之處嗎？,9387123,599008,599025,0,1094,1,1,0,0,False
131533,,要前往翁法洛斯嗎？,10101802,0,0,0,1061,1,1,0,0,False
131534,,要前往祝福天球嗎？,10101800,0,0,0,1182,1,1,0,0,False
131535,,要前往紅月嗎？,10110243,0,0,0,1162,1,1,0,0,False
131536,,要前往溪谷深處嗎？,10110418,0,0,0,1184,1,1,0,0,False
131537,,要前往薩維奈島嗎？,10122507,0,0,0,957,1,1,0,0,False
131538,,要前往呼嘯眼石塔群嗎？,10178706,599417,0,0,331,1,1,0,0,False
131539,,要前往金碟巨豆中心廣場嗎？,10215726,599454,599432,0,1197,65,1,0,0,False
131540,,要前往奇妙廣場嗎？,10215942,599455,0,0,144,1,1,0,0,False
131541,,要前往魔大陸中樞嗎？,10235909,0,0,0,507,1,1,0,0,False
131542,,要前往金碟巨豆中心廣場嗎？,10215726,599470,599469,0,1197,65,1,0,0,False
131543,,要前往圖萊尤拉嗎？,10401200,600281,0,0,1185,1,1,0,0,False
131544,,要前往舊薩雷安嗎？,10500003,0,0,0,962,1,1,0,0,False
131545,,要前往舊薩雷安嗎？,10400747,600285,0,0,962,1,1,0,0,False
131546,,要前往奧闊帕恰山嗎？,10332803,2033378,0,0,1187,1,1,0,0,False
131547,,要前往克扎瑪烏卡濕地嗎？,10401190,600289,0,0,1188,1,1,0,0,False
131548,,要前往夏勞尼荒野嗎？,10500001,2033286,0,0,1190,1,1,0,0,False
131549,,要前往亞克特爾樹海嗎？,10553619,2033245,0,0,1189,1,1,0,0,False
131550,,要離開金凰大堂嗎？,10500007,0,0,0,1185,1,1,0,0,False
131551,,要前往圖萊尤拉嗎？,10401196,600293,0,0,1185,1,1,0,0,False
131552,,要前往圖萊尤拉嗎？,10809232,0,0,0,1185,1,1,0,0,False
131553,,要前往深空天坑最深處嗎？,10553637,0,0,0,1222,1,1,0,0,False
131554,,要離開深空天坑最深處嗎？,10553605,0,0,0,1189,1,1,0,0,False
131555,,要前往夏勞尼荒野嗎？,10500065,0,0,0,1190,1,1,0,0,False
131556,,要前往地中天道秘密基地嗎？,10416519,0,0,0,1171,1,1,0,0,False
131557,,要離開地中天道秘密基地嗎？,10500008,0,0,0,1191,1,1,0,0,False
131558,,要前往後室嗎？,10560923,599619,0,0,1207,1,1,0,0,False
131559,,要前往九號解決方案嗎？,10414086,0,0,0,1186,1,1,0,0,False
131560,,要前往深空天坑最深處嗎？,10553639,0,0,0,1222,1,1,0,0,False
131561,,要前往憶想之地嗎？,10553695,0,0,0,1192,1,1,0,0,False
131562,,要前往遺產之地嗎？,10560989,0,0,0,1191,1,1,0,0,False
131563,,要離開次元黃道嗎？,10553712,0,0,0,1192,1,1,0,0,False
131564,,要前往九號解決方案嗎？,10438814,0,0,0,1186,1,1,0,0,False
131565,,要離開三尾健身房嗎？,10438987,0,0,0,1186,1,1,0,0,False
131566,,要進入三尾健身房嗎？,10439091,0,0,0,1223,1,1,0,0,False
131567,,要前往阿卡狄亞協會的休息室嗎？,10439451,0,0,0,1224,1,1,0,0,False
131568,,要前往運河鎮嗎？,10585891,599623,0,0,1192,1,1,0,0,False
131569,,要前往回憶之門嗎？,10585893,599627,0,0,1192,1,1,0,0,False
131570,,要前往昨日樂園嗎？,10585894,599624,0,0,1192,1,1,0,0,False
131571,,要前往回憶之門嗎？,10585895,599628,0,0,1192,1,1,0,0,False
131572,,要前往火山庇護所嗎？,10585897,599625,0,0,1192,1,1,0,0,False
131573,,要前往回憶之門嗎？,10585899,599629,0,0,1192,1,1,0,0,False
131574,,要前往風途園圃嗎？,10585900,599626,0,0,1192,1,1,0,0,False
131575,,要前往回憶之門嗎？,10585901,599630,0,0,1192,1,1,0,0,False
131576,進行談話,,10773747,0,0,0,1205,5,16,0,0,False
131577,,要前往古怪的研究者的所在處嗎？,10800559,0,599937,0,1191,66,1,0,0,False
131578,,要離開嗎？,10811672,0,0,0,1185,1,1,0,0,False
131579,閉目狀態下突破至中繼地點,要前往中繼地點嗎？,10828046,600359,0,0,137,1,1,0,0,False
131580,閉目狀態下突破至終點,要前往終點嗎？,10828047,600360,0,0,137,1,1,0,0,False
131581,,要前往舊薩雷安嗎？,10400747,0,0,0,962,1,1,0,0,False
131582,,,0,0,0,0,0,0,0,0,0,False
131583,,,0,0,0,0,0,0,0,0,0,False
131584,,,0,0,0,0,0,0,0,0,0,False
131585,,,0,0,0,0,0,0,0,0,0,False
131586,,,0,0,0,0,0,0,0,0,0,False
131587,,,0,0,0,0,0,0,0,0,0,False
131588,,,0,0,0,0,0,0,0,0,0,False
131589,,,0,0,0,0,0,0,0,0,0,False
131590,,,0,0,0,0,0,0,0,0,0,False
131591,,,0,0,0,0,0,0,0,0,0,False
131592,,,0,0,0,0,0,0,0,0,0,False
131593,,,0,0,0,0,0,0,0,0,0,False
131594,,,0,0,0,0,0,0,0,0,0,False
131595,,,0,0,0,0,0,0,0,0,0,False
131596,,,0,0,0,0,0,0,0,0,0,False
131597,,,0,0,0,0,0,0,0,0,0,False
131598,,,0,0,0,0,0,0,0,0,0,False
131599,,,0,0,0,0,0,0,0,0,0,False
131600,,,0,0,0,0,0,0,0,0,0,False
