#,Name,Image,UnlockCondition,Unknown_70_1,Unknown_70_2,Unknown3,SortKey,Component,Subtype,Unknown1,Category
0,无,0,1,0,0,0,0,0,0,0,0
1,光泽,194002,1,0,0,0,1,2,0,0,1
2,四边形,194003,1,0,0,0,6,2,0,0,1
3,圆点,194004,1,0,0,0,7,2,0,0,1
4,菱形,194005,1,0,0,0,8,2,0,0,1
5,格纹,194006,1,0,0,0,2,2,0,0,1
6,斜线,194007,1,0,0,0,3,2,0,0,1
7,双色,194008,1,0,0,0,4,2,0,0,1
8,三角形,194009,1,0,0,0,5,2,0,0,1
9,羊皮纸,194010,1,0,0,0,10,2,0,0,1
10,角花,194011,1,0,0,0,9,2,0,0,1
11,阴影,195002,1,0,0,0,1,1,0,0,1
12,光彩,195003,1,0,0,0,2,1,0,0,1
13,圆点,195004,1,0,0,0,3,1,0,0,1
14,手册,195005,1,0,0,0,4,1,0,0,1
15,剪贴簿,195006,1,0,0,0,5,1,0,0,1
16,魔法阵,195007,1,0,0,0,6,1,0,0,1
17,羊皮纸,195008,1,0,0,0,7,1,0,0,1
18,涂料,195009,1,0,0,0,8,1,0,0,1
19,金属看板,195010,1,0,0,0,9,1,0,0,1
20,书籍,195011,1,0,0,0,10,1,0,0,1
21,标签,197002,1,0,0,0,3,3,0,0,1
22,欢迎回来,197003,1,0,0,0,4,3,0,0,1
23,金属圆环,197004,1,0,0,0,5,3,0,0,1
24,职业标签：防护职业,197005,1,0,0,0,6,3,0,0,1
25,职业标签：进攻职业,197006,1,0,0,0,8,3,0,0,1
26,职业标签：治疗职业,197007,1,0,0,0,7,3,0,0,1
27,简易边框：棕色,197008,1,0,0,0,1,3,0,0,1
28,简易边框：金属,197009,1,0,0,0,2,3,0,0,1
29,记事贴,197010,1,0,0,0,9,3,0,0,1
30,剪贴簿,197011,1,0,0,0,10,3,0,0,1
31,黑色,198002,1,0,0,0,3,4,0,0,1
32,白色,198003,1,0,0,0,2,4,0,0,1
33,宝石边框（复杂）,198004,1,0,0,0,5,4,0,0,1
34,宝石边框（简易）,198005,1,0,0,0,4,4,0,0,1
35,利姆萨·罗敏萨,198006,1,0,0,0,6,4,0,0,1
36,格里达尼亚,198007,1,0,0,0,7,4,0,0,1
37,乌尔达哈,198008,1,0,0,0,8,4,0,0,1
38,金属,198009,1,0,0,0,1,4,0,0,1
39,九宫幻卡EX,198010,298,0,0,0,10,4,0,0,1
40,九宫幻卡,198011,298,0,0,0,9,4,0,0,1
41,金币,199002,1,0,0,0,1,5,0,0,1
42,羽毛笔,199003,1,0,0,0,2,5,0,0,1
43,贴纸,199004,1,0,0,0,3,5,0,0,1
44,地图,199005,1,0,0,0,4,5,0,0,1
45,蝴蝶结,199006,1,0,0,0,5,5,0,0,1
46,信件,199007,1,0,0,0,6,5,0,0,1
47,音符,199008,1,0,0,0,7,5,0,0,1
48,花束,199009,1,0,0,0,8,5,0,0,1
49,记事贴,199010,1,0,0,0,9,5,0,0,1
50,邮票,199011,1,0,0,0,10,5,0,0,1
51,剑术师,194201,156,0,0,0,2000,2,0,0,2
52,斧术师,194202,157,0,0,0,2001,2,0,0,2
53,幻术师,194203,158,0,0,0,2002,2,0,0,2
54,格斗家,194204,159,0,0,0,2003,2,0,0,2
55,枪术师,194205,160,0,0,0,2004,2,0,0,2
56,双剑师,194206,161,0,0,0,2005,2,0,0,2
57,弓箭手,194207,162,0,0,0,2006,2,0,0,2
58,咒术师,194208,163,0,0,0,2007,2,0,0,2
59,秘术师,194209,164,0,0,0,2008,2,0,0,2
60,骑士,194210,300,0,0,0,2050,2,0,0,2
61,战士,194211,301,0,0,0,2051,2,0,0,2
62,暗黑骑士,194212,302,0,0,0,2052,2,0,0,2
63,绝枪战士,194213,303,0,0,0,2053,2,0,0,2
64,白魔法师,194214,304,0,0,0,2054,2,0,0,2
65,学者,194215,305,0,0,0,2055,2,0,0,2
66,占星术士,194216,306,0,0,0,2056,2,0,0,2
67,贤者,194217,307,0,0,0,2057,2,0,0,2
68,武僧,194218,308,0,0,0,2058,2,0,0,2
69,龙骑士,194219,309,0,0,0,2059,2,0,0,2
70,忍者,194220,310,0,0,0,2060,2,0,0,2
71,武士,194221,311,0,0,0,2061,2,0,0,2
72,钐镰客,194222,312,0,0,0,2062,2,0,0,2
73,吟游诗人,194223,313,0,0,0,2064,2,0,0,2
74,机工士,194224,314,0,0,0,2065,2,0,0,2
75,舞者,194225,315,0,0,0,2066,2,0,0,2
76,黑魔法师,194226,316,0,0,0,2067,2,0,0,2
77,召唤师,194227,317,0,0,0,2068,2,0,0,2
78,赤魔法师,194228,318,0,0,0,2069,2,0,0,2
79,青魔法师,194229,232,0,0,0,2071,2,0,0,2
80,刻木匠,194230,268,0,0,0,2100,2,0,0,2
81,锻铁匠,194231,269,0,0,0,2101,2,0,0,2
82,铸甲匠,194232,270,0,0,0,2102,2,0,0,2
83,雕金匠,194233,271,0,0,0,2103,2,0,0,2
84,制革匠,194234,272,0,0,0,2104,2,0,0,2
85,裁衣匠,194235,273,0,0,0,2105,2,0,0,2
86,炼金术士,194236,274,0,0,0,2106,2,0,0,2
87,烹调师,194237,275,0,0,0,2107,2,0,0,2
88,采矿工,194238,285,0,0,0,2108,2,0,0,2
89,园艺工,194239,286,0,0,0,2109,2,0,0,2
90,捕鱼人,194240,287,0,0,0,2110,2,0,0,2
91,,0,0,0,0,0,0,0,0,0,0
92,,0,0,0,0,0,0,0,0,0,0
93,,0,0,0,0,0,0,0,0,0,0
94,,0,0,0,0,0,0,0,0,0,0
95,,0,0,0,0,0,0,0,0,0,0
96,,0,0,0,0,0,0,0,0,0,0
97,,0,0,0,0,0,0,0,0,0,0
98,,0,0,0,0,0,0,0,0,0,0
99,,0,0,0,0,0,0,0,0,0,0
100,,0,0,0,0,0,0,0,0,0,0
101,,0,0,0,0,0,0,0,0,0,0
102,,0,0,0,0,0,0,0,0,0,0
103,,0,0,0,0,0,0,0,0,0,0
104,,0,0,0,0,0,0,0,0,0,0
105,,0,0,0,0,0,0,0,0,0,0
106,,0,0,0,0,0,0,0,0,0,0
107,,0,0,0,0,0,0,0,0,0,0
108,,0,0,0,0,0,0,0,0,0,0
109,,0,0,0,0,0,0,0,0,0,0
110,,0,0,0,0,0,0,0,0,0,0
111,,0,0,0,0,0,0,0,0,0,0
112,,0,0,0,0,0,0,0,0,0,0
113,,0,0,0,0,0,0,0,0,0,0
114,,0,0,0,0,0,0,0,0,0,0
115,,0,0,0,0,0,0,0,0,0,0
116,,0,0,0,0,0,0,0,0,0,0
117,,0,0,0,0,0,0,0,0,0,0
118,,0,0,0,0,0,0,0,0,0,0
119,,0,0,0,0,0,0,0,0,0,0
120,,0,0,0,0,0,0,0,0,0,0
121,,0,0,0,0,0,0,0,0,0,0
122,,0,0,0,0,0,0,0,0,0,0
123,,0,0,0,0,0,0,0,0,0,0
124,,0,0,0,0,0,0,0,0,0,0
125,,0,0,0,0,0,0,0,0,0,0
126,,0,0,0,0,0,0,0,0,0,0
127,,0,0,0,0,0,0,0,0,0,0
128,,0,0,0,0,0,0,0,0,0,0
129,,0,0,0,0,0,0,0,0,0,0
130,,0,0,0,0,0,0,0,0,0,0
131,,0,0,0,0,0,0,0,0,0,0
132,,0,0,0,0,0,0,0,0,0,0
133,,0,0,0,0,0,0,0,0,0,0
134,,0,0,0,0,0,0,0,0,0,0
135,,0,0,0,0,0,0,0,0,0,0
136,,0,0,0,0,0,0,0,0,0,0
137,,0,0,0,0,0,0,0,0,0,0
138,,0,0,0,0,0,0,0,0,0,0
139,,0,0,0,0,0,0,0,0,0,0
140,,0,0,0,0,0,0,0,0,0,0
141,,0,0,0,0,0,0,0,0,0,0
142,,0,0,0,0,0,0,0,0,0,0
143,,0,0,0,0,0,0,0,0,0,0
144,,0,0,0,0,0,0,0,0,0,0
145,,0,0,0,0,0,0,0,0,0,0
146,,0,0,0,0,0,0,0,0,0,0
147,,0,0,0,0,0,0,0,0,0,0
148,,0,0,0,0,0,0,0,0,0,0
149,,0,0,0,0,0,0,0,0,0,0
150,,0,0,0,0,0,0,0,0,0,0
151,,0,0,0,0,0,0,0,0,0,0
152,随身神典石1,197901,154,1032,1034,1036,4000,3,0,0,7
153,随身神典石2,197902,155,1033,1035,1037,4001,3,0,0,7
154,随身神典石1,198901,154,1032,1034,1036,4000,4,0,0,7
155,随身神典石2,198902,155,1033,1035,1037,4001,4,0,0,7
156,随身神典石1,199901,154,1032,1034,1036,4000,5,0,0,7
157,随身神典石2,199902,155,1033,1035,1037,4001,5,0,0,7
158,随身神典石1,195901,154,1032,1034,1036,4000,1,0,0,7
159,随身神典石2,195902,155,1033,1035,1037,4001,1,0,0,7
160,巴哈姆特绝境战,195701,319,0,0,0,2500,1,0,0,4
161,巴哈姆特绝境战,197701,319,0,0,0,2500,3,0,0,4
162,巴哈姆特绝境战,198701,319,0,0,0,2500,4,0,0,4
163,巴哈姆特绝境战,199701,319,0,0,0,2500,5,0,0,4
164,究极神兵绝境战,195702,320,0,0,0,2501,1,0,0,4
165,究极神兵绝境战,197702,320,0,0,0,2501,3,0,0,4
166,究极神兵绝境战,198702,320,0,0,0,2501,4,0,0,4
167,究极神兵绝境战,199702,320,0,0,0,2501,5,0,0,4
168,亚历山大绝境战,195703,321,0,0,0,2502,1,0,0,4
169,亚历山大绝境战,197703,321,0,0,0,2502,3,0,0,4
170,亚历山大绝境战,198703,321,0,0,0,2502,4,0,0,4
171,亚历山大绝境战,199703,321,0,0,0,2502,5,0,0,4
172,幻想龙诗绝境战,195704,322,0,0,0,2503,1,0,0,4
173,幻想龙诗绝境战,197704,322,0,0,0,2503,3,0,0,4
174,幻想龙诗绝境战,198704,322,0,0,0,2503,4,0,0,4
175,幻想龙诗绝境战,199704,322,0,0,0,2503,5,0,0,4
176,多变迷宫：希拉狄哈水道,194701,343,0,0,0,2402,2,0,0,4
177,多变迷宫：希拉狄哈水道,197705,343,0,0,0,2402,3,0,0,4
178,,0,0,0,0,0,0,0,0,0,0
179,友好部族任务：奥密克戎族,199966,344,0,0,0,2315,5,0,0,3
180,咖啡厅,194012,1,0,0,0,11,2,0,0,1
181,方块,194013,1,0,0,0,12,2,0,0,1
182,闪闪发光,194014,1,0,0,0,13,2,0,0,1
183,竖条纹,194015,1,0,0,0,14,2,0,0,1
184,横条纹,194016,1,0,0,0,15,2,0,0,1
185,心形,194017,1,0,0,0,16,2,0,0,1
186,折线条纹,194018,1,0,0,0,17,2,0,0,1
187,麻叶花纹,194019,1,0,0,0,18,2,0,0,1
188,格子花纹,194020,1,0,0,0,19,2,0,0,1
189,水晶,194021,1,0,0,0,20,2,0,0,1
190,东方样式,195012,1,0,0,0,11,1,0,0,1
191,折线,198012,1,0,0,0,11,4,0,0,1
192,胶带纸：暖色,198013,1,0,0,0,12,4,0,0,1
193,胶带纸：冷色,198014,1,0,0,0,13,4,0,0,1
194,咖啡厅,199012,1,0,0,0,11,5,0,0,1
195,吉他拨片,199013,347,0,0,0,13,5,0,0,7
196,小提琴,199014,347,0,0,0,12,5,0,0,7
197,宠物：自走人偶001号,234401,348,0,0,0,5600,5,1,0,6
198,宠物：巧儿陆行鸟,234402,349,0,0,0,5000,5,1,0,6
199,宠物：爆弹仔,234403,350,0,0,0,5050,5,1,0,6
200,宠物：贝希摩斯宝宝,234405,351,608,0,793,5051,5,1,0,6
201,宠物：魔界花骨朵,234412,352,0,0,0,5052,5,1,0,6
202,宠物：灰尘兔,234424,353,0,0,0,5063,5,1,0,6
203,宠物：幼小仙人掌,234429,354,0,0,0,5064,5,1,0,6
204,宠物：小壳蟹,234430,355,0,0,0,5065,5,1,0,6
205,宠物：发芽小猩猩,234436,356,0,0,0,5077,5,1,0,6
206,宠物：恶魔砖块,234439,357,0,0,0,5079,5,1,0,6
207,宠物：手指光标,234444,358,609,0,0,5656,5,1,0,6
208,宠物：卢恩人玩偶,234446,359,0,0,0,5350,5,1,0,6
209,宠物：小狼,234450,360,0,0,0,5066,5,1,0,6
210,宠物：长须小豹,234452,361,0,0,0,5057,5,1,0,6
211,宠物：冬贝利玩偶,234453,362,0,0,0,5060,5,1,0,6
212,宠物：魔法扫帚,234471,363,0,0,0,5659,5,1,0,6
213,宠物：莫古力娃娃,234472,364,610,0,795,5002,5,1,0,6
214,宠物：食果花鼠,234487,365,0,0,0,5201,5,1,0,6
215,宠物：猫小胖,234507,366,0,0,0,5202,5,1,0,6
216,宠物：河童童,234511,367,0,0,0,5750,5,1,0,6
217,宠物：追踪系统,234542,368,0,0,0,5650,5,1,0,6
218,宠物：猴面雀儿,234558,369,0,0,0,5092,5,1,0,6
219,宠物：叶小妖妖,234566,370,0,0,0,5094,5,1,0,6
220,宠物：獭獭,234641,371,0,0,0,5251,5,1,0,6
221,宠物：迷你鲶鱼精,234653,372,0,0,0,5351,5,1,0,6
222,宠物：迷你库洛,234660,373,0,0,0,5542,5,1,0,6
223,宠物：豆豆柴,234667,374,0,0,0,5210,5,1,0,6
224,宠物：隆卡的水蛇？,234737,375,0,0,0,5217,5,1,0,6
225,宠物：大河狸,234742,376,0,0,0,5353,5,1,0,6
226,宠物：鲨鱼指挥官,234775,377,0,0,0,5258,5,1,0,6
227,宠物：凯特西娃娃,234404,378,611,0,796,5602,5,1,0,6
228,宠物：青鸟,234416,379,0,0,0,5300,5,1,0,6
229,宠物：渡渡鸟雏,234432,380,0,0,0,5067,5,1,0,6
230,宠物：幼碧企鹅,234435,381,0,0,0,5076,5,1,0,6
231,宠物：睡羊羊,234441,382,0,0,0,5080,5,1,0,6
232,宠物：小小蔓德拉,234442,383,0,0,0,5068,5,1,0,6
233,宠物：不说话的蜂鸟,234462,384,0,0,0,5083,5,1,0,6
234,宠物：梦魔娃娃,234475,385,0,0,0,5085,5,1,0,6
235,宠物：小小吉尔伽美什,234476,386,612,624,0,5570,5,1,0,6
236,宠物：洋葱王子,234477,387,0,0,0,5069,5,1,0,6
237,宠物：茄子骑士,234478,388,0,0,0,5070,5,1,0,6
238,宠物：蒜头明星,234479,389,0,0,0,5071,5,1,0,6
239,宠物：番茄国王,234480,390,0,0,0,5072,5,1,0,6
240,宠物：蔓德拉王后,234481,391,0,0,0,5073,5,1,0,6
241,宠物：迷你奥尔特罗斯,234504,392,0,0,0,5572,5,1,0,6
242,宠物：恩奇都,234521,393,0,0,0,5571,5,1,0,6
243,宠物：小小阿托莫斯,234529,394,0,0,0,5089,5,1,0,6
244,宠物：风筝小猫,234532,395,0,0,0,5090,5,1,0,6
245,宠物：小熊猫,234534,396,0,0,0,5204,5,1,0,6
246,宠物：企鹅王子,234564,397,0,0,0,5304,5,1,0,6
247,宠物：波奇,234600,398,0,0,0,5751,5,1,0,6
248,宠物：疣猪小子,234616,399,0,0,0,5101,5,1,0,6
249,宠物：旅雀儿,234647,400,0,0,0,5305,5,1,0,6
250,宠物：迷你奇美拉,234655,401,0,0,0,5605,5,1,0,6
251,宠物：小雪童子,234719,402,0,0,0,5104,5,1,0,6
252,宠物：小妖狐,234642,403,0,0,0,5207,5,1,0,6
253,宠物：鲸头鹳,234749,404,0,0,0,5306,5,1,0,6
254,宠物：猪小仙,234753,405,0,0,0,5106,5,1,0,6
255,宠物：沙狐,234787,406,0,0,0,5221,5,1,0,6
256,宠物：莫莫拉·莫拉！！！,234796,407,0,0,0,5260,5,1,0,6
257,友好部族任务：仙子族,199962,429,0,0,0,2311,5,0,0,3
258,友好部族任务：奇塔利族,199963,430,0,0,0,2312,5,0,0,3
259,友好部族任务：矮人族,199964,431,0,0,0,2313,5,0,0,3
260,友好部族任务：悌阳象族,199965,432,0,0,0,2314,5,0,0,3
261,友好部族任务：兔兔族,199967,433,0,0,0,2316,5,0,0,3
262,欧米茄绝境验证战,195705,434,0,0,0,2504,1,0,0,4
263,欧米茄绝境验证战,197706,434,0,0,0,2504,3,0,0,4
264,欧米茄绝境验证战,198705,434,0,0,0,2504,4,0,0,4
265,欧米茄绝境验证战,199705,434,0,0,0,2504,5,0,0,4
266,宠物：胖儿陆行鸟,234506,435,0,0,0,5001,5,1,0,6
267,宠物：粘液胶,234451,436,0,0,0,5081,5,1,0,6
268,宠物：奥猴宝宝,234470,437,0,0,0,5084,5,1,0,6
269,宠物：小脚雪人,234508,438,0,0,0,5087,5,1,0,6
270,宠物：浅瞳,234563,439,0,0,0,5093,5,1,0,6
271,宠物：蓝闪蝶,234579,440,0,0,0,5095,5,1,0,6
272,宠物：波罗·罗格,234580,441,0,0,0,5096,5,1,0,6
273,宠物：水小滴,234805,442,0,0,0,5108,5,1,0,6
274,宠物：分福,234646,443,0,0,0,5209,5,1,0,6
275,宠物：小刺猬,234730,444,0,0,0,5215,5,1,0,6
276,宠物：鼯鼠,234862,445,0,0,0,5229,5,1,0,6
277,宠物：吉多,234658,446,0,0,0,5252,5,1,0,6
278,宠物：椒盐海豹,234672,447,0,0,0,5253,5,1,0,6
279,宠物：六角小螈螈,234673,448,0,0,0,5254,5,1,0,6
280,宠物：小鸭嘴兽,234740,449,0,0,0,5256,5,1,0,6
281,宠物：丑小鸭,234531,450,0,0,0,5302,5,1,0,6
282,宠物：白小虎,234684,451,0,0,0,5463,5,1,0,6
283,宠物：朱孔雀,234703,452,0,0,0,5464,5,1,0,6
284,宠物：青帝,234727,453,0,0,0,5466,5,1,0,6
285,宠物：迷你雅·修特拉,234500,454,0,0,0,5500,5,1,0,6
286,宠物：迷你敏菲利亚,234488,455,0,0,0,5503,5,1,0,6
287,宠物：迷你桑克瑞德,234489,456,0,0,0,5504,5,1,0,6
288,宠物：迷你伊达,234501,457,0,0,0,5506,5,1,0,6
289,宠物：迷你帕帕力莫,234502,458,0,0,0,5508,5,1,0,6
290,宠物：迷你于里昂热,234503,459,0,0,0,5509,5,1,0,6
291,宠物：迷你阿尔菲诺,234519,460,0,0,0,5513,5,1,0,6
292,宠物：迷你阿莉塞,234520,461,0,0,0,5514,5,1,0,6
293,宠物：迷你塔塔露,234526,462,0,0,0,5516,5,1,0,6
294,宠物：迷你西德,234527,463,0,0,0,5518,5,1,0,6
295,宠物：猫耳小小员,234856,464,0,0,0,5608,5,1,0,6
296,深层迷宫：正统优雷卡1,197711,465,0,0,0,2358,3,0,0,4
297,深层迷宫：正统优雷卡2,197712,466,0,0,0,2359,3,0,0,4
298,第七星历编年史：四圣兽奇谭,198706,467,0,0,0,2251,4,0,0,3
299,开拓无人岛1,198707,468,0,0,0,2340,4,0,0,8
300,开拓无人岛2,198708,469,0,0,0,2341,4,0,0,8
301,开拓无人岛1,199706,468,0,0,0,2340,5,0,0,8
302,开拓无人岛2,199707,469,0,0,0,2341,5,0,0,8
303,宠物：擦擦羽衣精,234863,472,0,0,0,5114,5,1,0,6
304,宠物：吉娃汪,234848,473,0,0,0,5230,5,1,0,6
305,宠物：肥肥风筝猫,234784,474,0,0,0,5091,5,1,0,6
306,宠物：娜娜珂小熊,234485,475,0,0,0,5200,5,1,0,6
307,宠物：黑豆柴,234733,476,0,0,0,5211,5,1,0,6
308,宠物：小树袋熊,234671,477,0,0,0,5212,5,1,0,6
309,宠物：水豚幼崽,234716,478,0,0,0,5214,5,1,0,6
310,宠物：小旗,234822,479,0,0,0,5223,5,1,0,6
311,宠物：柯基犬,234867,480,0,0,0,5231,5,1,0,6
312,宠物：银山雀儿,234771,481,0,0,0,5307,5,1,0,6
313,宠物：小草贤人,234838,482,0,0,0,5113,5,1,0,6
314,宠物：悌阳象族人偶,234844,483,0,0,0,5401,5,1,0,6
315,宠物：格雷布洛弗玩偶,234839,484,0,0,0,5354,5,1,0,6
316,宠物：探明威,234872,485,0,0,0,5355,5,1,0,6
317,宠物：集成奥密克戎,234825,486,0,0,0,5652,5,1,0,6
318,宠物：迷你欧米茄M,234744,487,0,0,0,5151,5,1,0,6
319,宠物：迷你欧米茄F,234745,488,0,0,0,5152,5,1,0,6
320,宠物：迷你欧米茄,234705,489,0,0,0,5150,5,1,0,6
321,宠物：迷你阿尔法,234704,490,0,0,0,5577,5,1,0,6
322,宠物：迷你可露儿,234605,491,0,0,0,5519,5,1,0,6
323,宠物：迷你穆恩布瑞达,234624,492,0,0,0,5521,5,1,0,6
324,宠物：非正宗调查员,234515,493,0,0,0,5522,5,1,0,6
325,宠物：迷你娜娜莫,234499,494,613,625,0,5528,5,1,0,6
326,宠物：迷你奥尔什方,234568,495,0,0,0,5532,5,1,0,6
327,宠物：迷你艾默里克,234606,496,0,0,0,5534,5,1,0,6
328,宠物：迷你埃斯蒂尼安,234628,497,0,0,0,5536,5,1,0,6
329,宠物：迷你尼禄,234575,498,0,0,0,5533,5,1,0,6
330,宠物：袖珍劳班,234555,499,614,621,0,5526,5,1,0,6
331,宠物：袖珍嘉恩·艾,234553,500,615,622,0,5525,5,1,0,6
332,宠物：袖珍梅尔维布,234554,501,616,623,0,5524,5,1,0,6
333,友好部族任务：甲人族,199960,524,0,0,0,2308,5,0,0,3
334,友好部族任务：阿难陀族,199959,525,0,0,0,2309,5,0,0,3
335,友好部族任务：鲶鱼精族,199961,526,0,0,0,2310,5,0,0,3
336,时代的终结,197713,527,0,0,0,2250,3,0,0,3
337,时代的终结,198709,527,0,0,0,2250,4,0,0,3
338,时代的终结,199708,527,0,0,0,2250,5,0,0,3
339,10周年纪念,198710,523,0,0,0,3950,4,0,0,7
340,10周年纪念,199709,523,0,0,0,3950,5,0,0,7
341,多变迷宫：六根山,194702,528,0,0,0,2403,2,0,0,4
342,多变迷宫：六根山,197714,528,0,0,0,2403,3,0,0,4
343,海钓爱好者,195706,529,0,0,0,2346,1,0,0,8
344,海钓爱好者,197715,529,0,0,0,2345,3,0,0,8
345,海钓爱好者,198711,529,0,0,0,2346,4,0,0,8
346,海钓爱好者,199710,529,0,0,0,2345,5,0,0,8
347,愿者上钩,195707,530,0,0,0,2347,1,0,0,8
348,愿者上钩,197716,530,0,0,0,2346,3,0,0,8
349,愿者上钩,198712,530,0,0,0,2347,4,0,0,8
350,愿者上钩,199711,530,0,0,0,2346,5,0,0,8
351,运筹帷幄,195708,531,0,0,0,2350,1,0,0,8
352,运筹帷幄,198713,531,0,0,0,2350,4,0,0,8
353,运筹帷幄,199712,531,0,0,0,2350,5,0,0,8
354,时代的终结,195709,527,0,0,0,2250,1,0,0,3
355,宠物：私用棒槌树,234873,534,0,0,0,5074,5,1,0,6
356,宠物：忍犬白丸,234886,535,0,0,0,5233,5,1,0,6
357,宠物：忍犬黑丸,234890,536,0,0,0,5234,5,1,0,6
358,宠物：迷你莫艾石像,234678,537,0,0,0,5662,5,1,0,6
359,宠物：迷你阿泽玛,234851,538,0,0,0,5158,5,1,0,6
360,宠物：迷你哈罗妮,234874,539,0,0,0,5159,5,1,0,6
361,宠物：迷你奥修昂,234894,540,0,0,0,5160,5,1,0,6
362,宠物：砂砾小像兵,234419,541,0,0,0,5059,5,1,0,6
363,宠物：小木乃伊,234509,542,0,0,0,5088,5,1,0,6
364,宠物：芬里尔幼崽,234582,543,0,0,0,5097,5,1,0,6
365,宠物：小凉南希,234761,544,0,0,0,5107,5,1,0,6
366,宠物：小矮兔,234609,545,0,0,0,5206,5,1,0,6
367,宠物：狐獴,234756,546,0,0,0,5220,5,1,0,6
368,宠物：暗斗鱼苗,234510,547,0,0,0,5250,5,1,0,6
369,宠物：猫头小鹰,234530,548,0,0,0,5301,5,1,0,6
370,宠物：猎鹰,234562,549,0,0,0,5303,5,1,0,6
371,宠物：蓝足鲣鸟,234853,550,0,0,0,5309,5,1,0,6
372,宠物：新型迷你雅·修特拉,234596,551,0,0,0,5501,5,1,0,6
373,宠物：新型迷你桑克瑞德,234617,552,0,0,0,5505,5,1,0,6
374,宠物：迷你路易索瓦,234512,553,0,0,0,5511,5,1,0,6
375,宠物：新型迷你阿莉塞,234618,554,0,0,0,5515,5,1,0,6
376,宠物：迷你戈德伯特,234876,555,0,0,0,5523,5,1,0,6
377,宠物：迷你冰之巫女,234538,556,617,0,802,5529,5,1,0,6
378,宠物：迷你夕雾,234543,557,618,0,803,5530,5,1,0,6
379,宠物：迷你艾达,234619,558,0,0,0,5535,5,1,0,6
380,宠物：迷你熙洛,234698,559,0,0,0,5541,5,1,0,6
381,宠物：迷你古·拉哈,234706,560,0,0,0,5548,5,1,0,6
382,宠物：尘世幻龙,234518,561,0,0,0,5573,5,1,0,6
383,宠物：迷你赫拉斯瓦尔格,234629,562,619,626,804,5574,5,1,0,6
384,宠物：迷你尼德霍格,234633,563,620,0,805,5575,5,1,0,6
385,宠物：粉红糖豆人,234899,564,0,0,0,5800,5,1,0,6
386,宠物：糖豆企鹅,234900,565,0,0,0,5801,5,1,0,6
387,宠物：小托加尔,234898,566,0,0,0,5701,5,1,0,6
388,友好部族任务：瓦努族,199956,567,0,0,0,2305,5,0,0,3
389,友好部族任务：骨颌族,199957,568,0,0,0,2306,5,0,0,3
390,友好部族任务：莫古力族,199958,569,0,0,0,2307,5,0,0,3
391,艾欧泽亚神话,197720,572,0,0,0,2252,3,0,0,3
392,艾欧泽亚神话,198717,572,0,0,0,2252,4,0,0,3
393,艾欧泽亚神话,199715,572,0,0,0,2252,5,0,0,3
394,塔塔露的大繁荣商店,197719,573,0,0,0,2242,3,0,0,3
395,塔塔露的大繁荣商店,198716,573,0,0,0,2242,4,0,0,3
396,多变迷宫：阿罗阿罗岛,194703,574,0,0,0,2404,2,0,0,4
397,多变迷宫：阿罗阿罗岛,197721,574,0,0,0,2404,3,0,0,4
398,天书奇谈,195710,570,0,0,0,2351,1,0,0,8
399,天书奇谈,197717,570,0,0,0,2351,3,0,0,8
400,天书奇谈,198714,570,0,0,0,2351,4,0,0,8
401,天书奇谈,199713,570,0,0,0,2351,5,0,0,8
402,幻巧拼图,195711,571,0,0,0,2352,1,0,0,8
403,幻巧拼图,197718,571,0,0,0,2352,3,0,0,8
404,幻巧拼图,198715,571,0,0,0,2352,4,0,0,8
405,幻巧拼图,199714,571,0,0,0,2352,5,0,0,8
406,金碟巨豆中心1,195712,575,0,0,0,3951,1,0,0,7
407,金碟巨豆中心2,195713,576,0,0,0,3952,1,0,0,7
408,金碟巨豆中心3,195714,577,0,0,0,3953,1,0,0,7
409,妖怪手表,195715,607,0,0,0,3954,1,0,0,7
410,妖怪手表,198718,607,0,0,0,3954,4,0,0,7
411,妖怪手表,199716,607,0,0,0,3954,5,0,0,7
412,宠物：雷普鲁,234906,643,0,0,0,5216,5,1,0,6
413,宠物：乌洛萨帕,234891,644,0,0,0,5311,5,1,0,6
414,宠物：矿爬虫虫,234433,645,0,0,0,5075,5,1,0,6
415,宠物：西德尼亚丘灵,234895,646,0,0,0,5667,5,1,0,6
416,宠物：可幽可幽玩偶,234854,647,0,0,0,5700,5,1,0,6
417,宠物：海鹦,234878,648,0,0,0,5310,5,1,0,6
418,宠物：黑小猩,234883,649,0,0,0,5232,5,1,0,6
419,宠物：迷你莉瑟,234648,658,0,0,0,5507,5,1,0,6
420,宠物：迷你飞燕,234664,659,0,0,0,5540,5,1,0,6
421,宠物：新型迷你夕雾,234649,660,0,0,0,5531,5,1,0,6
422,宠物：迷你豪雪,234650,661,0,0,0,5538,5,1,0,6
423,宠物：迷你夜露,234651,662,708,714,806,5539,5,1,0,6
424,宠物：迷你格林瓦特,234652,663,0,0,0,5546,5,1,0,6
425,宠物：新型迷你劳班,234676,664,0,0,0,5527,5,1,0,6
426,宠物：迷你玛格奈,234682,665,0,0,0,5544,5,1,0,6
427,宠物：迷你其日娜,234697,666,0,0,0,5543,5,1,0,6
428,宠物：迷你纱都,234696,667,0,0,0,5545,5,1,0,6
429,宠物：新型迷你塔塔露,234720,668,709,715,807,5517,5,1,0,6
430,宠物：朱雀机关人偶,234743,669,710,716,808,5465,5,1,0,6
431,宠物：迷你第一世界雅·修特拉,234731,670,0,0,0,5502,5,1,0,6
432,宠物：新型迷你于里昂热,234829,671,0,0,0,5510,5,1,0,6
433,宠物：新型迷你埃斯蒂尼安,234760,672,0,0,0,5537,5,1,0,6
434,宠物：迷你莱楠,234816,673,711,717,809,5555,5,1,0,6
435,宠物：迷你鲁纳尔,234817,674,712,718,810,5556,5,1,0,6
436,宠物：迷你杜丽雅,234776,675,713,719,811,5550,5,1,0,6
437,宠物：迷你琳,234732,676,0,0,0,5549,5,1,0,6
438,宠物：迷你盖娅,234798,677,0,0,0,5553,5,1,0,6
439,宠物：猫秘玩偶,234781,678,0,0,0,5551,5,1,0,6
440,宠物：迷你阿尔博特,234782,679,0,0,0,5552,5,1,0,6
441,宠物：发条索鲁斯,234855,680,0,0,0,5559,5,1,0,6
442,宠物：小松鼠,234413,650,0,0,0,5053,5,1,0,6
443,宠物：魔菇宝,234414,651,0,0,0,5054,5,1,0,6
444,宠物：沙蚤虫虫,234415,652,0,0,0,5055,5,1,0,6
445,宠物：长须小黑豹,234514,653,0,0,0,5058,5,1,0,6
446,宠物：盗龙小宝,234421,654,0,0,0,5062,5,1,0,6
447,宠物：夺心小魔,234461,655,0,0,0,5082,5,1,0,6
448,宠物：独角幼兽,234528,656,0,0,0,5203,5,1,0,6
449,宠物：格斯塔拉,234539,657,0,0,0,5205,5,1,0,6
450,蝰蛇剑士,194241,705,0,0,0,2063,2,0,0,2
451,绘灵法师,194242,706,0,0,0,2070,2,0,0,2
452,友好部族任务：地灵族,199954,694,0,0,0,2302,5,0,0,3
453,友好部族任务：妖精族,199952,695,0,0,0,2301,5,0,0,3
454,友好部族任务：蜥蜴人族,199951,696,0,0,0,2300,5,0,0,3
455,友好部族任务：鱼人族,199955,697,0,0,0,2303,5,0,0,3
456,友好部族任务：鸟人族,199953,698,0,0,0,2304,5,0,0,3
457,图莱尤拉1,195662,701,0,0,0,1036,1,0,0,9
458,图莱尤拉1,197662,701,0,0,0,1036,3,0,0,9
459,图莱尤拉1,198662,701,0,0,0,1036,4,0,0,9
460,图莱尤拉2,195663,702,0,0,0,1037,1,0,0,9
461,图莱尤拉2,197663,702,0,0,0,1037,3,0,0,9
462,图莱尤拉2,198663,702,0,0,0,1037,4,0,0,9
463,九号解决方案1,195664,699,0,0,0,1038,1,0,0,9
464,九号解决方案1,197664,699,0,0,0,1038,3,0,0,9
465,九号解决方案1,198664,699,0,0,0,1038,4,0,0,9
466,九号解决方案2,195665,700,0,0,0,1039,1,0,0,9
467,九号解决方案2,197665,700,0,0,0,1039,3,0,0,9
468,九号解决方案2,198665,700,0,0,0,1039,4,0,0,9
469,宠物：聪慧小海豚,234810,729,0,0,0,5261,5,1,0,6
470,宠物：游星鸟,234827,730,0,0,0,5578,5,1,0,6
471,宠物：纳夏猫,234828,731,0,0,0,5224,5,1,0,6
472,宠物：迷你弗栗多,234830,732,0,0,0,5576,5,1,0,6
473,宠物：蟹蟹,234832,733,0,0,0,5226,5,1,0,6
474,宠物：月面仙人刺王子,234833,734,0,0,0,5111,5,1,0,6
475,宠物：小小守护者,234841,735,0,0,0,5558,5,1,0,6
476,宠物：王家仙人刺,234843,736,0,0,0,5112,5,1,0,6
477,宠物：迷你好友,234865,737,0,0,0,5561,5,1,0,6
478,宠物：迷你埃里克特翁尼亚斯,234866,738,0,0,0,5562,5,1,0,6
479,宠物：迷你艾多纽斯,234877,739,0,0,0,5560,5,1,0,6
480,宠物：迷你雅典娜,234887,740,0,0,0,5563,5,1,0,6
481,宠物：休假小员,234896,741,0,0,0,5609,5,1,0,6
482,宠物：海德林偶像,234901,742,784,788,812,5568,5,1,0,6
483,宠物：佐迪亚克偶像,234902,743,785,789,813,5569,5,1,0,6
484,宠物：迷你富尔什诺,234903,744,786,790,814,5512,5,1,0,6
485,宠物：小羊驼,234909,745,0,0,0,5235,5,1,0,6
486,宠物：伊克提,234912,746,0,0,0,5237,5,1,0,6
487,宠物：小绿鸟,234913,747,0,0,0,5313,5,1,0,6
488,宠物：小巧郊狼,234914,748,0,0,0,5238,5,1,0,6
489,宠物：玉米大人,234916,749,0,0,0,5668,5,1,0,6
490,宠物：酒杯刺,234917,750,0,0,0,5115,5,1,0,6
491,宠物：蓝猫,234918,751,0,0,0,5239,5,1,0,6
492,宠物：铁皮哨兵T1,234922,752,0,0,0,5653,5,1,0,6
493,宠物：新型迷你可露儿,234925,753,0,0,0,5520,5,1,0,6
494,宠物：迷你零,234926,754,787,791,815,5565,5,1,0,6
495,宠物：迷你埃伦维尔,234927,755,0,0,0,5567,5,1,0,6
496,友好部族任务：佩鲁佩鲁族,199968,767,0,0,0,2317,5,0,0,3
497,伊修加德1,195654,768,0,0,0,1020,1,0,0,9
498,伊修加德1,197654,768,0,0,0,1020,3,0,0,9
499,伊修加德1,198654,768,0,0,0,1020,4,0,0,9
500,伊修加德2,195672,769,0,0,0,1021,1,0,0,9
501,伊修加德2,197672,769,0,0,0,1021,3,0,0,9
502,伊修加德2,198672,769,0,0,0,1021,4,0,0,9
503,田园郡1,195655,770,0,0,0,1022,1,0,0,9
504,田园郡1,197655,770,0,0,0,1022,3,0,0,9
505,田园郡1,198655,770,0,0,0,1022,4,0,0,9
506,田园郡2,195673,771,0,0,0,1023,1,0,0,9
507,田园郡2,197673,771,0,0,0,1023,3,0,0,9
508,田园郡2,198673,771,0,0,0,1023,4,0,0,9
509,黄金港1,195656,772,0,0,0,1024,1,0,0,9
510,黄金港1,197656,772,0,0,0,1024,3,0,0,9
511,黄金港1,198656,772,0,0,0,1024,4,0,0,9
512,黄金港2,195668,773,0,0,0,1025,1,0,0,9
513,黄金港2,197666,773,0,0,0,1025,3,0,0,9
514,黄金港2,198666,773,0,0,0,1025,4,0,0,9
515,神拳痕1,195657,774,0,0,0,1026,1,0,0,9
516,神拳痕1,197657,774,0,0,0,1026,3,0,0,9
517,神拳痕1,198657,774,0,0,0,1026,4,0,0,9
518,神拳痕2,195669,775,0,0,0,1027,1,0,0,9
519,神拳痕2,197667,775,0,0,0,1027,3,0,0,9
520,神拳痕2,198667,775,0,0,0,1027,4,0,0,9
521,水晶都1,195658,776,0,0,0,1028,1,0,0,9
522,水晶都1,197658,776,0,0,0,1028,3,0,0,9
523,水晶都1,198658,776,0,0,0,1028,4,0,0,9
524,水晶都2,195670,777,0,0,0,1029,1,0,0,9
525,水晶都2,197670,777,0,0,0,1029,3,0,0,9
526,水晶都2,198670,777,0,0,0,1029,4,0,0,9
527,游末邦1,195659,778,0,0,0,1030,1,0,0,9
528,游末邦1,197659,778,0,0,0,1030,3,0,0,9
529,游末邦1,198659,778,0,0,0,1030,4,0,0,9
530,游末邦2,195671,779,0,0,0,1031,1,0,0,9
531,游末邦2,197671,779,0,0,0,1031,3,0,0,9
532,游末邦2,198671,779,0,0,0,1031,4,0,0,9
533,旧萨雷安1,195660,780,0,0,0,1032,1,0,0,9
534,旧萨雷安1,197660,780,0,0,0,1032,3,0,0,9
535,旧萨雷安1,198660,780,0,0,0,1032,4,0,0,9
536,旧萨雷安2,195666,781,0,0,0,1033,1,0,0,9
537,旧萨雷安2,197668,781,0,0,0,1033,3,0,0,9
538,旧萨雷安2,198668,781,0,0,0,1033,4,0,0,9
539,拉札罕1,195661,782,0,0,0,1034,1,0,0,9
540,拉札罕1,197661,782,0,0,0,1034,3,0,0,9
541,拉札罕1,198661,782,0,0,0,1034,4,0,0,9
542,拉札罕2,195667,783,0,0,0,1035,1,0,0,9
543,拉札罕2,197669,783,0,0,0,1035,3,0,0,9
544,拉札罕2,198669,783,0,0,0,1035,4,0,0,9
545,宠物：大脚小猿,234608,822,0,0,0,5100,5,1,0,6
546,宠物：黑小猫,234924,823,0,0,0,5153,5,1,0,6
547,宠物：虎斑次郎,234643,824,0,0,0,5208,5,1,0,6
548,宠物：霍啪栌的水蛇？,234769,825,0,0,0,5218,5,1,0,6
549,宠物：奇塔利的水蛇？,234770,826,0,0,0,5219,5,1,0,6
550,宠物：小小食蚁兽,234809,827,0,0,0,5222,5,1,0,6
551,宠物：河马幼崽,234831,828,0,0,0,5225,5,1,0,6
552,宠物：袋鼠玩偶,234845,829,0,0,0,5228,5,1,0,6
553,宠物：跃阳兔,234932,830,0,0,0,5240,5,1,0,6
554,宠物：舞海月,234683,831,0,0,0,5255,5,1,0,6
555,宠物：多玛金鱼儿,234759,832,0,0,0,5257,5,1,0,6
556,宠物：拉拉鳄,234778,833,0,0,0,5259,5,1,0,6
557,宠物：小小海牛,234907,834,0,0,0,5262,5,1,0,6
558,宠物：小小巨嘴鸟,234931,835,0,0,0,5314,5,1,0,6
559,宠物：伊弗利特之形,234567,836,0,0,0,5450,5,1,0,6
560,宠物：迦楼罗之形,234572,837,0,0,0,5451,5,1,0,6
561,宠物：泰坦之形,234573,838,0,0,0,5452,5,1,0,6
562,宠物：利维亚桑之形,234574,839,0,0,0,5453,5,1,0,6
563,宠物：拉姆之形,234598,840,0,0,0,5454,5,1,0,6
564,宠物：希瓦之形,234599,841,0,0,0,5455,5,1,0,6
565,宠物：奥丁战偶,234468,842,0,0,0,5456,5,1,0,6
566,宠物：俾斯麦之形,234663,843,0,0,0,5457,5,1,0,6
567,宠物：罗波那之形,234665,844,0,0,0,5458,5,1,0,6
568,宠物：须佐之男之形,234661,845,0,0,0,5459,5,1,0,6
569,宠物：吉祥天女之形,234662,846,0,0,0,5460,5,1,0,6
570,宠物：迷你特弥斯,234938,847,0,0,0,5564,5,1,0,6
571,宠物：佩鲁佩鲁族玩偶,234934,848,0,0,0,5610,5,1,0,6
572,宠物：铁皮士兵S3,234935,849,0,0,0,5654,5,1,0,6
573,宠物：亚拉戈西瓜,234786,850,0,0,0,5664,5,1,0,6
574,宠物：祭品大人,234936,851,0,0,0,5669,5,1,0,6
575,光暗未来绝境战,195716,872,0,0,0,2505,1,0,0,4
576,光暗未来绝境战,197722,872,0,0,0,2505,3,0,0,4
577,光暗未来绝境战,198719,872,0,0,0,2505,4,0,0,4
578,光暗未来绝境战,199717,872,0,0,0,2505,5,0,0,4
579,友好部族任务：辉鳞族,199969,873,0,0,0,2318,5,0,0,3
580,深层迷宫：死者宫殿1,197707,874,0,0,0,2354,3,0,0,4
581,深层迷宫：死者宫殿2,197708,875,0,0,0,2355,3,0,0,4
582,深层迷宫：天之御柱1,197709,876,0,0,0,2356,3,0,0,4
583,深层迷宫：天之御柱2,197710,877,0,0,0,2357,3,0,0,4
584,蜃景幻界新月岛,195717,879,0,0,0,2405,1,0,0,4
585,蜃景幻界新月岛,197723,879,0,0,0,2406,3,0,0,4
586,蜃景幻界新月岛,198720,879,0,0,0,2405,4,0,0,4
587,宇宙探索1,195718,878,0,0,0,2343,1,0,0,8
588,宇宙探索1,198721,878,0,0,0,2343,4,0,0,8
589,宇宙探索1,199718,878,0,0,0,2343,5,0,0,8
590,宠物：橄榄宝石兽,234544,885,0,0,0,5603,5,1,0,6
591,宠物：金绿宝石兽,234545,886,0,0,0,5604,5,1,0,6
592,宠物：吉吉,234630,887,0,0,0,5601,5,1,0,6
593,宠物：神龙玩偶,234675,888,0,0,0,5461,5,1,0,6
594,宠物：白鼬,234679,889,0,0,0,5213,5,1,0,6
595,宠物：月读之形,234699,890,0,0,0,5462,5,1,0,6
596,宠物：迷你芙兰,234725,891,0,0,0,5547,5,1,0,6
597,宠物：水妖人偶,234735,892,0,0,0,5352,5,1,0,6
598,宠物：小小古代人,234774,893,0,0,0,5607,5,1,0,6
599,宠物：海小鸥,234808,894,0,0,0,5308,5,1,0,6
600,宠物：仙人刺女士,234812,895,0,0,0,5554,5,1,0,6
601,宠物：迷你贡希尔德,234818,896,0,0,0,5557,5,1,0,6
602,宠物：神杖小蛇,234835,897,0,0,0,5227,5,1,0,6
603,宠物：迷你斯卡米留尼,234860,898,0,0,0,5470,5,1,0,6
604,宠物：迷你凯纳槽,234871,899,0,0,0,5471,5,1,0,6
605,宠物：迷你巴尔巴莉希娅,234888,900,0,0,0,5472,5,1,0,6
606,宠物：迷你高贝扎,234897,901,0,0,0,5473,5,1,0,6
607,宠物：普萨玛忒,234949,902,0,0,0,5117,5,1,0,6
608,宠物：那伊阿德,234950,903,0,0,0,5118,5,1,0,6
609,宠物：得摩斯,234951,904,0,0,0,5119,5,1,0,6
610,宠物：加提卡小叶灵,234944,905,0,0,0,5116,5,1,0,6
611,宠物：迷你古鲁加加,234945,906,0,0,0,5566,5,1,0,6
612,宠物：迷你工程小车,234948,907,0,0,0,5655,5,1,0,6
613,宠物：零钱龟,234952,908,0,0,0,5120,5,1,0,6
614,宠物：王家猎犬,234953,909,0,0,0,5241,5,1,0,6
615,宠物：斯卡拉乌洛萨帕,234941,910,0,0,0,5312,5,1,0,6
616,宠物：鹭鹰龙宝宝,234954,911,0,0,0,5752,5,1,0,6
617,宠物：回复蜜虫,234955,912,0,0,0,5753,5,1,0,6
618,宠物：迷你菲奥·乌儿,234965,913,0,0,0,5400,5,1,0,6
619,宠物：小小羊,234946,914,0,0,0,5121,5,1,0,6
620,宠物：索取小猫,234947,915,0,0,0,5122,5,1,0,6
621,怪物猎人：荒野1,194704,943,0,0,0,3955,2,0,0,7
622,怪物猎人：荒野1,195719,943,0,0,0,3955,1,0,0,7
623,怪物猎人：荒野1,197724,943,0,0,0,3955,3,0,0,7
624,怪物猎人：荒野1,198722,943,0,0,0,3955,4,0,0,7
625,怪物猎人：荒野1,199719,943,0,0,0,3955,5,0,0,7
626,怪物猎人：荒野2,195720,944,0,0,0,3956,1,0,0,7
627,怪物猎人：荒野2,197725,944,0,0,0,3956,3,0,0,7
628,怪物猎人：荒野2,198723,944,0,0,0,3956,4,0,0,7
629,怪物猎人：荒野2,199720,944,0,0,0,3956,5,0,0,7
630,友好部族任务：尤卡巨人族,199970,938,0,0,0,2319,5,0,0,3
631,深层迷宫：朝圣交错路1,197726,941,0,0,0,2400,3,0,0,4
632,深层迷宫：朝圣交错路2,197727,942,0,0,0,2401,3,0,0,4
633,宇宙探索2,195721,940,0,0,0,2344,1,0,0,8
634,宇宙探索2,198724,940,0,0,0,2344,4,0,0,8
635,宇宙探索2,199721,940,0,0,0,2344,5,0,0,8
636,开拓无人岛3,197728,939,0,0,0,2342,3,0,0,8
637,开拓无人岛3,198725,939,0,0,0,2342,4,0,0,8
638,开拓无人岛3,199722,939,0,0,0,2342,5,0,0,8
639,宠物：幼羚羊,234417,945,0,0,0,5056,5,1,0,6
640,宠物：精金幼龟,234420,946,0,0,0,5061,5,1,0,6
641,宠物：一口小果冻,234437,947,0,0,0,5078,5,1,0,6
642,宠物：发条太阳,234465,948,0,0,0,5657,5,1,0,6
643,宠物：宝宝箱,234483,949,0,0,0,5086,5,1,0,6
644,宠物：暗淡之云,234517,950,0,0,0,5154,5,1,0,6
645,宠物：祝福礼盒,234513,951,0,0,0,5660,5,1,0,6
646,宠物：魔法水桶,234601,952,0,0,0,5661,5,1,0,6
647,宠物：天马幼兽,234613,953,0,0,0,5098,5,1,0,6
648,宠物：卡洛菲斯提莉玩偶,234607,954,0,0,0,5156,5,1,0,6
649,宠物：迷你命名威,234614,955,1038,1039,1040,5680,5,1,0,6
650,宠物：迷你斯卡哈,234632,956,0,0,0,5157,5,1,0,6
651,宠物：发条月亮,234637,957,0,0,0,5658,5,1,0,6
652,宠物：发条提灯,234700,958,0,0,0,5663,5,1,0,6
653,宠物：泥小点,234712,959,0,0,0,5102,5,1,0,6
654,宠物：格雷姆林宝宝,234717,960,1041,1042,1043,5103,5,1,0,6
655,宠物：迷你巨人掌,234738,961,0,0,0,5105,5,1,0,6
656,宠物：青蛙号A,234751,962,0,0,0,5651,5,1,0,6
657,宠物：草小人,234768,963,0,0,0,5606,5,1,0,6
658,宠物：阿马罗宝宝,234777,964,0,0,0,5109,5,1,0,6
659,宠物：浪人的篝火,234814,965,0,0,0,5665,5,1,0,6
660,宠物：小异亚,234823,966,0,0,0,5110,5,1,0,6
661,宠物：冒险者野餐篮,234836,967,0,0,0,5666,5,1,0,6
662,宠物：红电气石神兵,234882,968,0,0,0,5467,5,1,0,6
663,宠物：绿电气石神兵,234893,969,0,0,0,5468,5,1,0,6
664,宠物：中角羊,234911,970,0,0,0,5236,5,1,0,6
665,宠物：精金石神兵,234930,971,0,0,0,5469,5,1,0,6
666,宠物：薄暗之云,234937,972,0,0,0,5155,5,1,0,6
667,宠物：乌小鸦,234964,973,0,0,0,5315,5,1,0,6
668,宠物：鳐鳐,234966,974,0,0,0,5263,5,1,0,6
669,宇宙探索3,195722,1020,0,0,0,2345,1,0,0,8
670,宇宙探索3,198726,1020,0,0,0,2345,4,0,0,8
671,多变迷宫：商客奇谭,194705,1019,0,0,0,2405,2,0,0,4
672,多变迷宫：商客奇谭,197729,1019,0,0,0,2405,3,0,0,4
673,简约风格1,198015,1044,0,0,0,14,4,0,0,7
674,简约风格2,198016,1045,0,0,0,15,4,0,0,7
675,简约风格3,198017,1046,0,0,0,16,4,0,0,7
676,简约风格4,198018,1047,0,0,0,17,4,0,0,7
677,简约风格5,198019,1048,0,0,0,18,4,0,0,7
678,简约风格6,198020,1049,0,0,0,19,4,0,0,7
679,简约风格7,198021,1050,0,0,0,20,4,0,0,7
680,简约风格8,198022,1051,0,0,0,21,4,0,0,7
681,,0,0,0,0,0,0,0,0,0,0
682,,0,0,0,0,0,0,0,0,0,0
683,,0,0,0,0,0,0,0,0,0,0
684,,0,0,0,0,0,0,0,0,0,0
685,,0,0,0,0,0,0,0,0,0,0
686,,0,0,0,0,0,0,0,0,0,0
687,,0,0,0,0,0,0,0,0,0,0
688,,0,0,0,0,0,0,0,0,0,0
689,,0,0,0,0,0,0,0,0,0,0
690,,0,0,0,0,0,0,0,0,0,0
691,,0,0,0,0,0,0,0,0,0,0
692,,0,0,0,0,0,0,0,0,0,0
693,,0,0,0,0,0,0,0,0,0,0
694,,0,0,0,0,0,0,0,0,0,0
695,,0,0,0,0,0,0,0,0,0,0
696,,0,0,0,0,0,0,0,0,0,0
697,,0,0,0,0,0,0,0,0,0,0
698,,0,0,0,0,0,0,0,0,0,0
699,,0,0,0,0,0,0,0,0,0,0
700,,0,0,0,0,0,0,0,0,0,0
