#,StageFull,Stage,IndexText2,IndexText,IndexNpc,Thumbnail,Unknown4,Unknown12,Unknown13,FestivalId,Unknown14,LodestoneRank,FestivalPhase,Unknown8,Unknown9,Unknown10,Unknown11,Unknown15,Unknown16,Unknown17,Unknown18,Unknown19,Unknown20,Unknown21,Unknown22,Unknown23,Unknown24
0,,,,,,0,0,0,0,158,0,0,0,0,0,0,0,0,0,0,0,0,0,0,0,0,False
1,"第一次基地扩建工程　物资准备中
 **请积极参加探索任务筹备物资吧！",第一次基地扩建工程　物资准备中,"是时候一起筹备物资，扩建月门基地啦！
请积极参加探索任务帮忙筹备物资！",宇宙探索终于启航！是时候一起筹备物资，扩建月门基地啦！,查明威,241001,0,0,0,158,0,0,1,0,0,2,3,0,0,0,0,0,0,0,0,0,False
2,"第一次基地扩建工程　联合工程准备中
**请为联合工程的开工做好准备！",第一次基地扩建工程　联合工程准备中,"扩建月门基地的联合工程举办时间确定啦！
到时候请务必要来帮忙呀！",扩建月门基地的联合工程举办时间确定啦！到时候一定要来帮忙呀！,查明威,241001,0,0,1451,158,0,0,2,0,0,2,3,0,0,0,0,0,0,0,0,0,False
3,"第一次基地扩建工程　联合工程进行中
**请积极参与其中吧！",第一次基地扩建工程　联合工程进行中,"扩建月门基地的联合工程正在进行中！
请一定要来帮忙呀！",扩建月门基地的联合工程正在进行中！请一定要来帮忙呀！,查明威,241001,0,0,0,158,0,0,3,0,0,2,3,0,0,0,0,0,0,0,0,0,False
4,"月门基地：二级基地　竣工
**下一项工程尚在计划阶段，请先随意放松一下吧！",月门基地：二级基地　竣工,"月门基地扩建完毕啦！成果很棒！
探索活动正在有条不紊地推进着，感谢大家的帮助！",月门基地扩建完毕啦！成果很棒！感谢大家的帮助！,查明威,241002,18,0,1406,158,0,1,4,6,0,2,3,0,0,0,0,0,0,0,0,0,False
5,"第一次宇宙飞线铺设工程支援行动　物资收集中
 **请积极参加探索任务筹备物资吧！",第一次宇宙飞线铺设工程支援行动　物资收集中,"我们需要在月门基地附近建设快速移动的宇宙飞线！
请积极参加探索任务帮忙筹备物资！",我们需要在月门基地附近建设快速移动的宇宙飞线！一起筹备物资吧！,查明威,241003,0,0,0,158,0,1,5,0,0,2,3,0,0,0,0,0,0,0,0,0,False
6,"第一次宇宙飞线铺设工程支援行动　联合工程准备中
**请为联合工程的开工做好准备！",第一次宇宙飞线铺设工程支援行动　联合工程准备中,"建设宇宙飞线的联合工程举办时间确定啦！
到时候请务必要来帮忙呀！",建设宇宙飞线的联合工程举办时间确定啦！到时候一定要来帮忙呀！,查明威,241003,0,0,1451,158,0,1,6,0,0,2,3,0,0,0,0,0,0,0,0,0,False
7,"第一次宇宙飞线铺设工程支援行动　联合工程进行中
**请积极参与其中吧！",第一次宇宙飞线铺设工程支援行动　联合工程进行中,"建设宇宙飞线的联合工程正在进行中！
请一定要来帮忙呀！",建设宇宙飞线的联合工程正在进行中！请一定要来帮忙呀！,查明威,241003,0,0,0,158,0,1,7,0,0,2,3,0,0,0,0,0,0,0,0,0,False
8,"宇宙飞线内环线　竣工
**下一项工程尚在计划阶段，请先随意放松一下吧！",宇宙飞线内环线　竣工,"宇宙飞线竣工啦！
这下就方便去更远的地方探索了，感谢大家的帮助！",宇宙飞线竣工啦！感谢大家的帮助！,查明威,241004,18,1,1405,158,0,2,8,6,0,2,3,0,0,0,0,0,0,0,0,0,False
9,"居住舱&宇宙港　建设物资准备中
 **请积极参加探索任务筹备物资吧！",居住舱&宇宙港　建设物资准备中,"我们需要建设居住舱和发射宇宙飞船的宇宙港！
请积极参加探索任务帮忙筹备物资！",我们需要建设居住舱和发射宇宙飞船的宇宙港！一起筹备物资吧！,查明威,241005,0,0,0,158,0,2,9,0,0,2,3,0,0,0,0,0,0,0,0,0,False
10,"居住舱安装工程支援行动　联合工程准备中
**请为联合工程的开工做好准备！",居住舱安装工程支援行动　联合工程准备中,"建设居住舱的联合工程举办时间确定啦！
到时候请务必要来帮忙呀！",建设居住舱的联合工程举办时间确定啦！到时候一定要来帮忙呀！,查明威,241005,0,0,1451,158,0,2,10,0,0,2,3,0,0,0,0,0,0,0,0,0,False
11,"居住舱安装工程支援行动　联合工程进行中
**请积极参与其中吧！",居住舱安装工程支援行动　联合工程进行中,"建设居住舱的联合工程正在进行中！
请一定要来帮忙呀！",建设居住舱的联合工程正在进行中！请一定要来帮忙呀！,查明威,241005,0,0,0,158,0,2,11,0,0,2,3,0,0,0,0,0,0,0,0,0,False
12,"第一次宇宙港建设工程支援行动　物资准备中
**请为联合工程的开工做好准备！",第一次宇宙港建设工程支援行动　物资准备中,"建设宇宙港的联合工程举办时间确定啦！
到时候请务必要来帮忙呀！",建设宇宙港的联合工程举办时间确定啦！到时候一定要来帮忙呀！,查明威,241006,18,2,1401,158,0,3,12,5,0,2,3,0,0,0,0,0,0,0,0,0,False
13,"第一次宇宙港建设工程支援行动　联合工程进行中
**请积极参与其中吧！",第一次宇宙港建设工程支援行动　联合工程进行中,"建设宇宙港的联合工程正在进行中！
请一定要来帮忙呀！",建设宇宙港的联合工程正在进行中！请一定要来帮忙呀！,查明威,241006,0,0,0,158,0,3,12,0,0,2,3,0,0,0,0,0,0,0,0,0,False
14,"居住舱&宇宙港　竣工
**下一项工程尚在计划阶段，请先随意放松一下吧！",居住舱&宇宙港　竣工,"居住舱和宇宙港竣工啦！
越来越有基地的样子了，感谢大家的帮助！",居住舱和宇宙港竣工啦！感谢大家的帮助！,查明威,241007,18,3,1401,158,0,4,13,5,0,2,3,0,0,0,0,0,0,0,0,0,False
15,"第一次机甲库扩建工程　物资准备中
 **请积极参加探索任务筹备物资吧！",第一次机甲库扩建工程　物资准备中,"我们需要改建机甲库，使其具备更高性能！
请积极参加探索任务帮忙筹备物资！",我们需要改建机甲库，使其具备更高性能！一起筹备物资吧！,查明威,241008,0,0,0,158,0,4,14,0,0,2,3,0,0,0,0,0,0,0,0,0,False
16,"第一次机甲库扩建工程　联合工程准备中
**请为联合工程的开工做好准备！",第一次机甲库扩建工程　联合工程准备中,"改建机甲库的联合工程举办时间确定啦！
到时候请务必要来帮忙呀！",改建机甲库的联合工程举办时间确定啦！到时候一定要来帮忙呀！,查明威,241008,0,0,1451,158,0,4,15,0,0,2,3,0,0,0,0,0,0,0,0,0,False
17,"第一次机甲库扩建工程　联合工程进行中
**请积极参与其中吧！",第一次机甲库扩建工程　联合工程进行中,"改建机甲库的联合工程正在进行中！
请一定要来帮忙呀！",改建机甲库的联合工程正在进行中！请一定要来帮忙呀！,查明威,241008,0,0,0,158,0,4,16,0,0,2,3,0,0,0,0,0,0,0,0,0,False
18,"二级机甲库　竣工
**下一项工程尚在计划阶段，请先随意放松一下吧！",二级机甲库　竣工,"机甲库改建完毕啦！具备了更高性能！
相信今后机甲一定能发挥更重要的作用，感谢大家的帮助！",机甲库改建完毕啦！具备了更高性能！感谢大家的帮助！,查明威,241009,18,4,1402,158,0,5,17,5,0,2,3,0,0,0,0,0,0,0,0,0,False
19,"第二次宇宙飞线铺设工程　物资准备中
 **请积极参加探索任务筹备物资吧！",第二次宇宙飞线铺设工程　物资准备中,"我们需要建设宇宙飞线西北线！
请积极参加探索任务帮忙筹备物资！",我们需要建设宇宙飞线西北线！一起筹备物资吧！,查明威,241010,0,0,0,158,0,5,18,0,0,2,3,0,0,0,0,0,0,0,0,0,False
20,"第二次宇宙飞线铺设工程　施工中
**请静待宇宙飞线铺设完成！",第二次宇宙飞线铺设工程　施工中,"宇宙飞线西北线的竣工时间确定啦！
竣工之后整体环境将会变得更加便利，请再耐心等待一下！",宇宙飞线西北线的竣工时间确定啦！,查明威,241010,0,0,1452,158,0,5,18,0,0,2,3,0,0,0,0,0,0,0,0,0,False
21,"宇宙飞线西北线　竣工
**下一项工程尚在计划阶段，请先随意放松一下吧！",宇宙飞线西北线　竣工,"宇宙飞线西北线竣工啦！
相信今后对于西北方的探索会更进一步，感谢大家的帮助！",宇宙飞线西北线竣工啦！感谢大家的帮助！,查明威,241011,18,5,1407,158,0,6,19,6,0,2,3,0,0,0,0,0,0,0,0,0,False
22,"第三次宇宙飞线铺设工程　物资准备中
 **请积极参加探索任务筹备物资吧！",第三次宇宙飞线铺设工程　物资准备中,"我们需要建设宇宙飞线东南线！
请积极参加探索任务帮忙筹备物资！",我们需要建设宇宙飞线东南线！一起筹备物资吧！,查明威,241012,0,0,0,158,0,6,20,0,0,2,3,0,0,0,0,0,0,0,0,0,False
23,"第三次宇宙飞线铺设工程　施工中
**请静待宇宙飞线铺设完成！",第三次宇宙飞线铺设工程　施工中,"宇宙飞线东南线的竣工时间确定啦！
竣工之后整体环境将会变得更加便利，请再耐心等待一下！",宇宙飞线东南线的竣工时间确定啦！,查明威,241012,0,0,1452,158,0,6,20,0,0,2,3,0,0,0,0,0,0,0,0,0,False
24,"宇宙飞线东南线　竣工
**下一项工程尚在计划阶段，请先随意放松一下吧！",宇宙飞线东南线　竣工,"宇宙飞线东南线竣工啦！
相信今后对于东南方的探索会更进一步，感谢大家的帮助！",宇宙飞线东南线竣工啦！感谢大家的帮助！,查明威,241013,18,6,1409,158,0,7,21,6,0,2,3,4,6,7,0,0,0,0,0,0,False
25,"隧道贯通工程施工　物资准备中
 **请积极参加探索任务筹备物资吧！",隧道贯通工程施工　物资准备中,"我们需要开通穿山隧道！
请积极参加探索任务帮忙筹备物资！",我们需要开通穿山隧道！一起筹备物资吧！,查明威,241014,0,0,0,158,0,7,22,0,0,2,3,4,6,7,0,0,0,0,0,0,False
26,"第一次隧道贯通工程施工　联合工程准备中
**请为联合工程的开工做好准备！",第一次隧道贯通工程施工　联合工程准备中,"开通隧道的第一次联合工程举办时间确定啦！
到时候请务必要来帮忙呀！",开通隧道的第一次联合工程举办时间确定啦！到时候一定要来帮忙呀！,查明威,241014,0,0,1451,158,0,7,23,0,0,2,3,4,6,7,0,0,0,0,0,0,False
27,"第一次隧道贯通工程施工　联合工程进行中
**请积极参与其中吧！",第一次隧道贯通工程施工　联合工程进行中,"开通隧道的第一次联合工程正在进行中！
请一定要来帮忙呀！",开通隧道的第一次联合工程正在进行中！请一定要来帮忙呀！,查明威,241014,0,0,0,158,0,7,24,0,0,2,3,4,6,7,0,0,0,0,0,0,False
28,"第二次隧道贯通工程施工　联合工程准备中
**请为联合工程的开工做好准备！",第二次隧道贯通工程施工　联合工程准备中,"开通隧道的第二次联合工程举办时间确定啦！
到时候请务必要来帮忙呀！",开通隧道的第二次联合工程举办时间确定啦！到时候一定要来帮忙呀！,查明威,241015,18,7,1401,158,0,8,25,5,0,2,3,4,6,7,0,0,0,0,0,0,False
29,"第二次隧道贯通工程施工　联合工程进行中
**请积极参与其中吧！",第二次隧道贯通工程施工　联合工程进行中,"开通隧道的第二次联合工程正在进行中！
请一定要来帮忙呀！",开通隧道的第二次联合工程正在进行中！请一定要来帮忙呀！,查明威,241015,0,0,0,158,0,8,25,0,0,2,3,4,6,7,0,0,0,0,0,0,False
30,"穿行威隧道　竣工
**下一项工程尚在计划阶段，请先随意放松一下吧！",穿行威隧道　竣工,"穿行威隧道顺利开通啦！
相信今后对于隧道深处的探索会更进一步，感谢大家的帮助！",穿行威隧道顺利开通啦！感谢大家的帮助！,查明威,241016,18,8,1408,158,0,9,26,6,0,2,3,4,6,7,0,0,0,0,0,0,False
31,"第四次宇宙飞线铺设工程　物资准备中
 **请积极参加探索任务筹备物资吧！",第四次宇宙飞线铺设工程　物资准备中,"我们需要在隧道的另一边铺设宇宙飞线！
请积极参加探索任务帮忙筹备物资！",我们需要在隧道的另一边铺设宇宙飞线！一起筹备物资吧！,查明威,241017,0,0,0,158,0,9,27,0,0,2,3,4,6,7,0,0,0,0,0,0,False
32,"第四次宇宙飞线铺设工程　施工中
**请静待宇宙飞线铺设完成！",第四次宇宙飞线铺设工程　施工中,"宇宙飞线西南线的竣工时间确定啦！
竣工之后整体环境将会变得更加便利，请再耐心等待一下！",宇宙飞线西南线的竣工时间确定啦！,查明威,241017,0,0,1452,158,0,9,27,0,0,2,3,4,6,7,0,0,0,0,0,0,False
33,"宇宙飞线西南线　竣工
**下一项工程尚在计划阶段，请先随意放松一下吧！",宇宙飞线西南线　竣工,"宇宙飞线西南线竣工啦！
相信今后的探索会更进一步，感谢大家的帮助！",宇宙飞线西南线竣工啦！感谢大家的帮助！,查明威,241018,18,9,1412,158,0,10,28,6,0,2,3,4,6,7,8,0,0,0,0,0,False
34,"第二次基地扩建工程　物资准备中
 **请积极参加探索任务筹备物资吧！",第二次基地扩建工程　物资准备中,"我们需要再次扩建月门基地！
请积极参加探索任务帮忙筹备物资！",我们需要再次扩建月门基地！一起筹备物资吧！,查明威,241019,0,0,0,158,0,10,29,0,0,2,3,4,6,7,8,0,0,0,0,0,False
35,"第二次基地扩建工程　联合工程准备中
**请为联合工程的开工做好准备！",第二次基地扩建工程　联合工程准备中,"再次扩建月门基地的联合工程举办时间确定啦！
到时候请务必要来帮忙呀！",再次扩建月门基地的联合工程举办时间确定啦！到时候一定要来帮忙呀！,查明威,241019,0,0,1451,158,0,10,30,0,0,2,3,4,6,7,8,0,0,0,0,0,False
36,"第二次基地扩建工程　联合工程进行中
**请积极参与其中吧！",第二次基地扩建工程　联合工程进行中,"再次扩建月门基地的联合工程正在进行中！
请一定要来帮忙呀！",再次扩建月门基地的联合工程正在进行中！请一定要来帮忙呀！,查明威,241019,0,0,0,158,0,10,31,0,0,2,3,4,6,7,8,0,0,0,0,0,False
37,"月门基地：三级基地　竣工
**下一项工程尚在计划阶段，请先随意放松一下吧！",月门基地：三级基地　竣工,"月门基地扩建完毕啦！这次的成果更棒！
相信今后的探索活动会更进一步，感谢大家的帮助！",月门基地扩建完毕啦！这次的成果更棒！感谢大家的帮助！,查明威,241020,18,10,1410,158,0,11,32,6,1,2,3,5,6,7,8,0,0,0,0,0,False
38,"发电站&供水站　建设物资准备中
 **请积极参加探索任务筹备物资吧！",发电站&供水站　建设物资准备中,"我们需要建设发电站和供水站！
请积极参加探索任务帮忙筹备物资！",我们需要建设发电站和供水站！一起筹备物资吧！,查明威,241021,0,0,0,158,0,11,33,0,1,2,3,5,6,7,8,0,0,0,0,0,False
39,"能源设施扩建工程支援行动　联合工程准备中
**请为联合工程的开工做好准备！",能源设施扩建工程支援行动　联合工程准备中,"建设发电站的联合工程举办时间确定啦！
到时候请务必要来帮忙呀！",建设发电站的联合工程举办时间确定啦！到时候一定要来帮忙呀！,查明威,241021,0,0,1451,158,0,11,34,0,1,2,3,5,6,7,8,0,0,0,0,0,False
40,"能源设施扩建工程支援行动　联合工程进行中
**请积极参与其中吧！",能源设施扩建工程支援行动　联合工程进行中,"建设发电站的联合工程正在进行中！
请一定要来帮忙呀！",建设发电站的联合工程正在进行中！请一定要来帮忙呀！,查明威,241021,0,0,0,158,0,11,35,0,1,2,3,5,6,7,8,0,0,0,0,0,False
41,"供水设施扩建工程支援行动　联合工程准备中
**请为联合工程的开工做好准备！",供水设施扩建工程支援行动　联合工程准备中,"建设供水站的联合工程举办时间确定啦！
到时候请务必要来帮忙呀！",建设供水站的联合工程举办时间确定啦！到时候一定要来帮忙呀！,查明威,241022,18,11,1401,158,0,12,36,5,1,2,3,5,6,7,8,0,0,0,0,0,False
42,"供水设施扩建工程支援行动　联合工程进行中
**请积极参与其中吧！",供水设施扩建工程支援行动　联合工程进行中,"建设供水站的联合工程正在进行中！
请一定要来帮忙呀！",建设供水站的联合工程正在进行中！请一定要来帮忙呀！,查明威,241022,0,0,0,158,0,12,36,0,1,2,3,5,6,7,8,0,0,0,0,0,False
43,"发电站&供水站　竣工
**下一项工程尚在计划阶段，请先随意放松一下吧！",发电站&供水站　竣工,"发电站和供水站竣工啦！
这下就暂时不用担心能量和供水的问题了，感谢大家的帮助！",发电站和供水站竣工啦！感谢大家的帮助！,查明威,241023,18,12,1401,158,0,13,37,5,1,2,3,5,6,7,8,0,0,0,0,0,False
44,"二级机甲库&宇宙港　改建物资准备中
 **请积极参加探索任务筹备物资吧！",二级机甲库&宇宙港　改建物资准备中,"我们需要改建机甲库和宇宙港，使其具备更高性能！
请积极参加探索任务帮忙筹备物资！",我们需要改建机甲库和宇宙港，使其具备更高性能！一起筹备物资吧！,查明威,241024,0,0,0,158,0,13,38,0,1,2,3,5,6,7,8,0,0,0,0,0,False
45,"第二次机甲库扩建工程　联合工程准备中
**请为联合工程的开工做好准备！",第二次机甲库扩建工程　联合工程准备中,"改建机甲库的联合工程举办时间确定啦！
到时候请务必要来帮忙呀！",改建机甲库的联合工程举办时间确定啦！到时候一定要来帮忙呀！,查明威,241024,0,0,1451,158,0,13,39,0,1,2,3,5,6,7,8,0,0,0,0,0,False
46,"第二次机甲库扩建工程　联合工程进行中
**请积极参与其中吧！",第二次机甲库扩建工程　联合工程进行中,"改建机甲库的联合工程正在进行中！
请一定要来帮忙呀！",改建机甲库的联合工程正在进行中！请一定要来帮忙呀！,查明威,241024,0,0,0,158,0,13,40,0,1,2,3,5,6,7,8,0,0,0,0,0,False
47,"第二次宇宙港建设工程支援行动　联合工程准备中
**请为联合工程的开工做好准备！",第二次宇宙港建设工程支援行动　联合工程准备中,"改建宇宙港的联合工程举办时间确定啦！
到时候请务必要来帮忙呀！",改建宇宙港的联合工程举办时间确定啦！到时候一定要来帮忙呀！,查明威,241025,18,13,1402,158,0,14,41,5,1,2,3,5,6,7,8,0,0,0,0,0,False
48,"第二次宇宙港建设工程支援行动　联合工程进行中
**请积极参与其中吧！",第二次宇宙港建设工程支援行动　联合工程进行中,"改建宇宙港的联合工程正在进行中！
请一定要来帮忙呀！",改建宇宙港的联合工程正在进行中！请一定要来帮忙呀！,查明威,241025,0,0,0,158,0,14,41,0,1,2,3,5,6,7,8,0,0,0,0,0,False
49,"三级机甲库&二级宇宙港　竣工
**下一项工程尚在计划阶段，请先随意放松一下吧！",三级机甲库&二级宇宙港　竣工,"机甲库和宇宙港改建完毕啦！具备了更高性能！
相信今后探索活动将会更进一步，感谢大家的帮助！",机甲库和宇宙港改建完毕啦！具备了更高性能！感谢大家的帮助！,查明威,241026,18,14,1402,158,0,15,42,5,1,2,3,5,6,7,8,0,0,0,0,0,False
50,"升降梯建设用地整备工程　物资准备中
 **请积极参加探索任务筹备物资吧！",升降梯建设用地整备工程　物资准备中,"我们需要开通前往月底的升降梯！
请积极参加探索任务帮忙筹备物资！",我们需要开通前往月底的升降梯！一起筹备物资吧！,查明威,241027,0,0,0,158,0,15,43,0,1,2,3,5,6,7,8,0,0,0,0,0,False
51,"第一次升降梯建设用地整备工程　联合工程准备中
**请为联合工程的开工做好准备！",第一次升降梯建设用地整备工程　联合工程准备中,"开通月底升降梯的第一次联合工程举办时间确定啦！
到时候请务必要来帮忙呀！",开通月底升降梯的第一次联合工程举办时间确定啦！到时候一定要来帮忙呀！,查明威,241027,0,0,1451,158,0,15,44,0,1,2,3,5,6,7,8,0,0,0,0,0,False
52,"第一次升降梯建设用地整备工程　联合工程进行中
**请积极参与其中吧！",第一次升降梯建设用地整备工程　联合工程进行中,"开通月底升降梯的第一次联合工程正在进行中！
请一定要来帮忙呀！",开通月底升降梯的第一次联合工程正在进行中！请一定要来帮忙呀！,查明威,241027,0,0,0,158,0,15,45,0,1,2,3,5,6,7,8,0,0,0,0,0,False
53,"第二次升降梯建设用地整备工程　联合工程准备中
**请为联合工程的开工做好准备！",第二次升降梯建设用地整备工程　联合工程准备中,"开通月底升降梯的第二次联合工程举办时间确定啦！
到时候请务必要来帮忙呀！",开通月底升降梯的第二次联合工程举办时间确定啦！到时候一定要来帮忙呀！,查明威,241028,18,15,1401,158,0,16,46,5,1,2,3,5,6,7,8,0,0,0,0,0,False
54,"第二次升降梯建设用地整备工程　联合工程进行中
**请积极参与其中吧！",第二次升降梯建设用地整备工程　联合工程进行中,"开通月底升降梯的第二次联合工程正在进行中！
请一定要来帮忙呀！",开通月底升降梯的第二次联合工程正在进行中！请一定要来帮忙呀！,查明威,241028,0,0,0,158,0,16,46,0,1,2,3,5,6,7,8,0,0,0,0,0,False
55,"月底升降梯　竣工
**下一项工程尚在计划阶段，请先随意放松一下吧！",月底升降梯　竣工,"月底升降梯竣工啦！
相信今后对于地底空间的探索将会更进一步，感谢大家的帮助！",月底升降梯竣工啦！感谢大家的帮助！,查明威,241029,18,16,1411,158,0,17,47,6,1,2,3,5,6,7,8,0,0,0,0,0,False
56,"第五次宇宙飞线铺设工程　物资准备中
 **请积极参加探索任务筹备物资吧！",第五次宇宙飞线铺设工程　物资准备中,"我们需要建设宇宙飞线地底线！
请积极参加探索任务帮忙筹备物资！",我们需要建设宇宙飞线地底线！一起筹备物资吧！,查明威,241030,0,0,0,158,0,17,48,0,1,2,3,5,6,7,8,0,0,0,0,0,False
57,"第五次宇宙飞线铺设工程　施工中
**请静待宇宙飞线铺设完成！",第五次宇宙飞线铺设工程　施工中,"宇宙飞线地底线的竣工时间确定啦！
竣工之后整体环境将会变得更加便利，请再耐心等待一下！",宇宙飞线地底线的竣工时间确定啦！,查明威,241030,0,0,1452,158,0,17,48,0,1,2,3,5,6,7,8,0,0,0,0,0,False
58,"宇宙飞线地底线　竣工
**下一项工程尚在计划阶段，请先随意放松一下吧！",宇宙飞线地底线　竣工,"宇宙飞线地底线竣工啦！
相信今后的探索会更进一步，感谢大家的帮助！",宇宙飞线地底线竣工啦！感谢大家的帮助！,查明威,241031,18,17,1404,158,0,18,49,6,1,2,3,5,6,7,8,9,0,0,0,0,False
59,"基地综合设施扩建工程　物资准备中
 **请积极参加探索任务筹备物资吧！",基地综合设施扩建工程　物资准备中,"我们需要大幅扩建月门基地！
请积极参加探索任务帮忙筹备物资！",我们需要大幅扩建月门基地！一起筹备物资吧！,查明威,241032,0,0,0,158,0,18,50,0,1,2,3,5,6,7,8,9,0,0,0,0,False
60,"基地综合设施扩建工程　联合工程准备中
**请为联合工程的开工做好准备！",基地综合设施扩建工程　联合工程准备中,"大幅扩建月门基地的联合工程举办时间确定啦！
到时候请务必要来帮忙呀！",大幅扩建月门基地的联合工程举办时间确定啦！到时候一定要来帮忙呀！,查明威,241032,0,0,1451,158,0,18,51,0,1,2,3,5,6,7,8,9,0,0,0,0,False
61,"基地综合设施扩建工程　联合工程进行中
**请积极参与其中吧！",基地综合设施扩建工程　联合工程进行中,"大幅扩建月门基地的联合工程正在进行中！
请一定要来帮忙呀！",大幅扩建月门基地的联合工程正在进行中！请一定要来帮忙呀！,查明威,241032,0,0,0,158,0,18,52,0,1,2,3,5,6,7,8,9,0,0,0,0,False
62,"月门基地：月上跳跳城　竣工
**遐想漫天星空，自由度过当下的时光吧！",月门基地：月上跳跳城　竣工,"月门基地扩建完毕啦！
这下基地变得好气派啊，感谢大家的帮助！",月门基地扩建完毕啦！感谢大家的帮助！,查明威,241033,18,18,1403,158,0,19,53,6,1,2,3,5,6,7,8,9,0,0,0,0,False
63,"月面基地整备计划　圆满完成
**遐想漫天星空，自由度过当下的时光吧！",月面基地整备计划　圆满完成,"在大家的辛勤工作下，月球上的所有设施都建设完毕啦！
一想到接下来将要踏上的全新旅程，内心就激动不已！",在大家的辛勤工作下，月球上的所有设施都建设完毕啦！太感谢各位啦！,查明威,241034,0,0,0,158,0,19,54,0,1,2,3,5,6,7,8,9,0,0,0,0,False
64,"第一次基地扩建工程　物资收集中
 **请积极参加探索任务筹备物资吧！",第一次基地扩建工程　物资收集中,"是时候一起筹备物资，扩建玻璃匠基地啦！
请积极参加探索任务帮忙筹备物资！",宇宙探索再次启航！是时候一起筹备物资，扩建玻璃匠基地啦！,查明威,241035,0,0,0,168,0,0,1,0,2,3,4,0,0,0,0,0,0,0,0,0,False
65,"第一次基地扩建工程　联合工程准备中
**请为联合工程的开工做好准备！",第一次基地扩建工程　联合工程准备中,"扩建玻璃匠基地的联合工程举办时间确定啦！
到时候请务必要来帮忙呀！",扩建玻璃匠基地的联合工程举办时间确定啦！到时候一定要来帮忙呀！,查明威,241035,0,0,1451,168,0,0,1,0,2,3,4,0,0,0,0,0,0,0,0,0,False
66,"第一次基地扩建工程　联合工程进行中
**请积极参与其中吧！",第一次基地扩建工程　联合工程进行中,"扩建玻璃匠基地的联合工程正在进行中！
请一定要来帮忙呀！",扩建玻璃匠基地的联合工程正在进行中！请一定要来帮忙呀！,查明威,241035,0,0,0,168,0,0,2,0,2,3,4,0,0,0,0,0,0,0,0,0,False
67,"玻璃匠基地：二级基地　竣工
**下一项工程尚在计划阶段，请先随意放松一下吧！",玻璃匠基地：二级基地　竣工,"玻璃匠基地扩建完毕啦！
探索活动正在有条不紊地推进着，感谢大家的帮助！",玻璃匠基地扩建完毕啦！感谢大家的帮助！,查明威,241036,126,0,1478,168,0,1,3,6,2,3,4,0,0,0,0,0,0,0,0,0,False
68,"第一次宇宙飞线铺设工程支援行动　物资收集中
 **请积极参加探索任务筹备物资吧！",第一次宇宙飞线铺设工程支援行动　物资收集中,"我们需要在玻璃匠基地附近建设宇宙飞线！
请积极参加探索任务帮忙筹备物资！",我们需要在玻璃匠基地附近建设宇宙飞线！一起筹备物资吧！,查明威,241037,0,0,0,168,0,1,4,0,2,3,4,0,0,0,0,0,0,0,0,0,False
69,"第一次宇宙飞线铺设工程支援行动　联合工程准备中
**请为联合工程的开工做好准备！",第一次宇宙飞线铺设工程支援行动　联合工程准备中,"建设宇宙飞线的联合工程举办时间确定啦！
到时候请务必要来帮忙呀！",建设宇宙飞线的联合工程举办时间确定啦！到时候一定要来帮忙呀！,查明威,241037,0,0,1451,168,0,1,4,0,2,3,4,0,0,0,0,0,0,0,0,0,False
70,"第一次宇宙飞线铺设工程支援行动　联合工程进行中
**请积极参与其中吧！",第一次宇宙飞线铺设工程支援行动　联合工程进行中,"建设宇宙飞线的联合工程正在进行中！
请一定要来帮忙呀！",建设宇宙飞线的联合工程正在进行中！请一定要来帮忙呀！,查明威,241037,0,0,0,168,0,1,4,0,2,3,4,0,0,0,0,0,0,0,0,0,False
71,"宇宙飞线基地周边段　竣工
**下一项工程尚在计划阶段，请先随意放松一下吧！",宇宙飞线基地周边段　竣工,"宇宙飞线竣工啦！
这下就方便去更远的地方探索了，感谢大家的帮助！",宇宙飞线竣工啦！感谢大家的帮助！,查明威,241038,126,1,1479,168,0,2,5,6,2,3,4,0,0,0,0,0,0,0,0,0,False
72,"居住舱安装工程支援行动　物资收集中
 **请积极参加探索任务筹备物资吧！",居住舱安装工程支援行动　物资收集中,"我们接下来需要建设居住舱！
请积极参加探索任务帮忙筹备物资！",我们需要建设居住舱！一起筹备物资吧！,查明威,241039,0,0,0,168,0,2,6,0,2,3,4,0,0,0,0,0,0,0,0,0,False
73,"居住舱安装工程支援行动　联合工程准备中
**请为联合工程的开工做好准备！",居住舱安装工程支援行动　联合工程准备中,"建设居住舱的联合工程举办时间确定啦！
到时候请务必要来帮忙呀！",建设居住舱的联合工程举办时间确定啦！到时候一定要来帮忙呀！,查明威,241039,0,0,1451,168,0,2,6,0,2,3,4,0,0,0,0,0,0,0,0,0,False
74,"居住舱安装工程支援行动　联合工程进行中
**请积极参与其中吧！",居住舱安装工程支援行动　联合工程进行中,"建设居住舱的联合工程正在进行中！
请一定要来帮忙呀！",建设居住舱的联合工程正在进行中！请一定要来帮忙呀！,查明威,241039,0,0,0,168,0,2,6,0,2,3,4,0,0,0,0,0,0,0,0,0,False
75,"居住舱　竣工
**下一项工程尚在计划阶段，请先随意放松一下吧！",居住舱　竣工,"居住舱竣工啦！
这下大家在基地生活就变得更方便了，感谢大家的帮助！",居住舱竣工啦！感谢大家的帮助！,查明威,241040,126,2,1402,168,0,3,7,5,2,3,4,0,0,0,0,0,0,0,0,0,False
76,"发电站&供水站　建设物资收集中
 **请积极参加探索任务筹备物资吧！",发电站&供水站　建设物资收集中,"我们需要建设发电站和供水站！
请积极参加探索任务帮忙筹备物资！",我们需要建设发电站和供水站！一起筹备物资吧！,查明威,241041,0,0,0,168,0,3,8,0,2,3,4,0,0,0,0,0,0,0,0,0,False
77,"能源设施建设工程支援行动　联合工程准备中
**请为联合工程的开工做好准备！",能源设施建设工程支援行动　联合工程准备中,"建设发电站的联合工程举办时间确定啦！
到时候请务必要来帮忙呀！",建设发电站的联合工程举办时间确定啦！到时候一定要来帮忙呀！,查明威,241041,0,0,1451,168,0,3,8,0,2,3,4,0,0,0,0,0,0,0,0,0,False
78,"能源设施建设工程支援行动　联合工程进行中
**请积极参与其中吧！",能源设施建设工程支援行动　联合工程进行中,"建设发电站的联合工程正在进行中！
请一定要来帮忙呀！",建设发电站的联合工程正在进行中！请一定要来帮忙呀！,查明威,241041,0,0,0,168,0,3,8,0,2,3,4,0,0,0,0,0,0,0,0,0,False
79,"供水设施建设工程支援行动　联合工程准备中
**请为联合工程的开工做好准备！",供水设施建设工程支援行动　联合工程准备中,"建设供水站的联合工程举办时间确定啦！
到时候请务必要来帮忙呀！",建设供水站的联合工程举办时间确定啦！到时候一定要来帮忙呀！,查明威,241042,126,3,1401,168,0,4,9,5,2,3,4,0,0,0,0,0,0,0,0,0,False
80,"供水设施建设工程支援行动　联合工程进行中
**请积极参与其中吧！",供水设施建设工程支援行动　联合工程进行中,"建设供水站的联合工程正在进行中！
请一定要来帮忙呀！",建设供水站的联合工程正在进行中！请一定要来帮忙呀！,查明威,241042,0,0,0,168,0,4,9,0,2,3,4,0,0,0,0,0,0,0,0,0,False
81,"发电站&供水站　竣工
**下一项工程尚在计划阶段，请先随意放松一下吧！",发电站&供水站　竣工,"发电站和供水站竣工啦！
这下就暂时不用担心能量和供水的问题了，感谢大家的帮助！",发电站和供水站竣工啦！感谢大家的帮助！,查明威,241043,126,4,1402,168,0,5,10,5,2,3,4,0,0,0,0,0,0,0,0,0,False
82,"第一次机甲库扩建工程　物资收集中
 **请积极参加探索任务筹备物资吧！",第一次机甲库扩建工程　物资收集中,"我们需要改建机甲库！
请积极参加探索任务帮忙筹备物资！",我们需要改建机甲库！一起筹备物资吧！,查明威,241044,0,0,0,168,0,5,11,0,2,3,4,0,0,0,0,0,0,0,0,0,False
83,"第一次机甲库扩建工程　联合工程准备中
**请为联合工程的开工做好准备！",第一次机甲库扩建工程　联合工程准备中,"改建机甲库的联合工程举办时间确定啦！
到时候请务必要来帮忙呀！",改建机甲库的联合工程举办时间确定啦！到时候一定要来帮忙呀！,查明威,241044,0,0,1451,168,0,5,11,0,2,3,4,0,0,0,0,0,0,0,0,0,False
84,"第一次机甲库扩建工程　联合工程进行中
**请积极参与其中吧！",第一次机甲库扩建工程　联合工程进行中,"改建机甲库的联合工程正在进行中！
请一定要来帮忙呀！",改建机甲库的联合工程正在进行中！请一定要来帮忙呀！,查明威,241044,0,0,0,168,0,5,11,0,2,3,4,0,0,0,0,0,0,0,0,0,False
85,"二级机甲库　竣工
**下一项工程尚在计划阶段，请先随意放松一下吧！",二级机甲库　竣工,"机甲库改建完毕啦！
相信今后机甲一定能发挥更重要的作用，感谢大家的帮助！",机甲库改建完毕啦！感谢大家的帮助！,查明威,241045,126,5,1402,168,0,6,12,5,2,3,4,0,0,0,0,0,0,0,0,0,False
86,"第二次宇宙飞线铺设工程　物资收集中
 **请积极参加探索任务筹备物资吧！",第二次宇宙飞线铺设工程　物资收集中,"我们需要建设宇宙飞线西北线到南线！
请积极参加探索任务帮忙筹备物资！",我们需要建设宇宙飞线西北线到南线！一起筹备物资吧！,查明威,241046,0,0,0,168,0,6,13,0,2,3,4,0,0,0,0,0,0,0,0,0,False
87,"第二次宇宙飞线铺设工程　施工中
**请静待宇宙飞线铺设完成！",第二次宇宙飞线铺设工程　施工中,"宇宙飞线西北线到南线的竣工时间确定啦！
竣工之后整体环境将会变得更加便利，请再耐心等待一下！",宇宙飞线西北线到南线的竣工时间确定啦！,查明威,241046,0,0,1452,168,0,6,13,0,2,3,4,0,0,0,0,0,0,0,0,0,False
88,"宇宙飞线平野段　竣工
**下一项工程尚在计划阶段，请先随意放松一下吧！",宇宙飞线平野段　竣工,"宇宙飞线西北线到南线竣工啦！
相信今后对于远方的探索会更进一步，感谢大家的帮助！",宇宙飞线西北线到南线竣工啦！感谢大家的帮助！,查明威,241047,126,6,1480,168,0,7,14,6,2,3,4,5,6,7,0,0,0,0,0,0,False
89,"升降机建设工程　物资收集中
 **请积极参加探索任务筹备物资吧！",升降机建设工程　物资收集中,"我们需要建设用于下降到胶囊峡谷谷底的升降机！
请积极参加探索任务帮忙筹备物资！",我们需要建设用于下降到胶囊峡谷谷底的升降机！一起筹备物资吧！,查明威,241048,0,0,0,168,0,7,15,0,2,3,4,5,6,7,0,0,0,0,0,0,False
90,"第一次升降机建设工程　联合工程准备中
**请为联合工程的开工做好准备！",第一次升降机建设工程　联合工程准备中,"建设升降机的第一次联合工程举办时间确定啦！
到时候请务必要来帮忙呀！",建设升降机的第一次联合工程举办时间确定啦！到时候一定要来帮忙呀！,查明威,241048,0,0,1451,168,0,7,15,0,2,3,4,5,6,7,0,0,0,0,0,0,False
91,"第一次升降机建设工程　联合工程进行中
**请积极参与其中吧！",第一次升降机建设工程　联合工程进行中,"建设升降机的第一次联合工程正在进行中！
请一定要来帮忙呀！",建设升降机的第一次联合工程正在进行中！请一定要来帮忙呀！,查明威,241048,0,0,0,168,0,7,15,0,2,3,4,5,6,7,0,0,0,0,0,0,False
92,"第二次升降机建设工程　联合工程准备中
**请为联合工程的开工做好准备！",第二次升降机建设工程　联合工程准备中,"建设升降机的第二次联合工程举办时间确定啦！
到时候请务必要来帮忙呀！",建设升降机的第二次联合工程举办时间确定啦！到时候一定要来帮忙呀！,查明威,241049,126,7,1401,168,0,8,16,5,2,3,4,5,6,7,0,0,0,0,0,0,False
93,"第二次升降机建设工程　联合工程进行中
**请积极参与其中吧！",第二次升降机建设工程　联合工程进行中,"建设升降机的第二次联合工程正在进行中！
请一定要来帮忙呀！",建设升降机的第二次联合工程正在进行中！请一定要来帮忙呀！,查明威,241049,0,0,0,168,0,8,16,0,2,3,4,5,6,7,0,0,0,0,0,0,False
94,"嵌花升降机　竣工
**下一项工程尚在计划阶段，请先随意放松一下吧！",嵌花升降机　竣工,"嵌花升降机竣工啦！
相信今后对于大洞深处的探索会更进一步，感谢大家的帮助！",嵌花升降机竣工啦！感谢大家的帮助！,查明威,241050,126,8,1481,168,0,9,17,6,2,3,4,5,6,7,0,0,0,0,0,0,False
95,"第三次宇宙飞线铺设工程　物资收集中
 **请积极参加探索任务筹备物资吧！",第三次宇宙飞线铺设工程　物资收集中,"我们需要在胶囊峡谷谷底建设宇宙飞线！
一起筹备物资吧！",我们需要在胶囊峡谷谷底建设宇宙飞线！一起筹备物资吧！,查明威,241051,0,0,0,168,0,9,18,0,2,3,4,5,6,7,0,0,0,0,0,0,False
96,"第三次宇宙飞线铺设工程　施工中
**请静待宇宙飞线铺设完成！",第三次宇宙飞线铺设工程　施工中,"胶囊峡谷谷底的宇宙飞线的竣工时间确定啦！
竣工之后整体环境将会变得更加便利，请再耐心等待一下！",胶囊峡谷谷底的宇宙飞线的竣工时间确定啦！,查明威,241051,0,0,1452,168,0,9,18,0,2,3,4,5,6,7,0,0,0,0,0,0,False
97,"宇宙飞线瀑布段　竣工
**下一项工程尚在计划阶段，请先随意放松一下吧！",宇宙飞线瀑布段　竣工,"胶囊峡谷谷底的宇宙飞线竣工啦！
相信今后对于大洞深处的探索会更进一步，感谢大家的帮助！",胶囊峡谷谷底的宇宙飞线竣工啦！感谢大家的帮助！,查明威,241052,126,9,1482,168,0,10,19,6,2,3,4,5,6,7,0,0,0,0,0,0,False
98,"第二次基地扩建工程　物资收集中
 **请积极参加探索任务筹备物资吧！",第二次基地扩建工程　物资收集中,"我们需要再次扩建玻璃匠基地！
请积极参加探索任务帮忙筹备物资！",我们需要再次扩建玻璃匠基地！一起筹备物资吧！,查明威,241053,0,0,0,168,0,10,20,0,2,3,4,5,6,7,0,0,0,0,0,0,False
99,"第二次基地扩建工程　联合工程准备中
**请为联合工程的开工做好准备！",第二次基地扩建工程　联合工程准备中,"再次扩建玻璃匠基地的联合工程举办时间确定啦！
到时候请务必要来帮忙呀！",再次扩建玻璃匠基地的联合工程举办时间确定啦！到时候一定要来帮忙呀！,查明威,241053,0,0,1451,168,0,10,20,0,2,3,4,5,6,7,0,0,0,0,0,0,False
100,"第二次基地扩建工程　联合工程进行中
**请积极参与其中吧！",第二次基地扩建工程　联合工程进行中,"再次扩建玻璃匠基地的联合工程正在进行中！
请一定要来帮忙呀！",再次扩建玻璃匠基地的联合工程正在进行中！请一定要来帮忙呀！,查明威,241053,0,0,0,168,0,10,20,0,2,3,4,5,6,7,0,0,0,0,0,0,False
101,"玻璃匠基地：三级基地　竣工
**下一项工程尚在计划阶段，请先随意放松一下吧！",玻璃匠基地：三级基地　竣工,"玻璃匠基地扩建完毕啦！这次的成果更棒！
相信今后的探索活动会更进一步，感谢大家的帮助！",玻璃匠基地扩建完毕啦！这次的成果更棒！感谢大家的帮助！,查明威,241054,126,10,1483,168,0,11,21,6,1,3,4,5,6,7,0,0,0,0,0,0,False
102,"第二次机甲库扩建工程　物资收集中
 **请积极参加探索任务筹备物资吧！",第二次机甲库扩建工程　物资收集中,"我们需要改建机甲库！
请积极参加探索任务帮忙筹备物资！",我们需要改建机甲库！一起筹备物资吧！,查明威,241055,0,0,0,168,0,11,22,0,1,3,4,5,6,7,0,0,0,0,0,0,False
103,"第二次机甲库扩建工程　联合工程准备中
**请为联合工程的开工做好准备！",第二次机甲库扩建工程　联合工程准备中,"改建机甲库的联合工程举办时间确定啦！
到时候请务必要来帮忙呀！",改建机甲库的联合工程举办时间确定啦！到时候一定要来帮忙呀！,查明威,241055,0,0,1451,168,0,11,22,0,1,3,4,5,6,7,0,0,0,0,0,0,False
104,"第二次机甲库扩建工程　联合工程进行中
**请积极参与其中吧！",第二次机甲库扩建工程　联合工程进行中,"改建机甲库的联合工程正在进行中！
请一定要来帮忙呀！",改建机甲库的联合工程正在进行中！请一定要来帮忙呀！,查明威,241055,0,0,0,168,0,11,22,0,1,3,4,5,6,7,0,0,0,0,0,0,False
105,"三级机甲库　竣工
**下一项工程尚在计划阶段，请先随意放松一下吧！",三级机甲库　竣工,"机甲库改建完毕啦！
相信今后机甲一定能进一步发挥重要作用，感谢大家的帮助！",机甲库改建完毕啦！感谢大家的帮助！,查明威,241056,126,11,1402,168,0,12,23,5,1,3,4,5,6,7,0,0,0,0,0,0,False
106,"宇宙港建设工程支援行动　物资收集中
 **请积极参加探索任务筹备物资吧！",宇宙港建设工程支援行动　物资收集中,"我们需要改建宇宙港！
请积极参加探索任务帮忙筹备物资！",我们需要改建宇宙港！一起筹备物资吧！,查明威,241057,0,0,0,168,0,12,24,0,1,3,4,5,6,7,0,0,0,0,0,0,False
107,"宇宙港建设工程支援行动　联合工程准备中
**请为联合工程的开工做好准备！",宇宙港建设工程支援行动　联合工程准备中,"改建宇宙港的联合工程举办时间确定啦！
到时候请务必要来帮忙呀！",改建宇宙港的联合工程举办时间确定啦！到时候一定要来帮忙呀！,查明威,241057,0,0,1451,168,0,12,24,0,1,3,4,5,6,7,0,0,0,0,0,0,False
108,"宇宙港建设工程支援行动　联合工程进行中
**请积极参与其中吧！",宇宙港建设工程支援行动　联合工程进行中,"改建宇宙港的联合工程正在进行中！
请一定要来帮忙呀！",改建宇宙港的联合工程正在进行中！请一定要来帮忙呀！,查明威,241057,0,0,0,168,0,12,24,0,1,3,4,5,6,7,0,0,0,0,0,0,False
109,"二级宇宙港　竣工
**下一项工程尚在计划阶段，请先随意放松一下吧！",二级宇宙港　竣工,"宇宙港改建完毕啦！
相信今后可以朝着更遥远的星球进发了，感谢大家的帮助！",宇宙港改建完毕啦！感谢大家的帮助！,查明威,241058,126,12,1402,168,0,13,25,5,1,3,4,5,6,7,0,0,0,0,0,0,False
110,"能量集散设施建设工程　物资收集中
 **请积极参加探索任务筹备物资吧！",能量集散设施建设工程　物资收集中,"我们需要建设能量集散设施！
请积极参加探索任务帮忙筹备物资！",我们需要建设能量集散设施！一起筹备物资吧！,查明威,241059,0,0,0,168,0,13,26,0,1,3,4,5,6,7,0,0,0,0,0,0,False
111,"第一次能量集散设施建设工程　联合工程准备中
**请为联合工程的开工做好准备！",第一次能量集散设施建设工程　联合工程准备中,"建设能量集散设施的第一次联合工程举办时间确定啦！
到时候请务必要来帮忙呀！",建设能量集散设施的第一次联合工程举办时间确定啦！到时候一定要来帮忙呀！,查明威,241059,0,0,1451,168,0,13,26,0,1,3,4,5,6,7,0,0,0,0,0,0,False
112,"第一次能量集散设施建设工程　联合工程进行中
**请积极参与其中吧！",第一次能量集散设施建设工程　联合工程进行中,"建设能量集散设施的第一次联合工程正在进行中！
请一定要来帮忙呀！",建设能量集散设施的第一次联合工程正在进行中！请一定要来帮忙呀！,查明威,241059,0,0,0,168,0,13,26,0,1,3,4,5,6,7,0,0,0,0,0,0,False
113,"第二次能量集散设施建设工程　联合工程准备中
**请为联合工程的开工做好准备！",第二次能量集散设施建设工程　联合工程准备中,"建设能量集散设施的第二次联合工程举办时间确定啦！
到时候请务必要来帮忙呀！",建设能量集散设施的第二次联合工程举办时间确定啦！到时候一定要来帮忙呀！,查明威,241060,126,13,1401,168,0,14,27,5,1,3,4,5,6,7,0,0,0,0,0,0,False
114,"第二次能量集散设施建设工程　联合工程进行中
**请积极参与其中吧！",第二次能量集散设施建设工程　联合工程进行中,"建设能量集散设施的第二次联合工程正在进行中！
请一定要来帮忙呀！",建设能量集散设施的第二次联合工程正在进行中！请一定要来帮忙呀！,查明威,241060,0,0,0,168,0,14,27,0,1,3,4,5,6,7,0,0,0,0,0,0,False
115,"超级光能站　竣工
**下一项工程尚在计划阶段，请先随意放松一下吧！",超级光能站　竣工,"两台超级光能站竣工啦！
今后用于探索的能量将会更加充足，感谢大家的帮助！",两台超级光能站竣工啦！感谢大家的帮助！,查明威,241061,126,14,1402,168,0,15,28,5,1,3,4,5,6,7,0,0,0,0,0,0,False
116,"冷却无人机据点建设工程　物资收集中
 **请积极参加探索任务筹备物资吧！",冷却无人机据点建设工程　物资收集中,"我们需要建设熔融玻璃冷却无人机用于扩大探索区域！
请积极参加探索任务帮忙筹备物资！",我们需要建设熔融玻璃冷却无人机用于扩大探索区域！一起筹备物资吧！,查明威,241062,0,0,0,168,0,15,29,0,1,3,4,5,6,7,0,0,0,0,0,0,False
117,"冷却无人机据点建设工程　联合工程准备中
**请为联合工程的开工做好准备！",冷却无人机据点建设工程　联合工程准备中,"建设冷却无人机据点的联合工程举办时间确定啦！
到时候请务必要来帮忙呀！",建设冷却无人机据点的联合工程举办时间确定啦！到时候一定要来帮忙呀！,查明威,241062,0,0,1451,168,0,15,29,0,1,3,4,5,6,7,0,0,0,0,0,0,False
118,"冷却无人机据点建设工程　联合工程进行中
**请积极参与其中吧！",冷却无人机据点建设工程　联合工程进行中,"建设冷却无人机据点的联合工程正在进行中！
请一定要来帮忙呀！",建设冷却无人机据点的联合工程正在进行中！请一定要来帮忙呀！,查明威,241062,0,0,0,168,0,15,29,0,1,3,4,5,6,7,0,0,0,0,0,0,False
119,"第一次冷却熔融玻璃大作战　执行准备中
 **请为联合工程的开工做好准备！",第一次冷却熔融玻璃大作战　执行准备中,"用于冷却熔融玻璃大作战的第一次联合工程举办时间确定啦！
到时候请务必要来帮忙呀！",用于冷却熔融玻璃大作战的第一次联合工程举办时间确定啦！到时候一定要来帮忙呀！,查明威,241063,126,15,1401,168,0,16,30,5,1,3,4,5,6,7,0,0,0,0,0,0,False
120,"第一次冷却熔融玻璃大作战　执行中
**请积极参与其中吧！",第一次冷却熔融玻璃大作战　执行中,"用于冷却熔融玻璃大作战的第一次联合工程正在进行中！
请一定要来帮忙呀！",用于冷却熔融玻璃大作战的第一次联合工程正在进行中！请一定要来帮忙呀！,查明威,241063,0,0,0,168,0,16,30,0,1,3,4,5,6,7,0,0,0,0,0,0,False
121,"第二次冷却熔融玻璃大作战　执行准备中
 **请为联合工程的开工做好准备！",第二次冷却熔融玻璃大作战　执行准备中,"用于冷却熔融玻璃大作战的第二次联合工程举办时间确定啦！
到时候请务必要来帮忙呀！",用于冷却熔融玻璃大作战的第二次联合工程举办时间确定啦！到时候一定要来帮忙呀！,查明威,241064,126,16,1401,168,0,17,31,5,1,3,4,5,6,7,0,0,0,0,0,0,False
122,"第二次冷却熔融玻璃大作战　执行中
**请积极参与其中吧！",第二次冷却熔融玻璃大作战　执行中,"用于冷却熔融玻璃大作战的第二次联合工程正在进行中！
请一定要来帮忙呀！",用于冷却熔融玻璃大作战的第二次联合工程正在进行中！请一定要来帮忙呀！,查明威,241064,0,0,0,168,0,17,31,0,1,3,4,5,6,7,0,0,0,0,0,0,False
123,"冷却熔融玻璃大作战　完成
**下一项工程尚在计划阶段，请先随意放松一下吧！",冷却熔融玻璃大作战　完成,"熔融玻璃已冷却凝固，成功扩大了探索范围！
相信今后对于法恩娜行星的探索将会更进一步，感谢大家的帮助！",熔融玻璃已冷却凝固，成功扩大了探索范围！感谢大家的帮助！,查明威,241065,126,17,1484,168,0,18,32,6,1,3,4,5,6,7,0,0,0,0,0,0,False
124,"第四次宇宙飞线铺设工程　物资收集中
 **请积极参加探索任务筹备物资吧！",第四次宇宙飞线铺设工程　物资收集中,"我们需要在熔火涌道建设宇宙飞线！
一起筹备物资吧！",我们需要在熔火涌道建设宇宙飞线！一起筹备物资吧！,查明威,241066,0,0,0,168,0,18,33,0,1,3,4,5,6,7,0,0,0,0,0,0,False
125,"第四次宇宙飞线铺设工程　施工中
**请静待宇宙飞线铺设完成！",第四次宇宙飞线铺设工程　施工中,"熔火涌道的宇宙飞线的竣工时间确定啦！
竣工之后整体环境将会变得更加便利，请再耐心等待一下！",熔火涌道的宇宙飞线的竣工时间确定啦！,查明威,241066,0,0,1452,168,0,18,33,0,1,3,4,5,6,7,0,0,0,0,0,0,False
126,"宇宙飞线火山口段　竣工
**下一项工程尚在计划阶段，请先随意放松一下吧！",宇宙飞线火山口段　竣工,"熔火涌道的宇宙飞线竣工啦！
相信今后前往火山口附近将会更加方便，感谢大家的帮助！",熔火涌道的宇宙飞线竣工啦！感谢大家的帮助！,查明威,241067,126,18,1485,168,0,19,34,6,1,3,4,5,6,7,0,0,0,0,0,0,False
127,"基地综合设施扩建工程　物资收集中
 **请积极参加探索任务筹备物资吧！",基地综合设施扩建工程　物资收集中,"我们需要对玻璃匠基地进行大幅扩建！
一起筹备物资吧！",我们需要对玻璃匠基地进行大幅扩建！一起筹备物资吧！,查明威,241068,0,0,0,168,0,19,35,0,1,3,4,5,6,7,0,0,0,0,0,0,False
128,"基地综合设施扩建工程　联合工程准备中
**请为联合工程的开工做好准备！",基地综合设施扩建工程　联合工程准备中,"大幅扩建玻璃匠基地的联合工程举办时间确定啦！
到时候请务必要来帮忙呀！",大幅扩建玻璃匠基地的联合工程举办时间确定啦！到时候一定要来帮忙呀！,查明威,241068,0,0,1451,168,0,19,35,0,1,3,4,5,6,7,0,0,0,0,0,0,False
129,"基地综合设施扩建工程　联合工程进行中
**请积极参与其中吧！",基地综合设施扩建工程　联合工程进行中,"大幅扩建玻璃匠基地的联合工程正在进行中！
请一定要来帮忙呀！",大幅扩建玻璃匠基地的联合工程正在进行中！请一定要来帮忙呀！,查明威,241068,0,0,0,168,0,19,35,0,1,3,4,5,6,7,0,0,0,0,0,0,False
130,"玻璃匠基地：法恩娜观星镜　竣工
**遐想漫天星空，自由度过当下的时光吧！",玻璃匠基地：法恩娜观星镜　竣工,"玻璃匠基地扩建完毕啦！
这下法恩娜行星的基地也变得好气派啊，感谢大家的帮助！",玻璃匠基地扩建完毕啦！感谢大家的帮助！,查明威,241069,126,19,1486,168,0,20,36,6,1,3,4,5,6,7,0,0,0,0,0,0,False
131,"法恩娜行星探索计划　圆满完成
**遐想漫天星空，自由度过当下的时光吧！",法恩娜行星探索计划　圆满完成,"在大家的辛勤工作下，法恩娜行星上的所有设施都建设完毕啦！
目前正在寻找下一个要前往的星球，感谢大家迄今为止的努力！",在大家的辛勤工作下，法恩娜行星上的所有设施都建设完毕啦！太感谢各位啦！,查明威,241070,0,0,0,168,0,20,37,0,1,3,4,5,6,7,0,0,0,0,0,0,False
132,"居住舱安装工程支援行动　物资收集中
 **请积极参加探索任务筹备物资吧！",居住舱安装工程支援行动　物资收集中,"为在基地生活的各位建造居住舱，
支援大家工作的计划正在进行中！",我们将为在基地生活的各位建造居住舱，支援大家的工作！,查明威,241072,0,0,0,170,0,0,1,5,1,0,0,0,0,0,0,0,0,0,0,0,False
133,"居住舱安装工程支援行动　联合工程准备中
**请在动工开始前前往集合地点！",居住舱安装工程支援行动　联合工程准备中,"联合工程“居住舱安装工程支援行动”动工时间确定啦！
到时候请务必要来帮忙呀！",联合工程“居住舱安装工程支援行动”动工时间确定啦！到时候一定要来帮忙呀！,查明威,241072,166,1,1451,170,0,0,1,5,1,0,0,0,0,0,0,0,0,0,0,0,False
134,"居住舱安装工程支援行动　联合工程进行中
**请前往大地基地北边积极参与其中吧！",居住舱安装工程支援行动　联合工程进行中,"联合工程“居住舱安装工程支援行动”正在进行中！
请一定要来帮忙呀！",联合工程“居住舱安装工程支援行动”正在进行中！请一定要来帮忙呀！,查明威,241072,0,0,0,170,0,0,2,0,1,0,0,0,0,0,0,0,0,0,0,0,False
135,"居住舱　竣工
**下一项工程尚在计划阶段，请先随意放松一下吧！",居住舱　竣工,"为在基地生活的各位准备的居住舱竣工啦！
相信今后的探索和研究活动会更进一步……感谢大家的帮助！",为在基地生活的各位准备的居住舱竣工啦！感谢大家的帮助！,查明威,241073,166,3,1575,170,0,1,3,6,1,0,0,0,0,0,0,0,0,0,0,7,False
136,"第一次宇宙飞线铺设工程支援行动　物资收集中
 **请积极参加探索任务筹备物资吧！",第一次宇宙飞线铺设工程支援行动　物资收集中,"我们需要在中央平野建设宇宙飞线！
请积极参加探索任务帮忙筹备物资！",我们需要在中央平野建设宇宙飞线！一起筹备物资吧！,查明威,241074,166,4,0,170,0,1,4,5,1,0,0,0,0,0,0,0,0,0,0,0,False
137,"第一次宇宙飞线铺设工程支援行动　施工中
**请静待宇宙飞线铺设完成！",第一次宇宙飞线铺设工程支援行动　施工中,"正在为中央平野铺设宇宙飞线！
竣工之后整体环境将会变得更加便利，请再耐心等待一下！",正在为中央平野铺设宇宙飞线！请静待铺设完成！,查明威,241074,166,5,1452,170,0,1,4,5,1,0,0,0,0,0,0,0,0,0,0,0,False
138,"中央平野线　竣工
**下一项工程尚在计划阶段，请先随意放松一下吧！",中央平野线　竣工,"中央平野线竣工啦！
今后就能更方便前往远处调查了，感谢大家的帮助！",中央平野线竣工啦！感谢大家的帮助！,查明威,241075,166,6,1576,170,0,2,4,6,1,0,0,6,3,4,0,0,0,0,0,8,False
139,"能源设施建设工程支援行动　物资收集中
 **请积极参加探索任务筹备物资吧！",能源设施建设工程支援行动　物资收集中,"为了在基地确保必须的能量和水源
建设发电站和供水站的计划正在进行中！",我们需要建设发电站和供水站！一起筹备物资吧！,查明威,241076,166,7,0,170,0,3,5,5,1,0,0,6,3,4,0,0,0,0,0,0,True
140,"能源设施建设工程支援行动　联合工程准备中
**请在动工开始前前往集合地点！",能源设施建设工程支援行动　联合工程（共2期第1期）准备中,"联合工程“能源设施建设工程支援行动”动工时间确定啦！
到时候请务必要来帮忙呀！",联合工程“能源设施建设工程支援行动”动工时间确定啦！到时候一定要来帮忙呀！,查明威,241076,166,8,1451,170,0,3,5,5,1,0,0,6,3,4,0,0,0,0,0,0,False
141,"能源设施建设工程支援行动　联合工程进行中
**请前往大地基地西边积极参与其中吧！",能源设施建设工程支援行动　联合工程（共2期第1期）进行中,"联合工程“能源设施建设工程支援行动”正在进行中！
请一定要来帮忙呀！",联合工程“能源设施建设工程支援行动”正在进行中！请一定要来帮忙呀！,查明威,241076,0,0,0,170,0,3,5,0,1,0,0,6,3,4,0,0,0,0,0,0,False
142,"供水设施建设工程支援行动　联合工程准备中
**请在动工开始前前往集合地点！",供水设施建设工程支援行动　联合工程（共2期第2期）准备中,"发电站已建成！
接下来轮到供水站了，希望大家能继续来帮忙！",联合工程“供水设施建设工程支援行动”即将动工！请前往动工地点集合！,查明威,241077,166,10,1577,170,0,4,6,6,1,0,0,6,3,4,0,0,0,0,0,0,False
143,"供水设施建设工程支援行动　联合工程进行中
**请前往大地基地西边积极参与其中吧！",供水设施建设工程支援行动　联合工程（共2期第2期）进行中,"联合工程“供水设施建设工程支援行动”正在进行中！
请一定要来帮忙呀！",联合工程“供水设施建设工程支援行动”正在进行中！请一定要来帮忙呀！,查明威,241077,0,0,0,170,0,4,6,0,1,0,0,6,3,4,0,0,0,0,0,10,False
144,"能源设施和供水设施　竣工
**下一项工程尚在计划阶段，请先随意放松一下吧！",发电站和供水站　竣工,"发电站和供水站竣工啦！
还建有实验室，相信今后研究和开发工作会更进一步，感谢大家的帮助！",发电站和供水站竣工啦！感谢大家的帮助！,查明威,241078,166,12,1578,170,0,5,7,6,1,0,0,6,3,4,0,0,0,0,0,0,False
145,"重力控制器安装工程支援行动　物资准备中
 **请积极参加探索任务筹备物资吧！",重力控制器安装工程支援行动　物资准备中,"在锚山上安装重力控制器，对飘在周围的石头进行固定，
建成通往蓝裂幽陆的桥梁的计划正在进行中！",在锚山上安装重力控制器，建成通往蓝裂幽陆的桥梁吧！,查明威,241079,166,13,0,170,0,6,8,5,1,0,0,6,3,4,0,0,0,0,0,0,True
146,"重力控制器安装工程支援行动　联合工程准备中
**请在动工开始前前往集合地点！",重力控制器安装工程支援行动　联合工程准备中,"联合工程“重力控制器安装工程支援行动”动工时间确定啦！
到时候请务必要来帮忙呀！",联合工程“重力控制器安装工程支援行动”动工时间确定啦！到时候一定要来帮忙呀！,查明威,241079,166,14,1451,170,0,6,8,5,1,0,0,6,3,4,0,0,0,0,0,0,False
147,"重力控制器安装工程支援行动　联合工程进行中
**请前往锚山积极参与其中吧！",重力控制器安装工程支援行动　联合工程进行中,"联合工程“重力控制器安装工程支援行动”正在进行中！
请一定要来帮忙呀！",联合工程“重力控制器安装工程支援行动”正在进行中！请一定要来帮忙呀！,查明威,241079,0,0,0,170,0,6,8,0,1,0,0,6,3,4,0,0,0,0,0,0,False
148,"重力控制器　竣工
**下一项工程尚在计划阶段，请先随意放松一下吧！",重力控制器　竣工,"重力控制器安装完工啦！
终于可以开始对蓝裂幽陆的调查了，感谢大家的帮助！",重力控制器安装完工啦！感谢大家的帮助！,查明威,241080,166,16,1579,170,0,7,9,6,1,0,0,6,3,4,0,0,0,0,0,0,False
149,"第二次宇宙飞线铺设工程支援行动　物资收集中
 **请积极参加探索任务筹备物资吧！",第二次宇宙飞线铺设工程支援行动　物资收集中,"我们需要在蓝裂幽陆建设宇宙飞线！
请积极参加探索任务帮忙筹备物资！",我们需要在蓝裂幽陆建设宇宙飞线！一起筹备物资吧！,查明威,241081,166,17,0,170,0,7,10,5,1,0,0,6,3,4,0,0,0,0,0,0,False
150,"第二次宇宙飞线铺设工程支援行动　施工中
**请静待宇宙飞线铺设完成！",第二次宇宙飞线铺设工程支援行动　施工中,"正在为蓝裂幽陆铺设宇宙飞线！
竣工之后整体环境将会变得更加便利，请再耐心等待一下！",正在为蓝裂幽陆铺设宇宙飞线！请静待铺设完成！,查明威,241081,166,18,1452,170,0,7,10,5,1,0,0,6,3,4,0,0,0,0,0,0,False
151,"蓝裂幽陆线　竣工
**下一项工程尚在计划阶段，请先随意放松一下吧！",蓝裂幽陆线　竣工,"蓝裂幽陆线竣工啦！
今后就能更方便前往远处调查了，感谢大家的帮助！",蓝裂幽陆线竣工啦！感谢大家的帮助！,查明威,241082,166,19,1580,170,0,8,10,6,1,0,0,6,3,4,5,0,0,0,0,0,False
152,"大地基地重建工程　物资准备中
 **请积极参加探索任务筹备物资吧！",大地基地重建工程　物资准备中,"为了给基地深处的结晶体自形晶做修复，要对基地进行重建！
说不定能解开曾经生活在这个星球上的先驱者们的谜团！",为了给基地深处的损坏的结晶体自形晶做修复准备，要对基地进行重建！,查明威,241083,166,20,0,170,0,9,11,5,1,0,0,6,3,4,5,0,0,0,0,15,True
153,"大地基地重建工程　联合工程准备中
**请在动工开始前前往集合地点！",大地基地重建工程　联合工程准备中,"联合工程“大地基地重建工程”动工时间确定啦！
到时候请务必要来帮忙呀！",联合工程“大地基地重建工程”动工时间确定啦！到时候一定要来帮忙呀！,查明威,241083,166,21,1451,170,0,9,11,5,1,0,0,6,3,4,5,0,0,0,0,0,False
154,"大地基地重建工程　联合工程进行中
**请前往大地基地积极参与其中吧！",大地基地重建工程　联合工程进行中,"联合工程“大地基地重建工程”正在进行中！
请一定要来帮忙呀！",联合工程“大地基地重建工程”正在进行中！请一定要来帮忙呀！,查明威,241083,0,0,0,170,0,9,11,0,1,0,0,6,3,4,5,0,0,0,0,0,False
155,"大地基地重建工程　竣工
**下一项工程尚在计划阶段，请先随意放松一下吧！",大地基地重建工程　竣工,"大地基地重建完工啦！
接下来的目标就是要让中央设施完全恢复运转！",大地基地重建完工啦！感谢大家的帮助！,查明威,241084,166,23,1581,170,0,10,12,6,2,0,0,6,3,4,5,0,0,0,0,16,False
156,"自形晶修复计划　支援物资准备中
 **请积极参加探索任务筹备支援物资吧！",自形晶修复计划　支援物资准备中,"基地中的结晶体自形晶的表面老化浑浊了！
需要对其进行活化并调整以太的流动性，修复计划正在进行中！",我们需要对基地的中央设施自形晶进行活化修复！,查明威,241085,166,24,0,170,0,11,13,5,2,0,0,6,3,4,5,0,0,0,0,17,True
157,"自形晶修复计划　联合工程准备中
**请在正式开始前前往集合地点！",自形晶修复计划　联合工程准备中,"联合工程“自形晶修复计划”开始时间确定啦！
到时候请务必要来帮忙呀！",联合工程“自形晶修复计划”开始时间确定啦！到时候一定要来帮忙呀！,查明威,241085,166,25,1451,170,0,11,13,5,2,0,0,6,3,4,5,0,0,0,0,0,False
158,"自形晶修复计划　联合工程进行中
**请前往大地基地内的架台积极参与其中吧！",自形晶修复计划　联合工程进行中,"联合工程“自形晶修复计划”正在进行中！
请一定要来帮忙呀！",联合工程“自形晶修复计划”正在进行中！请一定要来帮忙呀！,查明威,241085,0,0,0,170,0,11,13,0,2,0,0,6,3,4,5,0,0,0,0,0,False
159,"自形晶修复计划　圆满完成
**下一项工程尚在计划阶段，请先随意放松一下吧！",自形晶修复计划　圆满完成,"自形晶中央设施的修复完成啦！
接下来研究团队就要开始解析工作了！",自形晶中央设施的修复完成啦！感谢大家的帮助！,查明威,241086,166,27,1582,170,0,12,14,6,2,0,0,6,3,4,5,0,0,0,0,18,False
160,"宇宙港建设工程支援行动　物资准备中
 **请积极参加探索任务筹备物资吧！",宇宙港建设工程支援行动　物资准备中,"为了能将该星球的遗物和矿石更高效地送往亚伊太利斯，
我们需要对宇宙港进行升级！",我们需要对宇宙港进行升级！请帮忙筹备必要物资！,查明威,241087,166,28,0,170,0,13,15,5,2,0,0,6,3,4,5,0,0,0,0,19,True
161,"宇宙港建设工程支援行动　联合工程准备中
**请在动工开始前前往集合地点！",宇宙港建设工程支援行动　联合工程准备中,"联合工程“宇宙港建设工程支援行动”动工时间确定啦！
到时候请务必要来帮忙呀！",联合工程“宇宙港建设工程支援行动”动工时间确定啦！到时候一定要来帮忙呀！,查明威,241087,166,29,1451,170,0,13,15,5,2,0,0,6,3,4,5,0,0,0,0,0,False
162,"宇宙港建设工程支援行动　联合工程进行中
**请前往大地基地北边积极参与其中吧！",宇宙港建设工程支援行动　联合工程进行中,"联合工程“宇宙港建设工程支援行动”正在进行中！
请一定要来帮忙呀！",联合工程“宇宙港建设工程支援行动”正在进行中！请一定要来帮忙呀！,查明威,241087,0,0,0,170,0,13,15,0,2,0,0,6,3,4,5,0,0,0,0,0,False
163,"宇宙港　竣工
**下一项工程尚在计划阶段，请先随意放松一下吧！",宇宙港　竣工,"宇宙港升级完成后，可以将更多研究物资送往亚伊太利斯啦！
相信今后的研究工作一定能有条不紊地推进吧！",宇宙港升级完成啦！感谢大家的帮助！,查明威,241088,166,31,1583,170,0,14,16,6,2,0,0,6,3,4,5,0,0,0,0,20,False
164,"翠核深谷遗迹挖掘计划　支援物资准备中
 **请积极参加探索任务筹备支援物资吧！",翠核深谷遗迹挖掘计划　支援物资准备中,"在翠核深谷发现了疑似遗迹的痕迹！
请协助挖掘计划，帮忙筹备支援物资！",为了方便对在翠核深谷发现的遗迹进行挖掘，请帮忙筹备支援物资！,查明威,241089,166,32,0,170,0,15,17,5,2,0,0,6,3,4,5,0,0,0,0,0,True
165,"翠核深谷遗迹挖掘计划　联合工程准备中
**请在正式开始前前往集合地点！",翠核深谷遗迹挖掘计划　联合工程准备中,"联合工程“翠核深谷遗迹挖掘计划”开始时间确定啦！
到时候请务必要来帮忙呀！",联合工程“翠核深谷遗迹挖掘计划”开始时间确定啦！到时候一定要来帮忙呀！,查明威,241089,166,33,1451,170,0,15,17,5,2,0,0,6,3,4,5,0,0,0,0,0,False
166,"翠核深谷遗迹挖掘计划　联合工程进行中
**请前往翠核深谷积极参与其中吧！",翠核深谷遗迹挖掘计划　联合工程进行中,"联合工程“翠核深谷遗迹挖掘计划”正在进行中！
请一定要来帮忙呀！",联合工程“翠核深谷遗迹挖掘计划”正在进行中！请一定要来帮忙呀！,查明威,241089,0,0,0,170,0,15,17,0,2,0,0,6,3,4,5,0,0,0,0,0,False
167,"翠核深谷遗迹挖掘计划　圆满完成
**下一项工程尚在计划阶段，请先随意放松一下吧！",翠核深谷遗迹挖掘计划　圆满完成,"在翠核深谷进行一番发掘后发现了遗迹入口！
宇宙飞线也已经顺利延长，感谢大家的帮助！",通往翠核深谷的宇宙飞线已经顺利延长啦！感谢大家的帮助！,查明威,241090,166,35,1584,170,0,16,18,6,2,0,0,6,3,4,5,0,0,0,0,0,False
168,"翠核深谷遗迹解锁计划　支援物资准备中
 **请积极参加探索任务筹备支援物资吧！",翠核深谷遗迹解锁计划　支援物资准备中,"想要打开遗迹的大门，似乎需要对入口处的矿石进行活化！
请积极为解锁计划提供帮助！",为了打开翠核深谷遗迹的大门，请帮忙筹备支援物资！,查明威,241091,166,36,0,170,0,17,19,5,2,0,0,6,3,4,5,0,0,0,0,0,True
169,"翠核深谷遗迹解锁计划　联合工程准备中
**请在正式开始前前往集合地点！",翠核深谷遗迹解锁计划　联合工程准备中,"联合工程“翠核深谷遗迹解锁计划”开始时间确定啦！
到时候请务必要来帮忙呀！",联合工程“翠核深谷遗迹解锁计划”开始时间确定啦！到时候一定要来帮忙呀！,查明威,241091,166,37,1451,170,0,17,19,5,2,0,0,6,3,4,5,0,0,0,0,0,False
170,"翠核深谷遗迹解锁计划　联合工程进行中
**请前往翠核深谷遗迹积极参与其中吧！",翠核深谷遗迹解锁计划　联合工程进行中,"联合工程“翠核深谷遗迹解锁计划”正在进行中！
请一定要来帮忙呀！",联合工程“翠核深谷遗迹解锁计划”正在进行中！请一定要来帮忙呀！,查明威,241091,0,0,0,170,0,17,19,0,2,0,0,6,3,4,5,0,0,0,0,0,False
171,"翠核深谷遗迹　解锁完成
**下一项工程尚在计划阶段，请先随意放松一下吧！",翠核深谷遗迹　解锁完成,"成功打开了翠核深谷遗迹的大门！
可以进一步探索里面究竟有什么了！",成功打开了翠核深谷遗迹的大门！感谢大家的帮助！,查明威,241092,166,39,1585,170,0,18,20,6,2,0,0,6,3,4,5,0,0,0,0,0,False
172,"翠核深谷遗迹修复计划　支援物资准备中
 **请积极参加探索任务筹备支援物资吧！",翠核深谷遗迹修复计划　支援物资准备中,"让在翠核深谷遗迹内部发现的结晶体重新运转起来，
修复遗迹，解开先驱者们谜团的计划正在进行中！",我们要让在遗迹内发现的结晶体设施重新运转起来，请帮忙筹备支援物资！,查明威,241093,166,40,0,170,0,19,21,5,2,0,0,6,3,4,5,0,0,0,0,0,True
173,"翠核深谷遗迹修复计划　联合工程准备中
**请在正式开始前前往集合地点！",翠核深谷遗迹修复计划　联合工程准备中,"联合工程“翠核深谷遗迹修复计划”开始时间确定啦！
到时候请务必要来帮忙呀！",联合工程“翠核深谷遗迹修复计划”开始时间确定啦！到时候一定要来帮忙呀！,查明威,241093,166,41,1451,170,0,19,21,5,2,0,0,6,3,4,5,0,0,0,0,0,False
174,"翠核深谷遗迹修复计划　联合工程进行中
**请前往翠核深谷遗迹积极参与其中吧！",翠核深谷遗迹修复计划　联合工程进行中,"联合工程“翠核深谷遗迹修复计划”正在进行中！
请一定要来帮忙呀！",联合工程“翠核深谷遗迹修复计划”正在进行中！请一定要来帮忙呀！,查明威,241093,0,0,0,170,0,19,21,0,2,0,0,6,3,4,5,0,0,0,0,0,False
175,"翠核深谷遗迹　修复完成
**下一项工程尚在计划阶段，请先随意放松一下吧！",翠核深谷遗迹　修复完成,"随着导石修复完成，遗迹内部原本的功能也恢复了！
这下就可以对遗迹深处进行正式的调查啦！",遗迹的导石修复完成啦！感谢大家的帮助！,查明威,241094,166,43,1586,170,0,20,22,6,2,0,0,6,3,4,5,0,0,0,0,0,False
176,"翠核深谷遗迹最深处重启计划　支援物资准备中
 **请积极参加探索任务筹备支援物资吧！",翠核深谷遗迹最深处重启计划　支援物资准备中,"就像之前修复自形晶一样，我们要对遗迹最深处的劣化结晶体
进行活化并调整以太的流动性，修复计划正在进行中！",我们需要对遗迹最深处的劣化结晶体进行活化修复！请帮忙筹备支援物资！,查明威,241095,166,44,0,170,0,21,23,5,2,0,0,6,3,4,5,0,0,0,0,0,True
177,"翠核深谷遗迹最深处重启计划　联合工程准备中
**请在正式开始前前往集合地点！",翠核深谷遗迹最深处重启计划　联合工程准备中,"联合工程“翠核深谷遗迹最深处重启计划”开始时间确定啦！
到时候请务必要来帮忙呀！",联合工程“翠核深谷遗迹最深处重启计划”开始时间确定啦！到时候一定要来帮忙呀！,查明威,241095,166,45,1451,170,0,21,23,5,2,0,0,6,3,4,5,0,0,0,0,0,False
178,"翠核深谷遗迹最深处重启计划　联合工程进行中
**请前往翠核深谷遗迹积极参与其中吧！",翠核深谷遗迹最深处重启计划　联合工程进行中,"联合工程“翠核深谷遗迹最深处重启计划”正在进行中！
请一定要来帮忙呀！",联合工程“翠核深谷遗迹最深处重启计划”正在进行中！请一定要来帮忙呀！,查明威,241095,0,0,0,170,0,21,23,0,2,0,0,6,3,4,5,0,0,0,0,0,False
179,"翠核深谷遗迹最深处　重启完成
**下一项工程尚在计划阶段，请先随意放松一下吧！",翠核深谷遗迹最深处　重启完成,"荒漠地洞遗迹最深处的设施元形晶已经重新开始运转啦！
感谢大家的帮助！",荒漠地洞遗迹的元形晶重新开始运转啦！感谢大家的帮助！,查明威,241096,166,47,1587,170,0,22,24,6,2,0,0,6,3,4,5,0,0,0,0,0,False
180,"第三次宇宙飞线铺设工程支援行动　物资收集中
 **请积极参加探索任务筹备物资吧！",第三次宇宙飞线铺设工程支援行动　物资收集中,"我们需要在翠核深谷内部建设宇宙飞线！
请积极参加探索任务帮忙筹备物资！",我们需要在翠核深谷内部建设宇宙飞线！一起筹备物资吧！,查明威,241097,166,48,0,170,0,22,25,5,2,0,0,6,3,4,5,0,0,0,0,0,False
181,"第三次宇宙飞线铺设工程支援行动　施工中
**请静待宇宙飞线铺设完成！",第三次宇宙飞线铺设工程支援行动　施工中,"正在为翠核深谷内部铺设宇宙飞线！
竣工之后整体环境将会变得更加便利，请再耐心等待一下！",正在为翠核深谷内部铺设宇宙飞线！请静待铺设完成！,查明威,241097,166,49,1452,170,0,22,25,5,2,0,0,6,3,4,5,0,0,0,0,0,False
182,"翠核深谷线　竣工
**下一项工程尚在计划阶段，请先随意放松一下吧！",翠核深谷线　竣工,"翠核深谷线竣工啦！
今后就能更方便前往远处调查了，感谢大家的帮助！",翠核深谷线竣工啦！感谢大家的帮助！,查明威,241098,166,50,1588,170,0,23,25,6,2,0,0,6,3,4,5,0,0,0,0,0,False
183,"大地基地结构强化工程　物资收集中
 **请积极参加探索任务筹备物资吧！",大地基地结构强化工程　物资收集中,"我们需要在总部基地最高处建造通讯设施，方便接收来自翠核深谷遗迹的大量情报！
为了对此进行准备，基地结构强化计划正在进行中！",为了给在总部基地最高处建造通讯设施做准备，我们需要对基地进行结构强化！,查明威,241099,166,51,0,170,0,24,26,5,2,0,0,6,3,4,5,0,0,0,0,30,True
184,"大地基地结构强化工程　联合工程准备中
**请在动工开始前前往集合地点！",大地基地结构强化工程　联合工程准备中,"联合工程“大地基地结构强化工程”动工时间确定啦！
到时候请务必要来帮忙呀！",联合工程“大地基地结构强化工程”动工时间确定啦！到时候一定要来帮忙呀！,查明威,241099,166,52,1451,170,0,24,26,5,2,0,0,6,3,4,5,0,0,0,0,0,False
185,"大地基地结构强化工程　联合工程进行中
**请前往大地基地积极参与其中吧！",大地基地结构强化工程　联合工程进行中,"联合工程“大地基地结构强化工程”正在进行中！
请一定要来帮忙呀！",联合工程“大地基地结构强化工程”正在进行中！请一定要来帮忙呀！,查明威,241099,0,0,0,170,0,24,26,0,2,0,0,6,3,4,5,0,0,0,0,0,False
186,"大地基地结构强化工程　竣工
**下一项工程尚在计划阶段，请先随意放松一下吧！",大地基地结构强化工程　竣工,"成功对总部基地的结构进行了强化！
这下就可以在基地最高处建造通讯设施啦，感谢大家的帮助！",成功对基地结构进行了强化！这下就可以乘坐升降机前往基地上面了！,查明威,241100,166,54,1589,170,0,25,27,6,2,0,0,6,3,4,5,0,0,34,35,31,False
187,"自形晶重启作战　物资收集中
 **请积极参加探索任务筹备物资吧！",自形晶重启作战　物资收集中,"在大地基地最高处建造巨大的通讯设备，
将来自翠核深谷遗迹的数据传送到自形晶的计划正在进行中！",我们需要在大地基地建造巨大的通讯设备！请帮忙筹备必要物资！,查明威,241101,166,55,0,170,0,26,28,5,2,0,0,6,3,4,5,0,0,34,35,0,True
188,"自形晶重启作战　联合工程准备中
**请乘坐升降机前往大地基地最高处集合！",自形晶重启作战　联合工程准备中,"联合工程“自形晶重启作战”动工时间确定啦！
到时候请务必要来帮忙呀！",联合工程“自形晶重启作战”动工时间确定啦！到时候一定要来帮忙呀！,查明威,241101,166,56,1451,170,203,26,28,5,2,0,0,6,3,4,5,0,0,34,35,0,False
189,"自形晶重启作战　联合工程进行中
**请乘坐大地基地的升降机积极前往参加吧！",自形晶重启作战　联合工程进行中,"联合工程“自形晶重启作战”正在进行中！
请一定要乘坐大地基地的升降机来帮忙呀！",联合工程“自形晶重启作战”正在进行中！请一定要来帮忙呀！,查明威,241101,0,0,0,170,203,26,28,0,2,0,0,6,3,4,5,0,0,34,35,0,False
190,"自形晶重启作战　准备完成
**遐想漫天星空，自由度过当下的时光吧！",自形晶重启作战　准备完成,"通讯设备立石塔完工啦！
感谢大家一直以来的帮助！",通讯设备立石塔完工啦！感谢大家一直以来的帮助！,查明威,241102,166,58,1590,170,0,27,29,6,2,0,0,6,3,4,5,0,0,34,35,33,False
191,"俄匊斯行星探索计划　圆满完成
**遐想漫天星空，自由度过当下的时光吧！",俄匊斯行星探索计划　圆满完成,"在大家的辛勤工作下，
行星的调查和解析工作取得了突破性进展！太感谢各位啦！",在大家的辛勤工作下，行星的调查和解析工作取得了突破性进展！太感谢各位啦！,查明威,241103,166,59,0,170,0,27,30,5,2,0,0,6,3,4,5,0,0,34,35,0,False
192,,,,,,0,0,0,0,0,0,0,0,0,0,0,0,0,0,0,0,0,0,0,0,0,False
193,,,,,,0,0,0,0,0,0,0,0,0,0,0,0,0,0,0,0,0,0,0,0,0,False
194,,,,,,0,0,0,0,0,0,0,0,0,0,0,0,0,0,0,0,0,0,0,0,0,False
195,,,,,,0,0,0,0,0,0,0,0,0,0,0,0,0,0,0,0,0,0,0,0,0,False
196,,,,,,0,0,0,0,0,0,0,0,0,0,0,0,0,0,0,0,0,0,0,0,0,False
197,,,,,,0,0,0,0,0,0,0,0,0,0,0,0,0,0,0,0,0,0,0,0,0,False
198,,,,,,0,0,0,0,0,0,0,0,0,0,0,0,0,0,0,0,0,0,0,0,0,False
199,,,,,,0,0,0,0,0,0,0,0,0,0,0,0,0,0,0,0,0,0,0,0,0,False
